datetime,open,high,low,close,volume,openinterest
2024-05-20 09:00:00,2173.0000,2173.0000,2148.8333,2166.8333,228,520
2024-05-20 10:00:00,2166.8333,2166.8333,2128.2667,2160.6667,228,520
2024-05-20 11:00:00,2160.6667,2160.6667,2107.7000,2154.5000,228,520
2024-05-20 13:00:00,2154.5000,2154.5000,2101.5333,2148.3333,228,520
2024-05-20 14:00:00,2148.3333,2148.3333,2109.7667,2142.1667,228,520
2024-05-20 15:00:00,2142.1667,2142.1667,2118.0000,2136.0000,228,520
2024-05-21 09:00:00,2120.0000,2133.0000,2115.0000,2121.3333,249,1041
2024-05-21 10:00:00,2121.3333,2143.6667,2112.3333,2122.6667,249,1041
2024-05-21 11:00:00,2122.6667,2154.3333,2109.6667,2124.0000,249,1041
2024-05-21 13:00:00,2124.0000,2155.6667,2111.0000,2125.3333,249,1041
2024-05-21 14:00:00,2125.3333,2147.6667,2116.3333,2126.6667,249,1041
2024-05-21 15:00:00,2126.6667,2139.6667,2121.6667,2128.0000,249,1041
2024-05-22 09:00:00,2135.0000,2155.8333,2135.0000,2152.5000,314,1225
2024-05-22 10:00:00,2152.5000,2176.0000,2152.5000,2170.0000,314,1225
2024-05-22 11:00:00,2170.0000,2196.1667,2170.0000,2187.5000,314,1225
2024-05-22 13:00:00,2187.5000,2213.6667,2187.5000,2205.0000,314,1225
2024-05-22 14:00:00,2205.0000,2228.5000,2205.0000,2222.5000,314,1225
2024-05-22 15:00:00,2222.5000,2243.3333,2222.5000,2240.0000,314,1225
2024-05-23 09:00:00,2230.0000,2234.0000,2214.5000,2222.1667,378,1757
2024-05-23 10:00:00,2222.1667,2229.3667,2200.5333,2214.3333,378,1757
2024-05-23 11:00:00,2214.3333,2224.7333,2186.5667,2206.5000,378,1757
2024-05-23 13:00:00,2206.5000,2216.9000,2178.7333,2198.6667,378,1757
2024-05-23 14:00:00,2198.6667,2205.8667,2177.0333,2190.8333,378,1757
2024-05-23 15:00:00,2190.8333,2194.8333,2175.3333,2183.0000,378,1757
2024-05-24 09:00:00,2191.0000,2200.6667,2187.0000,2190.3333,339,2221
2024-05-24 10:00:00,2190.3333,2207.7333,2183.6667,2189.6667,339,2221
2024-05-24 11:00:00,2189.6667,2214.8000,2180.3333,2189.0000,339,2221
2024-05-24 13:00:00,2189.0000,2214.1333,2179.6667,2188.3333,339,2221
2024-05-24 14:00:00,2188.3333,2205.7333,2181.6667,2187.6667,339,2221
2024-05-24 15:00:00,2187.6667,2197.3333,2183.6667,2187.0000,339,2221
2024-05-27 09:00:00,2189.0000,2199.5000,2186.6667,2192.8333,179,2187
2024-05-27 10:00:00,2192.8333,2208.6667,2188.6333,2196.6667,179,2187
2024-05-27 11:00:00,2196.6667,2217.8333,2190.6000,2200.5000,179,2187
2024-05-27 13:00:00,2200.5000,2221.6667,2194.4333,2204.3333,179,2187
2024-05-27 14:00:00,2204.3333,2220.1667,2200.1333,2208.1667,179,2187
2024-05-27 15:00:00,2208.1667,2218.6667,2205.8333,2212.0000,179,2187
2024-05-28 09:00:00,2212.0000,2218.0000,2206.1667,2208.5000,205,2292
2024-05-28 10:00:00,2208.5000,2219.3000,2200.8000,2205.0000,205,2292
2024-05-28 11:00:00,2205.0000,2220.6000,2195.4333,2201.5000,205,2292
2024-05-28 13:00:00,2201.5000,2217.1000,2191.9333,2198.0000,205,2292
2024-05-28 14:00:00,2198.0000,2208.8000,2190.3000,2194.5000,205,2292
2024-05-28 15:00:00,2194.5000,2200.5000,2188.6667,2191.0000,205,2292
2024-05-29 09:00:00,2195.0000,2201.5000,2181.0000,2201.5000,232,2160
2024-05-29 10:00:00,2201.5000,2208.0000,2176.3000,2208.0000,232,2160
2024-05-29 11:00:00,2208.0000,2214.5000,2171.6000,2214.5000,232,2160
2024-05-29 13:00:00,2214.5000,2221.0000,2178.1000,2221.0000,232,2160
2024-05-29 14:00:00,2221.0000,2227.5000,2195.8000,2227.5000,232,2160
2024-05-29 15:00:00,2227.5000,2234.0000,2213.5000,2234.0000,232,2160
2024-05-30 09:00:00,2225.0000,2232.3333,2214.5000,2215.8333,244,2316
2024-05-30 10:00:00,2215.8333,2229.0333,2204.2667,2206.6667,244,2316
2024-05-30 11:00:00,2206.6667,2225.7333,2194.0333,2197.5000,244,2316
2024-05-30 13:00:00,2197.5000,2216.5667,2184.8667,2188.3333,244,2316
2024-05-30 14:00:00,2188.3333,2201.5333,2176.7667,2179.1667,244,2316
2024-05-30 15:00:00,2179.1667,2186.5000,2168.6667,2170.0000,244,2316
2024-05-31 09:00:00,2169.0000,2178.3333,2161.8333,2166.5000,191,2500
2024-05-31 10:00:00,2166.5000,2183.3000,2155.6000,2164.0000,191,2500
2024-05-31 11:00:00,2164.0000,2188.2667,2149.3667,2161.5000,191,2500
2024-05-31 13:00:00,2161.5000,2185.7667,2146.8667,2159.0000,191,2500
2024-05-31 14:00:00,2159.0000,2175.8000,2148.1000,2156.5000,191,2500
2024-05-31 15:00:00,2156.5000,2165.8333,2149.3333,2154.0000,191,2500
2024-06-03 09:00:00,2150.0000,2155.0000,2133.3333,2133.3333,405,3191
2024-06-03 10:00:00,2133.3333,2142.3333,2116.6667,2116.6667,405,3191
2024-06-03 11:00:00,2116.6667,2129.6667,2100.0000,2100.0000,405,3191
2024-06-03 13:00:00,2100.0000,2113.0000,2083.3333,2083.3333,405,3191
2024-06-03 14:00:00,2083.3333,2092.3333,2066.6667,2066.6667,405,3191
2024-06-03 15:00:00,2066.6667,2071.6667,2050.0000,2050.0000,405,3191
2024-06-04 09:00:00,2053.0000,2064.1667,2052.0000,2058.8333,239,3539
2024-06-04 10:00:00,2058.8333,2074.2667,2057.0333,2064.6667,239,3539
2024-06-04 11:00:00,2064.6667,2084.3667,2062.0667,2070.5000,239,3539
2024-06-04 13:00:00,2070.5000,2090.2000,2067.9000,2076.3333,239,3539
2024-06-04 14:00:00,2076.3333,2091.7667,2074.5333,2082.1667,239,3539
2024-06-04 15:00:00,2082.1667,2093.3333,2081.1667,2088.0000,239,3539
2024-06-05 09:00:00,2084.0000,2085.0000,2076.1667,2078.5000,268,3907
2024-06-05 10:00:00,2078.5000,2080.3000,2068.8000,2073.0000,268,3907
2024-06-05 11:00:00,2073.0000,2075.6000,2061.4333,2067.5000,268,3907
2024-06-05 13:00:00,2067.5000,2070.1000,2055.9333,2062.0000,268,3907
2024-06-05 14:00:00,2062.0000,2063.8000,2052.3000,2056.5000,268,3907
2024-06-05 15:00:00,2056.5000,2057.5000,2048.6667,2051.0000,268,3907
2024-06-06 09:00:00,2062.0000,2065.6667,2050.6667,2061.6667,517,4986
2024-06-06 10:00:00,2061.6667,2068.2667,2041.5333,2061.3333,517,4986
2024-06-06 11:00:00,2061.3333,2070.8667,2032.4000,2061.0000,517,4986
2024-06-06 13:00:00,2061.0000,2070.5333,2032.0667,2060.6667,517,4986
2024-06-06 14:00:00,2060.6667,2067.2667,2040.5333,2060.3333,517,4986
2024-06-06 15:00:00,2060.3333,2064.0000,2049.0000,2060.0000,517,4986
2024-06-07 09:00:00,2050.0000,2074.3333,2047.6667,2050.6667,647,6000
2024-06-07 10:00:00,2050.6667,2093.9333,2046.4667,2051.3333,647,6000
2024-06-07 11:00:00,2051.3333,2113.5333,2045.2667,2052.0000,647,6000
2024-06-07 13:00:00,2052.0000,2114.2000,2045.9333,2052.6667,647,6000
2024-06-07 14:00:00,2052.6667,2095.9333,2048.4667,2053.3333,647,6000
2024-06-07 15:00:00,2053.3333,2077.6667,2051.0000,2054.0000,647,6000
2024-06-11 09:00:00,2036.0000,2047.3333,2026.6667,2033.3333,694,7980
2024-06-11 10:00:00,2033.3333,2053.7333,2018.6667,2030.6667,694,7980
2024-06-11 11:00:00,2030.6667,2060.1333,2010.6667,2028.0000,694,7980
2024-06-11 13:00:00,2028.0000,2057.4667,2008.0000,2025.3333,694,7980
2024-06-11 14:00:00,2025.3333,2045.7333,2010.6667,2022.6667,694,7980
2024-06-11 15:00:00,2022.6667,2034.0000,2013.3333,2020.0000,694,7980
2024-06-12 09:00:00,2020.0000,2027.8333,2015.6667,2021.5000,364,8468
2024-06-12 10:00:00,2021.5000,2034.4000,2013.7000,2023.0000,364,8468
2024-06-12 11:00:00,2023.0000,2040.9667,2011.7333,2024.5000,364,8468
2024-06-12 13:00:00,2024.5000,2042.4667,2013.2333,2026.0000,364,8468
2024-06-12 14:00:00,2026.0000,2038.9000,2018.2000,2027.5000,364,8468
2024-06-12 15:00:00,2027.5000,2035.3333,2023.1667,2029.0000,364,8468
2024-06-13 09:00:00,2035.0000,2040.0000,2023.5000,2033.1667,445,9260
2024-06-13 10:00:00,2033.1667,2042.1667,2013.9333,2031.3333,445,9260
2024-06-13 11:00:00,2031.3333,2044.3333,2004.3667,2029.5000,445,9260
2024-06-13 13:00:00,2029.5000,2042.5000,2002.5333,2027.6667,445,9260
2024-06-13 14:00:00,2027.6667,2036.6667,2008.4333,2025.8333,445,9260
2024-06-13 15:00:00,2025.8333,2030.8333,2014.3333,2024.0000,445,9260
2024-06-14 09:00:00,2031.0000,2037.3333,2024.3333,2032.0000,450,9907
2024-06-14 10:00:00,2032.0000,2042.6000,2020.0000,2033.0000,450,9907
2024-06-14 11:00:00,2033.0000,2047.8667,2015.6667,2034.0000,450,9907
2024-06-14 13:00:00,2034.0000,2048.8667,2016.6667,2035.0000,450,9907
2024-06-14 14:00:00,2035.0000,2045.6000,2023.0000,2036.0000,450,9907
2024-06-14 15:00:00,2036.0000,2042.3333,2029.3333,2037.0000,450,9907
2024-06-17 09:00:00,2037.0000,2040.6667,2028.1667,2033.5000,520,10731
2024-06-17 10:00:00,2033.5000,2040.1000,2020.4000,2030.0000,520,10731
2024-06-17 11:00:00,2030.0000,2039.5333,2012.6333,2026.5000,520,10731
2024-06-17 13:00:00,2026.5000,2036.0333,2009.1333,2023.0000,520,10731
2024-06-17 14:00:00,2023.0000,2029.6000,2009.9000,2019.5000,520,10731
2024-06-17 15:00:00,2019.5000,2023.1667,2010.6667,2016.0000,520,10731
2024-06-18 09:00:00,2007.0000,2016.6667,2003.5000,2004.8333,407,11138
2024-06-18 10:00:00,2004.8333,2022.2333,2000.2667,2002.6667,407,11138
2024-06-18 11:00:00,2002.6667,2027.8000,1997.0333,2000.5000,407,11138
2024-06-18 13:00:00,2000.5000,2025.6333,1994.8667,1998.3333,407,11138
2024-06-18 14:00:00,1998.3333,2015.7333,1993.7667,1996.1667,407,11138
2024-06-18 15:00:00,1996.1667,2005.8333,1992.6667,1994.0000,407,11138
2024-06-19 09:00:00,1993.0000,1997.1667,1989.6667,1993.5000,369,11805
2024-06-19 10:00:00,1993.5000,2000.6000,1987.5000,1994.0000,369,11805
2024-06-19 11:00:00,1994.0000,2004.0333,1985.3333,1994.5000,369,11805
2024-06-19 13:00:00,1994.5000,2004.5333,1985.8333,1995.0000,369,11805
2024-06-19 14:00:00,1995.0000,2002.1000,1989.0000,1995.5000,369,11805
2024-06-19 15:00:00,1995.5000,1999.6667,1992.1667,1996.0000,369,11805
2024-06-20 09:00:00,1997.0000,2007.1667,1993.0000,2004.1667,344,12176
2024-06-20 10:00:00,2004.1667,2016.7333,1996.9667,2011.3333,344,12176
2024-06-20 11:00:00,2011.3333,2026.3000,2000.9333,2018.5000,344,12176
2024-06-20 13:00:00,2018.5000,2033.4667,2008.1000,2025.6667,344,12176
2024-06-20 14:00:00,2025.6667,2038.2333,2018.4667,2032.8333,344,12176
2024-06-20 15:00:00,2032.8333,2043.0000,2028.8333,2040.0000,344,12176
2024-06-21 09:00:00,2043.0000,2055.5000,2040.0000,2043.8333,487,12519
2024-06-21 10:00:00,2043.8333,2065.6667,2038.4333,2044.6667,487,12519
2024-06-21 11:00:00,2044.6667,2075.8333,2036.8667,2045.5000,487,12519
2024-06-21 13:00:00,2045.5000,2076.6667,2037.7000,2046.3333,487,12519
2024-06-21 14:00:00,2046.3333,2068.1667,2040.9333,2047.1667,487,12519
2024-06-21 15:00:00,2047.1667,2059.6667,2044.1667,2048.0000,487,12519
2024-06-24 09:00:00,2038.0000,2042.0000,2026.8333,2028.5000,569,13504
2024-06-24 10:00:00,2028.5000,2035.7000,2016.0000,2019.0000,569,13504
2024-06-24 11:00:00,2019.0000,2029.4000,2005.1667,2009.5000,569,13504
2024-06-24 13:00:00,2009.5000,2019.9000,1995.6667,2000.0000,569,13504
2024-06-24 14:00:00,2000.0000,2007.2000,1987.5000,1990.5000,569,13504
2024-06-24 15:00:00,1990.5000,1994.5000,1979.3333,1981.0000,569,13504
2024-06-25 09:00:00,1986.0000,1986.3333,1976.8333,1984.1667,415,14076
2024-06-25 10:00:00,1984.1667,1984.7667,1969.1333,1982.3333,415,14076
2024-06-25 11:00:00,1982.3333,1983.2000,1961.4333,1980.5000,415,14076
2024-06-25 13:00:00,1980.5000,1981.3667,1959.6000,1978.6667,415,14076
2024-06-25 14:00:00,1978.6667,1979.2667,1963.6333,1976.8333,415,14076
2024-06-25 15:00:00,1976.8333,1977.1667,1967.6667,1975.0000,415,14076
2024-06-26 09:00:00,1980.0000,1986.6667,1975.0000,1985.3333,365,14241
2024-06-26 10:00:00,1985.3333,1993.0667,1976.3333,1990.6667,365,14241
2024-06-26 11:00:00,1990.6667,1999.4667,1977.6667,1996.0000,365,14241
2024-06-26 13:00:00,1996.0000,2004.8000,1983.0000,2001.3333,365,14241
2024-06-26 14:00:00,2001.3333,2009.0667,1992.3333,2006.6667,365,14241
2024-06-26 15:00:00,2006.6667,2013.3333,2001.6667,2012.0000,365,14241
2024-06-27 09:00:00,2012.0000,2013.0000,2005.6667,2006.0000,292,14768
2024-06-27 10:00:00,2006.0000,2007.8000,1999.4000,2000.0000,292,14768
2024-06-27 11:00:00,2000.0000,2002.6000,1993.1333,1994.0000,292,14768
2024-06-27 13:00:00,1994.0000,1996.6000,1987.1333,1988.0000,292,14768
2024-06-27 14:00:00,1988.0000,1989.8000,1981.4000,1982.0000,292,14768
2024-06-27 15:00:00,1982.0000,1983.0000,1975.6667,1976.0000,292,14768
2024-06-28 09:00:00,1985.0000,1995.3333,1980.3333,1993.6667,410,14732
2024-06-28 10:00:00,1993.6667,2005.3333,1985.2667,2002.3333,410,14732
2024-06-28 11:00:00,2002.3333,2015.3333,1990.2000,2011.0000,410,14732
2024-06-28 13:00:00,2011.0000,2024.0000,1998.8667,2019.6667,410,14732
2024-06-28 14:00:00,2019.6667,2031.3333,2011.2667,2028.3333,410,14732
2024-06-28 15:00:00,2028.3333,2038.6667,2023.6667,2037.0000,410,14732
2024-07-01 09:00:00,2041.0000,2053.8333,2034.0000,2042.8333,715,15200
2024-07-01 10:00:00,2042.8333,2064.4667,2030.2333,2044.6667,715,15200
2024-07-01 11:00:00,2044.6667,2075.1000,2026.4667,2046.5000,715,15200
2024-07-01 13:00:00,2046.5000,2076.9333,2028.3000,2048.3333,715,15200
2024-07-01 14:00:00,2048.3333,2069.9667,2035.7333,2050.1667,715,15200
2024-07-01 15:00:00,2050.1667,2063.0000,2043.1667,2052.0000,715,15200
2024-07-02 09:00:00,2053.0000,2060.0000,2052.0000,2057.0000,528,15529
2024-07-02 10:00:00,2057.0000,2066.4000,2055.2000,2061.0000,528,15529
2024-07-02 11:00:00,2061.0000,2072.8000,2058.4000,2065.0000,528,15529
2024-07-02 13:00:00,2065.0000,2076.8000,2062.4000,2069.0000,528,15529
2024-07-02 14:00:00,2069.0000,2078.4000,2067.2000,2073.0000,528,15529
2024-07-02 15:00:00,2073.0000,2080.0000,2072.0000,2077.0000,528,15529
2024-07-03 09:00:00,2087.0000,2088.3333,2079.0000,2085.3333,448,15532
2024-07-03 10:00:00,2085.3333,2087.7333,2072.2667,2083.6667,448,15532
2024-07-03 11:00:00,2083.6667,2087.1333,2065.5333,2082.0000,448,15532
2024-07-03 13:00:00,2082.0000,2085.4667,2063.8667,2080.3333,448,15532
2024-07-03 14:00:00,2080.3333,2082.7333,2067.2667,2078.6667,448,15532
2024-07-03 15:00:00,2078.6667,2080.0000,2070.6667,2077.0000,448,15532
2024-07-04 09:00:00,2078.0000,2086.5000,2074.0000,2079.1667,734,15797
2024-07-04 10:00:00,2079.1667,2093.5333,2071.9667,2080.3333,734,15797
2024-07-04 11:00:00,2080.3333,2100.5667,2069.9333,2081.5000,734,15797
2024-07-04 13:00:00,2081.5000,2101.7333,2071.1000,2082.6667,734,15797
2024-07-04 14:00:00,2082.6667,2097.0333,2075.4667,2083.8333,734,15797
2024-07-04 15:00:00,2083.8333,2092.3333,2079.8333,2085.0000,734,15797
2024-07-05 09:00:00,2084.0000,2089.0000,2073.3333,2074.6667,769,15974
2024-07-05 10:00:00,2074.6667,2083.6667,2062.9333,2065.3333,769,15974
2024-07-05 11:00:00,2065.3333,2078.3333,2052.5333,2056.0000,769,15974
2024-07-05 13:00:00,2056.0000,2069.0000,2043.2000,2046.6667,769,15974
2024-07-05 14:00:00,2046.6667,2055.6667,2034.9333,2037.3333,769,15974
2024-07-05 15:00:00,2037.3333,2042.3333,2026.6667,2028.0000,769,15974
2024-07-08 09:00:00,2032.0000,2037.6667,2024.0000,2024.6667,1128,18058
2024-07-08 10:00:00,2024.6667,2034.8667,2016.1333,2017.3333,1128,18058
2024-07-08 11:00:00,2017.3333,2032.0667,2008.2667,2010.0000,1128,18058
2024-07-08 13:00:00,2010.0000,2024.7333,2000.9333,2002.6667,1128,18058
2024-07-08 14:00:00,2002.6667,2012.8667,1994.1333,1995.3333,1128,18058
2024-07-08 15:00:00,1995.3333,2001.0000,1987.3333,1988.0000,1128,18058
2024-07-09 09:00:00,1990.0000,1994.0000,1982.3333,1990.3333,914,18791
2024-07-09 10:00:00,1990.3333,1997.2667,1976.5333,1990.6667,914,18791
2024-07-09 11:00:00,1990.6667,2000.5333,1970.7333,1991.0000,914,18791
2024-07-09 13:00:00,1991.0000,2000.8667,1971.0667,1991.3333,914,18791
2024-07-09 14:00:00,1991.3333,1998.2667,1977.5333,1991.6667,914,18791
2024-07-09 15:00:00,1991.6667,1995.6667,1984.0000,1992.0000,914,18791
2024-07-10 09:00:00,1992.0000,1994.3333,1979.5000,1981.1667,1346,19685
2024-07-10 10:00:00,1981.1667,1985.3667,1967.3333,1970.3333,1346,19685
2024-07-10 11:00:00,1970.3333,1976.4000,1955.1667,1959.5000,1346,19685
2024-07-10 13:00:00,1959.5000,1965.5667,1944.3333,1948.6667,1346,19685
2024-07-10 14:00:00,1948.6667,1952.8667,1934.8333,1937.8333,1346,19685
2024-07-10 15:00:00,1937.8333,1940.1667,1925.3333,1927.0000,1346,19685
2024-07-11 09:00:00,1936.0000,1940.5000,1930.6667,1936.8333,839,19461
2024-07-11 10:00:00,1936.8333,1944.2667,1927.2333,1937.6667,839,19461
2024-07-11 11:00:00,1937.6667,1948.0333,1923.8000,1938.5000,839,19461
2024-07-11 13:00:00,1938.5000,1948.8667,1924.6333,1939.3333,839,19461
2024-07-11 14:00:00,1939.3333,1946.7667,1929.7333,1940.1667,839,19461
2024-07-11 15:00:00,1940.1667,1944.6667,1934.8333,1941.0000,839,19461
2024-07-12 09:00:00,1945.0000,1951.0000,1940.1667,1944.5000,1072,21164
2024-07-12 10:00:00,1944.5000,1955.3000,1936.2000,1944.0000,1072,21164
2024-07-12 11:00:00,1944.0000,1959.6000,1932.2333,1943.5000,1072,21164
2024-07-12 13:00:00,1943.5000,1959.1000,1931.7333,1943.0000,1072,21164
2024-07-12 14:00:00,1943.0000,1953.8000,1934.7000,1942.5000,1072,21164
2024-07-12 15:00:00,1942.5000,1948.5000,1937.6667,1942.0000,1072,21164
2024-07-15 09:00:00,1939.0000,1948.6667,1930.1667,1938.1667,1228,22576
2024-07-15 10:00:00,1938.1667,1955.5667,1922.9333,1937.3333,1228,22576
2024-07-15 11:00:00,1937.3333,1962.4667,1915.7000,1936.5000,1228,22576
2024-07-15 13:00:00,1936.5000,1961.6333,1914.8667,1935.6667,1228,22576
2024-07-15 14:00:00,1935.6667,1953.0667,1920.4333,1934.8333,1228,22576
2024-07-15 15:00:00,1934.8333,1944.5000,1926.0000,1934.0000,1228,22576
2024-07-16 09:00:00,1925.0000,1927.6667,1918.5000,1922.1667,941,23639
2024-07-16 10:00:00,1922.1667,1926.9667,1912.7333,1919.3333,941,23639
2024-07-16 11:00:00,1919.3333,1926.2667,1906.9667,1916.5000,941,23639
2024-07-16 13:00:00,1916.5000,1923.4333,1904.1333,1913.6667,941,23639
2024-07-16 14:00:00,1913.6667,1918.4667,1904.2333,1910.8333,941,23639
2024-07-16 15:00:00,1910.8333,1913.5000,1904.3333,1908.0000,941,23639
2024-07-17 09:00:00,1900.0000,1910.5000,1895.3333,1900.1667,1291,24889
2024-07-17 10:00:00,1900.1667,1918.9333,1891.7667,1900.3333,1291,24889
2024-07-17 11:00:00,1900.3333,1927.3667,1888.2000,1900.5000,1291,24889
2024-07-17 13:00:00,1900.5000,1927.5333,1888.3667,1900.6667,1291,24889
2024-07-17 14:00:00,1900.6667,1919.4333,1892.2667,1900.8333,1291,24889
2024-07-17 15:00:00,1900.8333,1911.3333,1896.1667,1901.0000,1291,24889
2024-07-18 09:00:00,1909.0000,1909.3333,1897.3333,1908.0000,1271,26656
2024-07-18 10:00:00,1908.0000,1908.6000,1887.8000,1907.0000,1271,26656
2024-07-18 11:00:00,1907.0000,1907.8667,1878.2667,1906.0000,1271,26656
2024-07-18 13:00:00,1906.0000,1906.8667,1877.2667,1905.0000,1271,26656
2024-07-18 14:00:00,1905.0000,1905.6000,1884.8000,1904.0000,1271,26656
2024-07-18 15:00:00,1904.0000,1904.3333,1892.3333,1903.0000,1271,26656
2024-07-19 09:00:00,1900.0000,1910.6667,1897.1667,1898.8333,1496,28050
2024-07-19 10:00:00,1898.8333,1918.0333,1894.6667,1897.6667,1496,28050
2024-07-19 11:00:00,1897.6667,1925.4000,1892.1667,1896.5000,1496,28050
2024-07-19 13:00:00,1896.5000,1924.2333,1891.0000,1895.3333,1496,28050
2024-07-19 14:00:00,1895.3333,1914.5333,1891.1667,1894.1667,1496,28050
2024-07-19 15:00:00,1894.1667,1904.8333,1891.3333,1893.0000,1496,28050
2024-07-22 09:00:00,1890.0000,1896.0000,1886.6667,1887.3333,1425,30590
2024-07-22 10:00:00,1887.3333,1898.1333,1883.4667,1884.6667,1425,30590
2024-07-22 11:00:00,1884.6667,1900.2667,1880.2667,1882.0000,1425,30590
2024-07-22 13:00:00,1882.0000,1897.6000,1877.6000,1879.3333,1425,30590
2024-07-22 14:00:00,1879.3333,1890.1333,1875.4667,1876.6667,1425,30590
2024-07-22 15:00:00,1876.6667,1882.6667,1873.3333,1874.0000,1425,30590
2024-07-23 09:00:00,1870.0000,1874.6667,1866.5000,1867.5000,1298,32559
2024-07-23 10:00:00,1867.5000,1875.9000,1863.2000,1865.0000,1298,32559
2024-07-23 11:00:00,1865.0000,1877.1333,1859.9000,1862.5000,1298,32559
2024-07-23 13:00:00,1862.5000,1874.6333,1857.4000,1860.0000,1298,32559
2024-07-23 14:00:00,1860.0000,1868.4000,1855.7000,1857.5000,1298,32559
2024-07-23 15:00:00,1857.5000,1862.1667,1854.0000,1855.0000,1298,32559
2024-07-24 09:00:00,1858.0000,1863.0000,1855.3333,1859.3333,969,33734
2024-07-24 10:00:00,1859.3333,1867.2667,1854.5333,1860.6667,969,33734
2024-07-24 11:00:00,1860.6667,1871.5333,1853.7333,1862.0000,969,33734
2024-07-24 13:00:00,1862.0000,1872.8667,1855.0667,1863.3333,969,33734
2024-07-24 14:00:00,1863.3333,1871.2667,1858.5333,1864.6667,969,33734
2024-07-24 15:00:00,1864.6667,1869.6667,1862.0000,1866.0000,969,33734
2024-07-25 09:00:00,1873.0000,1873.6667,1865.5000,1868.5000,1273,35572
2024-07-25 10:00:00,1868.5000,1869.7000,1858.6000,1864.0000,1273,35572
2024-07-25 11:00:00,1864.0000,1865.7333,1851.7000,1859.5000,1273,35572
2024-07-25 13:00:00,1859.5000,1861.2333,1847.2000,1855.0000,1273,35572
2024-07-25 14:00:00,1855.0000,1856.2000,1845.1000,1850.5000,1273,35572
2024-07-25 15:00:00,1850.5000,1851.1667,1843.0000,1846.0000,1273,35572
2024-07-26 09:00:00,1844.0000,1853.3333,1841.3333,1841.6667,1099,36804
2024-07-26 10:00:00,1841.6667,1858.4667,1838.7333,1839.3333,1099,36804
2024-07-26 11:00:00,1839.3333,1863.6000,1836.1333,1837.0000,1099,36804
2024-07-26 13:00:00,1837.0000,1861.2667,1833.8000,1834.6667,1099,36804
2024-07-26 14:00:00,1834.6667,1851.4667,1831.7333,1832.3333,1099,36804
2024-07-26 15:00:00,1832.3333,1841.6667,1829.6667,1830.0000,1099,36804
2024-07-29 09:00:00,1826.0000,1827.6667,1818.3333,1819.3333,3170,44145
2024-07-29 10:00:00,1819.3333,1822.3333,1810.8667,1812.6667,3170,44145
2024-07-29 11:00:00,1812.6667,1817.0000,1803.4000,1806.0000,3170,44145
2024-07-29 13:00:00,1806.0000,1810.3333,1796.7333,1799.3333,3170,44145
2024-07-29 14:00:00,1799.3333,1802.3333,1790.8667,1792.6667,3170,44145
2024-07-29 15:00:00,1792.6667,1794.3333,1785.0000,1786.0000,3170,44145
2024-07-30 09:00:00,1786.0000,1788.6667,1779.1667,1780.8333,1916,46041
2024-07-30 10:00:00,1780.8333,1785.6333,1772.6667,1775.6667,1916,46041
2024-07-30 11:00:00,1775.6667,1782.6000,1766.1667,1770.5000,1916,46041
2024-07-30 13:00:00,1770.5000,1777.4333,1761.0000,1765.3333,1916,46041
2024-07-30 14:00:00,1765.3333,1770.1333,1757.1667,1760.1667,1916,46041
2024-07-30 15:00:00,1760.1667,1762.8333,1753.3333,1755.0000,1916,46041
2024-07-31 09:00:00,1753.0000,1764.6667,1744.3333,1757.0000,3022,47911
2024-07-31 10:00:00,1757.0000,1774.8000,1741.4000,1761.0000,3022,47911
2024-07-31 11:00:00,1761.0000,1784.9333,1738.4667,1765.0000,3022,47911
2024-07-31 13:00:00,1765.0000,1788.9333,1742.4667,1769.0000,3022,47911
2024-07-31 14:00:00,1769.0000,1786.8000,1753.4000,1773.0000,3022,47911
2024-07-31 15:00:00,1773.0000,1784.6667,1764.3333,1777.0000,3022,47911
2024-08-01 09:00:00,1785.0000,1796.6667,1777.5000,1781.8333,5784,59375
2024-08-01 10:00:00,1781.8333,1802.8333,1770.8667,1778.6667,5784,59375
2024-08-01 11:00:00,1778.6667,1809.0000,1764.2333,1775.5000,5784,59375
2024-08-01 13:00:00,1775.5000,1805.8333,1761.0667,1772.3333,5784,59375
2024-08-01 14:00:00,1772.3333,1793.3333,1761.3667,1769.1667,5784,59375
2024-08-01 15:00:00,1769.1667,1780.8333,1761.6667,1766.0000,5784,59375
2024-08-02 09:00:00,1765.0000,1775.8333,1759.6667,1774.8333,4791,65940
2024-08-02 10:00:00,1774.8333,1786.4667,1765.2333,1784.6667,4791,65940
2024-08-02 11:00:00,1784.6667,1797.1000,1770.8000,1794.5000,4791,65940
2024-08-02 13:00:00,1794.5000,1806.9333,1780.6333,1804.3333,4791,65940
2024-08-02 14:00:00,1804.3333,1815.9667,1794.7333,1814.1667,4791,65940
2024-08-02 15:00:00,1814.1667,1825.0000,1808.8333,1824.0000,4791,65940
2024-08-05 09:00:00,1820.0000,1828.0000,1809.6667,1817.0000,7863,76414
2024-08-05 10:00:00,1817.0000,1831.4000,1800.8000,1814.0000,7863,76414
2024-08-05 11:00:00,1814.0000,1834.8000,1791.9333,1811.0000,7863,76414
2024-08-05 13:00:00,1811.0000,1831.8000,1788.9333,1808.0000,7863,76414
2024-08-05 14:00:00,1808.0000,1822.4000,1791.8000,1805.0000,7863,76414
2024-08-05 15:00:00,1805.0000,1813.0000,1794.6667,1802.0000,7863,76414
2024-08-06 09:00:00,1785.0000,1798.3333,1780.8333,1781.8333,4351,84095
2024-08-06 10:00:00,1781.8333,1805.8333,1776.8667,1778.6667,4351,84095
2024-08-06 11:00:00,1778.6667,1813.3333,1772.9000,1775.5000,4351,84095
2024-08-06 13:00:00,1775.5000,1810.1667,1769.7333,1772.3333,4351,84095
2024-08-06 14:00:00,1772.3333,1796.3333,1767.3667,1769.1667,4351,84095
2024-08-06 15:00:00,1769.1667,1782.5000,1765.0000,1766.0000,4351,84095
2024-08-07 09:00:00,1760.0000,1767.5000,1757.0000,1760.8333,3552,90142
2024-08-07 10:00:00,1760.8333,1773.6667,1755.4333,1761.6667,3552,90142
2024-08-07 11:00:00,1761.6667,1779.8333,1753.8667,1762.5000,3552,90142
2024-08-07 13:00:00,1762.5000,1780.6667,1754.7000,1763.3333,3552,90142
2024-08-07 14:00:00,1763.3333,1776.1667,1757.9333,1764.1667,3552,90142
2024-08-07 15:00:00,1764.1667,1771.6667,1761.1667,1765.0000,3552,90142
2024-08-08 09:00:00,1768.0000,1774.8333,1764.3333,1768.8333,4619,101481
2024-08-08 10:00:00,1768.8333,1780.4667,1762.2333,1769.6667,4619,101481
2024-08-08 11:00:00,1769.6667,1786.1000,1760.1333,1770.5000,4619,101481
2024-08-08 13:00:00,1770.5000,1786.9333,1760.9667,1771.3333,4619,101481
2024-08-08 14:00:00,1771.3333,1782.9667,1764.7333,1772.1667,4619,101481
2024-08-08 15:00:00,1772.1667,1779.0000,1768.5000,1773.0000,4619,101481
2024-08-09 09:00:00,1775.0000,1785.6667,1772.3333,1772.6667,4857,109646
2024-08-09 10:00:00,1772.6667,1791.8667,1769.7333,1770.3333,4857,109646
2024-08-09 11:00:00,1770.3333,1798.0667,1767.1333,1768.0000,4857,109646
2024-08-09 13:00:00,1768.0000,1795.7333,1764.8000,1765.6667,4857,109646
2024-08-09 14:00:00,1765.6667,1784.8667,1762.7333,1763.3333,4857,109646
2024-08-09 15:00:00,1763.3333,1774.0000,1760.6667,1761.0000,4857,109646
2024-08-12 09:00:00,1763.0000,1765.0000,1750.1667,1755.8333,6452,123735
2024-08-12 10:00:00,1755.8333,1759.4333,1738.4667,1748.6667,6452,123735
2024-08-12 11:00:00,1748.6667,1753.8667,1726.7667,1741.5000,6452,123735
2024-08-12 13:00:00,1741.5000,1746.7000,1719.6000,1734.3333,6452,123735
2024-08-12 14:00:00,1734.3333,1737.9333,1716.9667,1727.1667,6452,123735
2024-08-12 15:00:00,1727.1667,1729.1667,1714.3333,1720.0000,6452,123735
2024-08-13 09:00:00,1723.0000,1723.0000,1715.0000,1717.3333,6072,138173
2024-08-13 10:00:00,1717.3333,1717.3333,1707.4667,1711.6667,6072,138173
2024-08-13 11:00:00,1711.6667,1711.6667,1699.9333,1706.0000,6072,138173
2024-08-13 13:00:00,1706.0000,1706.0000,1694.2667,1700.3333,6072,138173
2024-08-13 14:00:00,1700.3333,1700.3333,1690.4667,1694.6667,6072,138173
2024-08-13 15:00:00,1694.6667,1694.6667,1686.6667,1689.0000,6072,138173
2024-08-14 09:00:00,1684.0000,1685.3333,1666.0000,1673.0000,8497,149152
2024-08-14 10:00:00,1673.0000,1675.4000,1649.4000,1662.0000,8497,149152
2024-08-14 11:00:00,1662.0000,1665.4667,1632.8000,1651.0000,8497,149152
2024-08-14 13:00:00,1651.0000,1654.4667,1621.8000,1640.0000,8497,149152
2024-08-14 14:00:00,1640.0000,1642.4000,1616.4000,1629.0000,8497,149152
2024-08-14 15:00:00,1629.0000,1630.3333,1611.0000,1618.0000,8497,149152
2024-08-15 09:00:00,1614.0000,1617.6667,1604.0000,1614.3333,6861,157205
2024-08-15 10:00:00,1614.3333,1620.6667,1596.3333,1614.6667,6861,157205
2024-08-15 11:00:00,1614.6667,1623.6667,1588.6667,1615.0000,6861,157205
2024-08-15 13:00:00,1615.0000,1624.0000,1589.0000,1615.3333,6861,157205
2024-08-15 14:00:00,1615.3333,1621.6667,1597.3333,1615.6667,6861,157205
2024-08-15 15:00:00,1615.6667,1619.3333,1605.6667,1616.0000,6861,157205
2024-08-16 09:00:00,1617.0000,1632.6667,1615.0000,1616.0000,7288,166767
2024-08-16 10:00:00,1616.0000,1644.2000,1613.2000,1615.0000,7288,166767
2024-08-16 11:00:00,1615.0000,1655.7333,1611.4000,1614.0000,7288,166767
2024-08-16 13:00:00,1614.0000,1654.7333,1610.4000,1613.0000,7288,166767
2024-08-16 14:00:00,1613.0000,1641.2000,1610.2000,1612.0000,7288,166767
2024-08-16 15:00:00,1612.0000,1627.6667,1610.0000,1611.0000,7288,166767
2024-08-19 09:00:00,1600.0000,1611.3333,1596.3333,1604.6667,6265,170631
2024-08-19 10:00:00,1604.6667,1621.3333,1598.0667,1609.3333,6265,170631
2024-08-19 11:00:00,1609.3333,1631.3333,1599.8000,1614.0000,6265,170631
2024-08-19 13:00:00,1614.0000,1636.0000,1604.4667,1618.6667,6265,170631
2024-08-19 14:00:00,1618.6667,1635.3333,1612.0667,1623.3333,6265,170631
2024-08-19 15:00:00,1623.3333,1634.6667,1619.6667,1628.0000,6265,170631
2024-08-20 09:00:00,1631.0000,1636.8333,1625.6667,1634.8333,4868,174640
2024-08-20 10:00:00,1634.8333,1642.2667,1625.2333,1638.6667,4868,174640
2024-08-20 11:00:00,1638.6667,1647.7000,1624.8000,1642.5000,4868,174640
2024-08-20 13:00:00,1642.5000,1651.5333,1628.6333,1646.3333,4868,174640
2024-08-20 14:00:00,1646.3333,1653.7667,1636.7333,1650.1667,4868,174640
2024-08-20 15:00:00,1650.1667,1656.0000,1644.8333,1654.0000,4868,174640
2024-08-21 09:00:00,1657.0000,1663.8333,1656.0000,1663.1667,6893,176330
2024-08-21 10:00:00,1663.1667,1670.5333,1661.3667,1669.3333,6893,176330
2024-08-21 11:00:00,1669.3333,1677.2333,1666.7333,1675.5000,6893,176330
2024-08-21 13:00:00,1675.5000,1683.4000,1672.9000,1681.6667,6893,176330
2024-08-21 14:00:00,1681.6667,1689.0333,1679.8667,1687.8333,6893,176330
2024-08-21 15:00:00,1687.8333,1694.6667,1686.8333,1694.0000,6893,176330
2024-08-22 09:00:00,1690.0000,1692.3333,1675.6667,1677.0000,8023,183266
2024-08-22 10:00:00,1677.0000,1681.2000,1661.6000,1664.0000,8023,183266
2024-08-22 11:00:00,1664.0000,1670.0667,1647.5333,1651.0000,8023,183266
2024-08-22 13:00:00,1651.0000,1657.0667,1634.5333,1638.0000,8023,183266
2024-08-22 14:00:00,1638.0000,1642.2000,1622.6000,1625.0000,8023,183266
2024-08-22 15:00:00,1625.0000,1627.3333,1610.6667,1612.0000,8023,183266
2024-08-23 09:00:00,1608.0000,1613.6667,1604.0000,1606.0000,8014,186634
2024-08-23 10:00:00,1606.0000,1616.2000,1600.4000,1604.0000,8014,186634
2024-08-23 11:00:00,1604.0000,1618.7333,1596.8000,1602.0000,8014,186634
2024-08-23 13:00:00,1602.0000,1616.7333,1594.8000,1600.0000,8014,186634
2024-08-23 14:00:00,1600.0000,1610.2000,1594.4000,1598.0000,8014,186634
2024-08-23 15:00:00,1598.0000,1603.6667,1594.0000,1596.0000,8014,186634
2024-08-26 09:00:00,1598.0000,1604.1667,1592.0000,1602.5000,8725,192282
2024-08-26 10:00:00,1602.5000,1610.0000,1591.7000,1607.0000,8725,192282
2024-08-26 11:00:00,1607.0000,1615.8333,1591.4000,1611.5000,8725,192282
2024-08-26 13:00:00,1611.5000,1620.3333,1595.9000,1616.0000,8725,192282
2024-08-26 14:00:00,1616.0000,1623.5000,1605.2000,1620.5000,8725,192282
2024-08-26 15:00:00,1620.5000,1626.6667,1614.5000,1625.0000,8725,192282
2024-08-27 09:00:00,1625.0000,1635.6667,1620.3333,1632.3333,12580,186099
2024-08-27 10:00:00,1632.3333,1645.6667,1623.9333,1639.6667,12580,186099
2024-08-27 11:00:00,1639.6667,1655.6667,1627.5333,1647.0000,12580,186099
2024-08-27 13:00:00,1647.0000,1663.0000,1634.8667,1654.3333,12580,186099
2024-08-27 14:00:00,1654.3333,1667.6667,1645.9333,1661.6667,12580,186099
2024-08-27 15:00:00,1661.6667,1672.3333,1657.0000,1669.0000,12580,186099
2024-08-28 09:00:00,1672.0000,1677.0000,1660.6667,1664.3333,11080,191799
2024-08-28 10:00:00,1664.3333,1673.3333,1650.0667,1656.6667,11080,191799
2024-08-28 11:00:00,1656.6667,1669.6667,1639.4667,1649.0000,11080,191799
2024-08-28 13:00:00,1649.0000,1662.0000,1631.8000,1641.3333,11080,191799
2024-08-28 14:00:00,1641.3333,1650.3333,1627.0667,1633.6667,11080,191799
2024-08-28 15:00:00,1633.6667,1638.6667,1622.3333,1626.0000,11080,191799
2024-08-29 09:00:00,1619.0000,1629.6667,1616.0000,1624.0000,9088,193883
2024-08-29 10:00:00,1624.0000,1639.2000,1618.6000,1629.0000,9088,193883
2024-08-29 11:00:00,1629.0000,1648.7333,1621.2000,1634.0000,9088,193883
2024-08-29 13:00:00,1634.0000,1653.7333,1626.2000,1639.0000,9088,193883
2024-08-29 14:00:00,1639.0000,1654.2000,1633.6000,1644.0000,9088,193883
2024-08-29 15:00:00,1644.0000,1654.6667,1641.0000,1649.0000,9088,193883
2024-08-30 09:00:00,1650.0000,1660.1667,1644.0000,1651.5000,12793,198657
2024-08-30 10:00:00,1651.5000,1668.6000,1640.7000,1653.0000,12793,198657
2024-08-30 11:00:00,1653.0000,1677.0333,1637.4000,1654.5000,12793,198657
2024-08-30 13:00:00,1654.5000,1678.5333,1638.9000,1656.0000,12793,198657
2024-08-30 14:00:00,1656.0000,1673.1000,1645.2000,1657.5000,12793,198657
2024-08-30 15:00:00,1657.5000,1667.6667,1651.5000,1659.0000,12793,198657
2024-09-02 09:00:00,1647.0000,1650.0000,1632.6667,1634.3333,16278,209016
2024-09-02 10:00:00,1634.3333,1639.7333,1618.6667,1621.6667,16278,209016
2024-09-02 11:00:00,1621.6667,1629.4667,1604.6667,1609.0000,16278,209016
2024-09-02 13:00:00,1609.0000,1616.8000,1592.0000,1596.3333,16278,209016
2024-09-02 14:00:00,1596.3333,1601.7333,1580.6667,1583.6667,16278,209016
2024-09-02 15:00:00,1583.6667,1586.6667,1569.3333,1571.0000,16278,209016
2024-09-03 09:00:00,1548.0000,1556.1667,1548.0000,1550.8333,15140,217127
2024-09-03 10:00:00,1550.8333,1563.2667,1550.8333,1553.6667,15140,217127
2024-09-03 11:00:00,1553.6667,1570.3667,1553.6667,1556.5000,15140,217127
2024-09-03 13:00:00,1556.5000,1573.2000,1556.5000,1559.3333,15140,217127
2024-09-03 14:00:00,1559.3333,1571.7667,1559.3333,1562.1667,15140,217127
2024-09-03 15:00:00,1562.1667,1570.3333,1562.1667,1565.0000,15140,217127
2024-09-04 09:00:00,1565.0000,1569.0000,1555.0000,1559.3333,13299,231121
2024-09-04 10:00:00,1559.3333,1566.5333,1545.8667,1553.6667,13299,231121
2024-09-04 11:00:00,1553.6667,1564.0667,1536.7333,1548.0000,13299,231121
2024-09-04 13:00:00,1548.0000,1558.4000,1531.0667,1542.3333,13299,231121
2024-09-04 14:00:00,1542.3333,1549.5333,1528.8667,1536.6667,13299,231121
2024-09-04 15:00:00,1536.6667,1540.6667,1526.6667,1531.0000,13299,231121
2024-09-05 09:00:00,1537.0000,1541.6667,1522.5000,1526.5000,16677,246552
2024-09-05 10:00:00,1526.5000,1534.9000,1508.8000,1516.0000,16677,246552
2024-09-05 11:00:00,1516.0000,1528.1333,1495.1000,1505.5000,16677,246552
2024-09-05 13:00:00,1505.5000,1517.6333,1484.6000,1495.0000,16677,246552
2024-09-05 14:00:00,1495.0000,1503.4000,1477.3000,1484.5000,16677,246552
2024-09-05 15:00:00,1484.5000,1489.1667,1470.0000,1474.0000,16677,246552
2024-09-06 09:00:00,1498.0000,1499.3333,1486.8333,1492.1667,15710,257170
2024-09-06 10:00:00,1492.1667,1494.5667,1476.7333,1486.3333,15710,257170
2024-09-06 11:00:00,1486.3333,1489.8000,1466.6333,1480.5000,15710,257170
2024-09-06 13:00:00,1480.5000,1483.9667,1460.8000,1474.6667,15710,257170
2024-09-06 14:00:00,1474.6667,1477.0667,1459.2333,1468.8333,15710,257170
2024-09-06 15:00:00,1468.8333,1470.1667,1457.6667,1463.0000,15710,257170
2024-09-09 09:00:00,1460.0000,1462.6667,1447.3333,1456.0000,16288,263436
2024-09-09 10:00:00,1456.0000,1460.8000,1436.4000,1452.0000,16288,263436
2024-09-09 11:00:00,1452.0000,1458.9333,1425.4667,1448.0000,16288,263436
2024-09-09 13:00:00,1448.0000,1454.9333,1421.4667,1444.0000,16288,263436
2024-09-09 14:00:00,1444.0000,1448.8000,1424.4000,1440.0000,16288,263436
2024-09-09 15:00:00,1440.0000,1442.6667,1427.3333,1436.0000,16288,263436
2024-09-10 09:00:00,1438.0000,1444.0000,1430.5000,1430.8333,15196,272868
2024-09-10 10:00:00,1430.8333,1441.6333,1423.0667,1423.6667,15196,272868
2024-09-10 11:00:00,1423.6667,1439.2667,1415.6333,1416.5000,15196,272868
2024-09-10 13:00:00,1416.5000,1432.1000,1408.4667,1409.3333,15196,272868
2024-09-10 14:00:00,1409.3333,1420.1333,1401.5667,1402.1667,15196,272868
2024-09-10 15:00:00,1402.1667,1408.1667,1394.6667,1395.0000,15196,272868
2024-09-11 09:00:00,1395.0000,1407.3333,1388.6667,1405.0000,23192,267852
2024-09-11 10:00:00,1405.0000,1419.2000,1393.6000,1415.0000,23192,267852
2024-09-11 11:00:00,1415.0000,1431.0667,1398.5333,1425.0000,23192,267852
2024-09-11 13:00:00,1425.0000,1441.0667,1408.5333,1435.0000,23192,267852
2024-09-11 14:00:00,1435.0000,1449.2000,1423.6000,1445.0000,23192,267852
2024-09-11 15:00:00,1445.0000,1457.3333,1438.6667,1455.0000,23192,267852
2024-09-12 09:00:00,1452.0000,1453.0000,1437.5000,1447.5000,19895,277834
2024-09-12 10:00:00,1447.5000,1449.3000,1425.0000,1443.0000,19895,277834
2024-09-12 11:00:00,1443.0000,1445.6000,1412.5000,1438.5000,19895,277834
2024-09-12 13:00:00,1438.5000,1441.1000,1408.0000,1434.0000,19895,277834
2024-09-12 14:00:00,1434.0000,1435.8000,1411.5000,1429.5000,19895,277834
2024-09-12 15:00:00,1429.5000,1430.5000,1415.0000,1425.0000,19895,277834
2024-09-13 09:00:00,1428.0000,1432.6667,1421.5000,1423.1667,14674,279689
2024-09-13 10:00:00,1423.1667,1431.5667,1415.3333,1418.3333,14674,279689
2024-09-13 11:00:00,1418.3333,1430.4667,1409.1667,1413.5000,14674,279689
2024-09-13 13:00:00,1413.5000,1425.6333,1404.3333,1408.6667,14674,279689
2024-09-13 14:00:00,1408.6667,1417.0667,1400.8333,1403.8333,14674,279689
2024-09-13 15:00:00,1403.8333,1408.5000,1397.3333,1399.0000,14674,279689
2024-09-18 09:00:00,1390.0000,1396.5000,1381.3333,1391.1667,19820,293245
2024-09-18 10:00:00,1391.1667,1401.9333,1375.5667,1392.3333,19820,293245
2024-09-18 11:00:00,1392.3333,1407.3667,1369.8000,1393.5000,19820,293245
2024-09-18 13:00:00,1393.5000,1408.5333,1370.9667,1394.6667,19820,293245
2024-09-18 14:00:00,1394.6667,1405.4333,1379.0667,1395.8333,19820,293245
2024-09-18 15:00:00,1395.8333,1402.3333,1387.1667,1397.0000,19820,293245
2024-09-19 09:00:00,1397.0000,1405.6667,1389.3333,1400.3333,25113,313156
2024-09-19 10:00:00,1400.3333,1413.2667,1386.5333,1403.6667,25113,313156
2024-09-19 11:00:00,1403.6667,1420.8667,1383.7333,1407.0000,25113,313156
2024-09-19 13:00:00,1407.0000,1424.2000,1387.0667,1410.3333,25113,313156
2024-09-19 14:00:00,1410.3333,1423.2667,1396.5333,1413.6667,25113,313156
2024-09-19 15:00:00,1413.6667,1422.3333,1406.0000,1417.0000,25113,313156
2024-09-20 09:00:00,1417.0000,1418.0000,1409.1667,1410.8333,15744,314963
2024-09-20 10:00:00,1410.8333,1412.6333,1401.6667,1404.6667,15744,314963
2024-09-20 11:00:00,1404.6667,1407.2667,1394.1667,1398.5000,15744,314963
2024-09-20 13:00:00,1398.5000,1401.1000,1388.0000,1392.3333,15744,314963
2024-09-20 14:00:00,1392.3333,1394.1333,1383.1667,1386.1667,15744,314963
2024-09-20 15:00:00,1386.1667,1387.1667,1378.3333,1380.0000,15744,314963
2024-09-23 09:00:00,1380.0000,1388.6667,1375.6667,1383.0000,19770,317443
2024-09-23 10:00:00,1383.0000,1396.2000,1375.2000,1386.0000,19770,317443
2024-09-23 11:00:00,1386.0000,1403.7333,1374.7333,1389.0000,19770,317443
2024-09-23 13:00:00,1389.0000,1406.7333,1377.7333,1392.0000,19770,317443
2024-09-23 14:00:00,1392.0000,1405.2000,1384.2000,1395.0000,19770,317443
2024-09-23 15:00:00,1395.0000,1403.6667,1390.6667,1398.0000,19770,317443
2024-09-24 09:00:00,1395.0000,1412.0000,1394.3333,1409.6667,31417,308347
2024-09-24 10:00:00,1409.6667,1428.5333,1408.4667,1424.3333,31417,308347
2024-09-24 11:00:00,1424.3333,1445.0667,1422.6000,1439.0000,31417,308347
2024-09-24 13:00:00,1439.0000,1459.7333,1437.2667,1453.6667,31417,308347
2024-09-24 14:00:00,1453.6667,1472.5333,1452.4667,1468.3333,31417,308347
2024-09-24 15:00:00,1468.3333,1485.3333,1467.6667,1483.0000,31417,308347
2024-09-25 09:00:00,1494.0000,1520.0000,1490.3333,1498.0000,49685,300389
2024-09-25 10:00:00,1498.0000,1541.6000,1491.4000,1502.0000,49685,300389
2024-09-25 11:00:00,1502.0000,1563.2000,1492.4667,1506.0000,49685,300389
2024-09-25 13:00:00,1506.0000,1567.2000,1496.4667,1510.0000,49685,300389
2024-09-25 14:00:00,1510.0000,1553.6000,1503.4000,1514.0000,49685,300389
2024-09-25 15:00:00,1514.0000,1540.0000,1510.3333,1518.0000,49685,300389
2024-09-26 09:00:00,1512.0000,1523.6667,1509.3333,1521.3333,34939,301658
2024-09-26 10:00:00,1521.3333,1534.8667,1516.5333,1530.6667,34939,301658
2024-09-26 11:00:00,1530.6667,1546.0667,1523.7333,1540.0000,34939,301658
2024-09-26 13:00:00,1540.0000,1555.4000,1533.0667,1549.3333,34939,301658
2024-09-26 14:00:00,1549.3333,1562.8667,1544.5333,1558.6667,34939,301658
2024-09-26 15:00:00,1558.6667,1570.3333,1556.0000,1568.0000,34939,301658
2024-09-27 09:00:00,1600.0000,1613.3333,1597.0000,1606.0000,49155,297807
2024-09-27 10:00:00,1606.0000,1625.2000,1600.6000,1612.0000,49155,297807
2024-09-27 11:00:00,1612.0000,1637.0667,1604.2000,1618.0000,49155,297807
2024-09-27 13:00:00,1618.0000,1643.0667,1610.2000,1624.0000,49155,297807
2024-09-27 14:00:00,1624.0000,1643.2000,1618.6000,1630.0000,49155,297807
2024-09-27 15:00:00,1630.0000,1643.3333,1627.0000,1636.0000,49155,297807
2024-09-30 09:00:00,1630.0000,1659.0000,1627.6667,1653.0000,45322,291313
2024-09-30 10:00:00,1653.0000,1686.8000,1648.8000,1676.0000,45322,291313
2024-09-30 11:00:00,1676.0000,1714.6000,1669.9333,1699.0000,45322,291313
2024-09-30 13:00:00,1699.0000,1737.6000,1692.9333,1722.0000,45322,291313
2024-09-30 14:00:00,1722.0000,1755.8000,1717.8000,1745.0000,45322,291313
2024-09-30 15:00:00,1745.0000,1774.0000,1742.6667,1768.0000,45322,291313
2024-10-08 09:00:00,1808.0000,1811.3333,1763.6667,1768.6667,46403,302541
2024-10-08 10:00:00,1768.6667,1774.6667,1720.3333,1729.3333,46403,302541
2024-10-08 11:00:00,1729.3333,1738.0000,1677.0000,1690.0000,46403,302541
2024-10-08 13:00:00,1690.0000,1698.6667,1637.6667,1650.6667,46403,302541
2024-10-08 14:00:00,1650.6667,1656.6667,1602.3333,1611.3333,46403,302541
2024-10-08 15:00:00,1611.3333,1614.6667,1567.0000,1572.0000,46403,302541
2024-10-09 09:00:00,1575.0000,1591.0000,1570.0000,1576.0000,31385,308316
2024-10-09 10:00:00,1576.0000,1604.0000,1567.0000,1577.0000,31385,308316
2024-10-09 11:00:00,1577.0000,1617.0000,1564.0000,1578.0000,31385,308316
2024-10-09 13:00:00,1578.0000,1618.0000,1565.0000,1579.0000,31385,308316
2024-10-09 14:00:00,1579.0000,1607.0000,1570.0000,1580.0000,31385,308316
2024-10-09 15:00:00,1580.0000,1596.0000,1575.0000,1581.0000,31385,308316
2024-10-10 09:00:00,1570.0000,1585.8333,1562.3333,1571.5000,35918,306055
2024-10-10 10:00:00,1571.5000,1598.8000,1557.7000,1573.0000,35918,306055
2024-10-10 11:00:00,1573.0000,1611.7667,1553.0667,1574.5000,35918,306055
2024-10-10 13:00:00,1574.5000,1613.2667,1554.5667,1576.0000,35918,306055
2024-10-10 14:00:00,1576.0000,1603.3000,1562.2000,1577.5000,35918,306055
2024-10-10 15:00:00,1577.5000,1593.3333,1569.8333,1579.0000,35918,306055
2024-10-11 09:00:00,1580.0000,1584.3333,1578.3333,1584.0000,23396,309300
2024-10-11 10:00:00,1584.0000,1588.6000,1581.0000,1588.0000,23396,309300
2024-10-11 11:00:00,1588.0000,1592.8667,1583.6667,1592.0000,23396,309300
2024-10-11 13:00:00,1592.0000,1596.8667,1587.6667,1596.0000,23396,309300
2024-10-11 14:00:00,1596.0000,1600.6000,1593.0000,1600.0000,23396,309300
2024-10-11 15:00:00,1600.0000,1604.3333,1598.3333,1604.0000,23396,309300
2024-10-14 09:00:00,1610.0000,1632.3333,1604.0000,1611.6667,47724,320141
2024-10-14 10:00:00,1611.6667,1650.5333,1600.8667,1613.3333,47724,320141
2024-10-14 11:00:00,1613.3333,1668.7333,1597.7333,1615.0000,47724,320141
2024-10-14 13:00:00,1615.0000,1670.4000,1599.4000,1616.6667,47724,320141
2024-10-14 14:00:00,1616.6667,1655.5333,1605.8667,1618.3333,47724,320141
2024-10-14 15:00:00,1618.3333,1640.6667,1612.3333,1620.0000,47724,320141
2024-10-15 09:00:00,1610.0000,1634.5000,1609.3333,1623.5000,53411,311097
2024-10-15 10:00:00,1623.5000,1656.8000,1622.3000,1637.0000,53411,311097
2024-10-15 11:00:00,1637.0000,1679.1000,1635.2667,1650.5000,53411,311097
2024-10-15 13:00:00,1650.5000,1692.6000,1648.7667,1664.0000,53411,311097
2024-10-15 14:00:00,1664.0000,1697.3000,1662.8000,1677.5000,53411,311097
2024-10-15 15:00:00,1677.5000,1702.0000,1676.8333,1691.0000,53411,311097
2024-10-16 09:00:00,1692.0000,1700.3333,1679.1667,1685.5000,36971,314128
2024-10-16 10:00:00,1685.5000,1700.5000,1667.6000,1679.0000,36971,314128
2024-10-16 11:00:00,1679.0000,1700.6667,1656.0333,1672.5000,36971,314128
2024-10-16 13:00:00,1672.5000,1694.1667,1649.5333,1666.0000,36971,314128
2024-10-16 14:00:00,1666.0000,1681.0000,1648.1000,1659.5000,36971,314128
2024-10-16 15:00:00,1659.5000,1667.8333,1646.6667,1653.0000,36971,314128
2024-10-17 09:00:00,1656.0000,1660.3333,1632.3333,1638.6667,46944,319683
2024-10-17 10:00:00,1638.6667,1646.4667,1609.9333,1621.3333,46944,319683
2024-10-17 11:00:00,1621.3333,1632.6000,1587.5333,1604.0000,46944,319683
2024-10-17 13:00:00,1604.0000,1615.2667,1570.2000,1586.6667,46944,319683
2024-10-17 14:00:00,1586.6667,1594.4667,1557.9333,1569.3333,46944,319683
2024-10-17 15:00:00,1569.3333,1573.6667,1545.6667,1552.0000,46944,319683
2024-10-18 09:00:00,1555.0000,1565.1667,1543.0000,1558.1667,34784,326037
2024-10-18 10:00:00,1558.1667,1573.9333,1536.5667,1561.3333,34784,326037
2024-10-18 11:00:00,1561.3333,1582.7000,1530.1333,1564.5000,34784,326037
2024-10-18 13:00:00,1564.5000,1585.8667,1533.3000,1567.6667,34784,326037
2024-10-18 14:00:00,1567.6667,1583.4333,1546.0667,1570.8333,34784,326037
2024-10-18 15:00:00,1570.8333,1581.0000,1558.8333,1574.0000,34784,326037
2024-10-21 09:00:00,1567.0000,1571.5000,1553.6667,1570.5000,34780,332443
2024-10-21 10:00:00,1570.5000,1575.8000,1546.5000,1574.0000,34780,332443
2024-10-21 11:00:00,1574.0000,1580.1000,1539.3333,1577.5000,34780,332443
2024-10-21 13:00:00,1577.5000,1583.6000,1542.8333,1581.0000,34780,332443
2024-10-21 14:00:00,1581.0000,1586.3000,1557.0000,1584.5000,34780,332443
2024-10-21 15:00:00,1584.5000,1589.0000,1571.1667,1588.0000,34780,332443
2024-10-22 09:00:00,1592.0000,1601.0000,1585.3333,1595.3333,43169,343432
2024-10-22 10:00:00,1595.3333,1608.8667,1583.3333,1598.6667,43169,343432
2024-10-22 11:00:00,1598.6667,1616.7333,1581.3333,1602.0000,43169,343432
2024-10-22 13:00:00,1602.0000,1620.0667,1584.6667,1605.3333,43169,343432
2024-10-22 14:00:00,1605.3333,1618.8667,1593.3333,1608.6667,43169,343432
2024-10-22 15:00:00,1608.6667,1617.6667,1602.0000,1612.0000,43169,343432
2024-10-23 09:00:00,1616.0000,1621.3333,1609.0000,1613.0000,26242,350038
2024-10-23 10:00:00,1613.0000,1622.6000,1602.8000,1610.0000,26242,350038
2024-10-23 11:00:00,1610.0000,1623.8667,1596.6000,1607.0000,26242,350038
2024-10-23 13:00:00,1607.0000,1620.8667,1593.6000,1604.0000,26242,350038
2024-10-23 14:00:00,1604.0000,1613.6000,1593.8000,1601.0000,26242,350038
2024-10-23 15:00:00,1601.0000,1606.3333,1594.0000,1598.0000,26242,350038
2024-10-24 09:00:00,1593.0000,1602.3333,1591.6667,1601.3333,32133,353727
2024-10-24 10:00:00,1601.3333,1611.4667,1598.9333,1609.6667,32133,353727
2024-10-24 11:00:00,1609.6667,1620.6000,1606.2000,1618.0000,32133,353727
2024-10-24 13:00:00,1618.0000,1628.9333,1614.5333,1626.3333,32133,353727
2024-10-24 14:00:00,1626.3333,1636.4667,1623.9333,1634.6667,32133,353727
2024-10-24 15:00:00,1634.6667,1644.0000,1633.3333,1643.0000,32133,353727
2024-10-25 09:00:00,1650.0000,1651.0000,1641.3333,1642.6667,34436,357958
2024-10-25 10:00:00,1642.6667,1644.4667,1632.9333,1635.3333,34436,357958
2024-10-25 11:00:00,1635.3333,1637.9333,1624.5333,1628.0000,34436,357958
2024-10-25 13:00:00,1628.0000,1630.6000,1617.2000,1620.6667,34436,357958
2024-10-25 14:00:00,1620.6667,1622.4667,1610.9333,1613.3333,34436,357958
2024-10-25 15:00:00,1613.3333,1614.3333,1604.6667,1606.0000,34436,357958
2024-10-28 09:00:00,1591.0000,1606.1667,1581.6667,1601.1667,47852,356304
2024-10-28 10:00:00,1601.1667,1620.3333,1584.3667,1611.3333,47852,356304
2024-10-28 11:00:00,1611.3333,1634.5000,1587.0667,1621.5000,47852,356304
2024-10-28 13:00:00,1621.5000,1644.6667,1597.2333,1631.6667,47852,356304
2024-10-28 14:00:00,1631.6667,1650.8333,1614.8667,1641.8333,47852,356304
2024-10-28 15:00:00,1641.8333,1657.0000,1632.5000,1652.0000,47852,356304
2024-10-29 09:00:00,1648.0000,1659.6667,1638.5000,1643.8333,44073,348050
2024-10-29 10:00:00,1643.8333,1664.8333,1630.0667,1639.6667,44073,348050
2024-10-29 11:00:00,1639.6667,1670.0000,1621.6333,1635.5000,44073,348050
2024-10-29 13:00:00,1635.5000,1665.8333,1617.4667,1631.3333,44073,348050
2024-10-29 14:00:00,1631.3333,1652.3333,1617.5667,1627.1667,44073,348050
2024-10-29 15:00:00,1627.1667,1638.8333,1617.6667,1623.0000,44073,348050
2024-10-30 09:00:00,1640.0000,1646.0000,1633.0000,1643.3333,45893,343209
2024-10-30 10:00:00,1643.3333,1651.4667,1630.7333,1646.6667,45893,343209
2024-10-30 11:00:00,1646.6667,1656.9333,1628.4667,1650.0000,45893,343209
2024-10-30 13:00:00,1650.0000,1660.2667,1631.8000,1653.3333,45893,343209
2024-10-30 14:00:00,1653.3333,1661.4667,1640.7333,1656.6667,45893,343209
2024-10-30 15:00:00,1656.6667,1662.6667,1649.6667,1660.0000,45893,343209
2024-10-31 09:00:00,1670.0000,1674.6667,1665.0000,1671.0000,41157,339882
2024-10-31 10:00:00,1671.0000,1678.6000,1662.0000,1672.0000,41157,339882
2024-10-31 11:00:00,1672.0000,1682.5333,1659.0000,1673.0000,41157,339882
2024-10-31 13:00:00,1673.0000,1683.5333,1660.0000,1674.0000,41157,339882
2024-10-31 14:00:00,1674.0000,1681.6000,1665.0000,1675.0000,41157,339882
2024-10-31 15:00:00,1675.0000,1679.6667,1670.0000,1676.0000,41157,339882
2024-11-01 09:00:00,1675.0000,1675.0000,1666.0000,1670.6667,31510,336530
2024-11-01 10:00:00,1670.6667,1670.6667,1657.9333,1666.3333,31510,336530
2024-11-01 11:00:00,1666.3333,1666.3333,1649.8667,1662.0000,31510,336530
2024-11-01 13:00:00,1662.0000,1662.0000,1645.5333,1657.6667,31510,336530
2024-11-01 14:00:00,1657.6667,1657.6667,1644.9333,1653.3333,31510,336530
2024-11-01 15:00:00,1653.3333,1653.3333,1644.3333,1649.0000,31510,336530
2024-11-04 09:00:00,1655.0000,1657.6667,1639.1667,1650.5000,33966,349501
2024-11-04 10:00:00,1650.5000,1655.3000,1625.6000,1646.0000,33966,349501
2024-11-04 11:00:00,1646.0000,1652.9333,1612.0333,1641.5000,33966,349501
2024-11-04 13:00:00,1641.5000,1648.4333,1607.5333,1637.0000,33966,349501
2024-11-04 14:00:00,1637.0000,1641.8000,1612.1000,1632.5000,33966,349501
2024-11-04 15:00:00,1632.5000,1635.1667,1616.6667,1628.0000,33966,349501
2024-11-05 09:00:00,1631.0000,1634.8333,1624.6667,1633.1667,24854,354322
2024-11-05 10:00:00,1633.1667,1638.3333,1621.7667,1635.3333,24854,354322
2024-11-05 11:00:00,1635.3333,1641.8333,1618.8667,1637.5000,24854,354322
2024-11-05 13:00:00,1637.5000,1644.0000,1621.0333,1639.6667,24854,354322
2024-11-05 14:00:00,1639.6667,1644.8333,1628.2667,1641.8333,24854,354322
2024-11-05 15:00:00,1641.8333,1645.6667,1635.5000,1644.0000,24854,354322
2024-11-06 09:00:00,1649.0000,1654.3333,1638.0000,1644.6667,35641,361322
2024-11-06 10:00:00,1644.6667,1654.2667,1628.3333,1640.3333,35641,361322
2024-11-06 11:00:00,1640.3333,1654.2000,1618.6667,1636.0000,35641,361322
2024-11-06 13:00:00,1636.0000,1649.8667,1614.3333,1631.6667,35641,361322
2024-11-06 14:00:00,1631.6667,1641.2667,1615.3333,1627.3333,35641,361322
2024-11-06 15:00:00,1627.3333,1632.6667,1616.3333,1623.0000,35641,361322
2024-11-07 09:00:00,1614.0000,1620.5000,1612.6667,1618.8333,24784,363615
2024-11-07 10:00:00,1618.8333,1626.6667,1616.4333,1623.6667,24784,363615
2024-11-07 11:00:00,1623.6667,1632.8333,1620.2000,1628.5000,24784,363615
2024-11-07 13:00:00,1628.5000,1637.6667,1625.0333,1633.3333,24784,363615
2024-11-07 14:00:00,1633.3333,1641.1667,1630.9333,1638.1667,24784,363615
2024-11-07 15:00:00,1638.1667,1644.6667,1636.8333,1643.0000,24784,363615
2024-11-08 09:00:00,1646.0000,1654.3333,1639.3333,1641.3333,37088,376209
2024-11-08 10:00:00,1641.3333,1656.3333,1633.0667,1636.6667,37088,376209
2024-11-08 11:00:00,1636.6667,1658.3333,1626.8000,1632.0000,37088,376209
2024-11-08 13:00:00,1632.0000,1653.6667,1622.1333,1627.3333,37088,376209
2024-11-08 14:00:00,1627.3333,1642.3333,1619.0667,1622.6667,37088,376209
2024-11-08 15:00:00,1622.6667,1631.0000,1616.0000,1618.0000,37088,376209
2024-11-11 09:00:00,1605.0000,1613.6667,1593.3333,1602.0000,40862,385363
2024-11-11 10:00:00,1602.0000,1617.6000,1583.4000,1599.0000,40862,385363
2024-11-11 11:00:00,1599.0000,1621.5333,1573.4667,1596.0000,40862,385363
2024-11-11 13:00:00,1596.0000,1618.5333,1570.4667,1593.0000,40862,385363
2024-11-11 14:00:00,1593.0000,1608.6000,1574.4000,1590.0000,40862,385363
2024-11-11 15:00:00,1590.0000,1598.6667,1578.3333,1587.0000,40862,385363
2024-11-12 09:00:00,1582.0000,1588.6667,1575.3333,1584.3333,32726,385851
2024-11-12 10:00:00,1584.3333,1594.4667,1572.3333,1586.6667,32726,385851
2024-11-12 11:00:00,1586.6667,1600.2667,1569.3333,1589.0000,32726,385851
2024-11-12 13:00:00,1589.0000,1602.6000,1571.6667,1591.3333,32726,385851
2024-11-12 14:00:00,1591.3333,1601.4667,1579.3333,1593.6667,32726,385851
2024-11-12 15:00:00,1593.6667,1600.3333,1587.0000,1596.0000,32726,385851
2024-11-13 09:00:00,1600.0000,1606.3333,1596.0000,1602.0000,28179,386114
2024-11-13 10:00:00,1602.0000,1611.8000,1594.8000,1604.0000,28179,386114
2024-11-13 11:00:00,1604.0000,1617.2667,1593.6000,1606.0000,28179,386114
2024-11-13 13:00:00,1606.0000,1619.2667,1595.6000,1608.0000,28179,386114
2024-11-13 14:00:00,1608.0000,1617.8000,1600.8000,1610.0000,28179,386114
2024-11-13 15:00:00,1610.0000,1616.3333,1606.0000,1612.0000,28179,386114
2024-11-14 09:00:00,1619.0000,1623.3333,1614.1667,1614.8333,28258,386443
2024-11-14 10:00:00,1614.8333,1622.6333,1609.4667,1610.6667,28258,386443
2024-11-14 11:00:00,1610.6667,1621.9333,1604.7667,1606.5000,28258,386443
2024-11-14 13:00:00,1606.5000,1617.7667,1600.6000,1602.3333,28258,386443
2024-11-14 14:00:00,1602.3333,1610.1333,1596.9667,1598.1667,28258,386443
2024-11-14 15:00:00,1598.1667,1602.5000,1593.3333,1594.0000,28258,386443
2024-11-15 09:00:00,1601.0000,1605.6667,1594.5000,1595.8333,34209,389057
2024-11-15 10:00:00,1595.8333,1604.2333,1588.2667,1590.6667,34209,389057
2024-11-15 11:00:00,1590.6667,1602.8000,1582.0333,1585.5000,34209,389057
2024-11-15 13:00:00,1585.5000,1597.6333,1576.8667,1580.3333,34209,389057
2024-11-15 14:00:00,1580.3333,1588.7333,1572.7667,1575.1667,34209,389057
2024-11-15 15:00:00,1575.1667,1579.8333,1568.6667,1570.0000,34209,389057
2024-11-18 09:00:00,1562.0000,1568.6667,1558.0000,1564.3333,26823,401447
2024-11-18 10:00:00,1564.3333,1574.4667,1557.1333,1566.6667,26823,401447
2024-11-18 11:00:00,1566.6667,1580.2667,1556.2667,1569.0000,26823,401447
2024-11-18 13:00:00,1569.0000,1582.6000,1558.6000,1571.3333,26823,401447
2024-11-18 14:00:00,1571.3333,1581.4667,1564.1333,1573.6667,26823,401447
2024-11-18 15:00:00,1573.6667,1580.3333,1569.6667,1576.0000,26823,401447
2024-11-19 09:00:00,1571.0000,1573.8333,1561.3333,1571.1667,30004,412667
2024-11-19 10:00:00,1571.1667,1576.1333,1553.7667,1571.3333,30004,412667
2024-11-19 11:00:00,1571.3333,1578.4333,1546.2000,1571.5000,30004,412667
2024-11-19 13:00:00,1571.5000,1578.6000,1546.3667,1571.6667,30004,412667
2024-11-19 14:00:00,1571.6667,1576.6333,1554.2667,1571.8333,30004,412667
2024-11-19 15:00:00,1571.8333,1574.6667,1562.1667,1572.0000,30004,412667
2024-11-20 09:00:00,1570.0000,1570.3333,1564.5000,1567.8333,24048,423678
2024-11-20 10:00:00,1567.8333,1568.4333,1559.6667,1565.6667,24048,423678
2024-11-20 11:00:00,1565.6667,1566.5333,1554.8333,1563.5000,24048,423678
2024-11-20 13:00:00,1563.5000,1564.3667,1552.6667,1561.3333,24048,423678
2024-11-20 14:00:00,1561.3333,1561.9333,1553.1667,1559.1667,24048,423678
2024-11-20 15:00:00,1559.1667,1559.5000,1553.6667,1557.0000,24048,423678
2024-11-21 09:00:00,1558.0000,1565.3333,1556.6667,1563.0000,33701,440464
2024-11-21 10:00:00,1563.0000,1572.2000,1560.6000,1568.0000,33701,440464
2024-11-21 11:00:00,1568.0000,1579.0667,1564.5333,1573.0000,33701,440464
2024-11-21 13:00:00,1573.0000,1584.0667,1569.5333,1578.0000,33701,440464
2024-11-21 14:00:00,1578.0000,1587.2000,1575.6000,1583.0000,33701,440464
2024-11-21 15:00:00,1583.0000,1590.3333,1581.6667,1588.0000,33701,440464
2024-11-22 09:00:00,1590.0000,1590.6667,1582.5000,1585.5000,26526,436923
2024-11-22 10:00:00,1585.5000,1586.7000,1575.6000,1581.0000,26526,436923
2024-11-22 11:00:00,1581.0000,1582.7333,1568.7000,1576.5000,26526,436923
2024-11-22 13:00:00,1576.5000,1578.2333,1564.2000,1572.0000,26526,436923
2024-11-22 14:00:00,1572.0000,1573.2000,1562.1000,1567.5000,26526,436923
2024-11-22 15:00:00,1567.5000,1568.1667,1560.0000,1563.0000,26526,436923
2024-11-25 09:00:00,1562.0000,1570.8333,1561.6667,1565.1667,37420,448991
2024-11-25 10:00:00,1565.1667,1578.5333,1564.5667,1568.3333,37420,448991
2024-11-25 11:00:00,1568.3333,1586.2333,1567.4667,1571.5000,37420,448991
2024-11-25 13:00:00,1571.5000,1589.4000,1570.6333,1574.6667,37420,448991
2024-11-25 14:00:00,1574.6667,1588.0333,1574.0667,1577.8333,37420,448991
2024-11-25 15:00:00,1577.8333,1586.6667,1577.5000,1581.0000,37420,448991
2024-11-26 09:00:00,1582.0000,1583.0000,1577.1667,1580.8333,24704,459573
2024-11-26 10:00:00,1580.8333,1582.6333,1573.0667,1579.6667,24704,459573
2024-11-26 11:00:00,1579.6667,1582.2667,1568.9667,1578.5000,24704,459573
2024-11-26 13:00:00,1578.5000,1581.1000,1567.8000,1577.3333,24704,459573
2024-11-26 14:00:00,1577.3333,1579.1333,1569.5667,1576.1667,24704,459573
2024-11-26 15:00:00,1576.1667,1577.1667,1571.3333,1575.0000,24704,459573
2024-11-27 09:00:00,1575.0000,1578.1667,1570.3333,1576.5000,29044,465088
2024-11-27 10:00:00,1576.5000,1581.0000,1568.1000,1578.0000,29044,465088
2024-11-27 11:00:00,1578.0000,1583.8333,1565.8667,1579.5000,29044,465088
2024-11-27 13:00:00,1579.5000,1585.3333,1567.3667,1581.0000,29044,465088
2024-11-27 14:00:00,1581.0000,1585.5000,1572.6000,1582.5000,29044,465088
2024-11-27 15:00:00,1582.5000,1585.6667,1577.8333,1584.0000,29044,465088
2024-11-28 09:00:00,1582.0000,1583.0000,1576.8333,1581.1667,27525,463848
2024-11-28 10:00:00,1581.1667,1582.9667,1572.5333,1580.3333,27525,463848
2024-11-28 11:00:00,1580.3333,1582.9333,1568.2333,1579.5000,27525,463848
2024-11-28 13:00:00,1579.5000,1582.1000,1567.4000,1578.6667,27525,463848
2024-11-28 14:00:00,1578.6667,1580.4667,1570.0333,1577.8333,27525,463848
2024-11-28 15:00:00,1577.8333,1578.8333,1572.6667,1577.0000,27525,463848
2024-11-29 09:00:00,1574.0000,1577.0000,1570.3333,1572.6667,40256,476122
2024-11-29 10:00:00,1572.6667,1578.0667,1567.1333,1571.3333,40256,476122
2024-11-29 11:00:00,1571.3333,1579.1333,1563.9333,1570.0000,40256,476122
2024-11-29 13:00:00,1570.0000,1577.8000,1562.6000,1568.6667,40256,476122
2024-11-29 14:00:00,1568.6667,1574.0667,1563.1333,1567.3333,40256,476122
2024-11-29 15:00:00,1567.3333,1570.3333,1563.6667,1566.0000,40256,476122
2024-12-02 09:00:00,1568.0000,1572.1667,1563.6667,1568.5000,40242,493502
2024-12-02 10:00:00,1568.5000,1575.6000,1560.7000,1569.0000,40242,493502
2024-12-02 11:00:00,1569.0000,1579.0333,1557.7333,1569.5000,40242,493502
2024-12-02 13:00:00,1569.5000,1579.5333,1558.2333,1570.0000,40242,493502
2024-12-02 14:00:00,1570.0000,1577.1000,1562.2000,1570.5000,40242,493502
2024-12-02 15:00:00,1570.5000,1574.6667,1566.1667,1571.0000,40242,493502
2024-12-03 09:00:00,1575.0000,1575.6667,1571.8333,1571.8333,32134,514052
2024-12-03 10:00:00,1571.8333,1573.0333,1568.6667,1568.6667,32134,514052
2024-12-03 11:00:00,1568.6667,1570.4000,1565.5000,1565.5000,32134,514052
2024-12-03 13:00:00,1565.5000,1567.2333,1562.3333,1562.3333,32134,514052
2024-12-03 14:00:00,1562.3333,1563.5333,1559.1667,1559.1667,32134,514052
2024-12-03 15:00:00,1559.1667,1559.8333,1556.0000,1556.0000,32134,514052
2024-12-04 09:00:00,1554.0000,1554.6667,1540.8333,1545.8333,86486,585683
2024-12-04 10:00:00,1545.8333,1547.0333,1528.6667,1537.6667,86486,585683
2024-12-04 11:00:00,1537.6667,1539.4000,1516.5000,1529.5000,86486,585683
2024-12-04 13:00:00,1529.5000,1531.2333,1508.3333,1521.3333,86486,585683
2024-12-04 14:00:00,1521.3333,1522.5333,1504.1667,1513.1667,86486,585683
2024-12-04 15:00:00,1513.1667,1513.8333,1500.0000,1505.0000,86486,585683
2024-12-05 09:00:00,1502.0000,1503.8333,1494.0000,1502.1667,61195,604190
2024-12-05 10:00:00,1502.1667,1505.3333,1487.7667,1502.3333,61195,604190
2024-12-05 11:00:00,1502.3333,1506.8333,1481.5333,1502.5000,61195,604190
2024-12-05 13:00:00,1502.5000,1507.0000,1481.7000,1502.6667,61195,604190
2024-12-05 14:00:00,1502.6667,1505.8333,1488.2667,1502.8333,61195,604190
2024-12-05 15:00:00,1502.8333,1504.6667,1494.8333,1503.0000,61195,604190
2024-12-06 09:00:00,1502.0000,1508.0000,1500.3333,1504.0000,51144,601059
2024-12-06 10:00:00,1504.0000,1513.2000,1501.0000,1506.0000,51144,601059
2024-12-06 11:00:00,1506.0000,1518.4000,1501.6667,1508.0000,51144,601059
2024-12-06 13:00:00,1508.0000,1520.4000,1503.6667,1510.0000,51144,601059
2024-12-06 14:00:00,1510.0000,1519.2000,1507.0000,1512.0000,51144,601059
2024-12-06 15:00:00,1512.0000,1518.0000,1510.3333,1514.0000,51144,601059
2024-12-09 09:00:00,1511.0000,1513.6667,1505.5000,1507.8333,52947,632568
2024-12-09 10:00:00,1507.8333,1512.6333,1500.4667,1504.6667,52947,632568
2024-12-09 11:00:00,1504.6667,1511.6000,1495.4333,1501.5000,52947,632568
2024-12-09 13:00:00,1501.5000,1508.4333,1492.2667,1498.3333,52947,632568
2024-12-09 14:00:00,1498.3333,1503.1333,1490.9667,1495.1667,52947,632568
2024-12-09 15:00:00,1495.1667,1497.8333,1489.6667,1492.0000,52947,632568
2024-12-10 09:00:00,1535.0000,1542.6667,1527.6667,1531.0000,127948,669113
2024-12-10 10:00:00,1531.0000,1544.8000,1521.0000,1527.0000,127948,669113
2024-12-10 11:00:00,1527.0000,1546.9333,1514.3333,1523.0000,127948,669113
2024-12-10 13:00:00,1523.0000,1542.9333,1510.3333,1519.0000,127948,669113
2024-12-10 14:00:00,1519.0000,1532.8000,1509.0000,1515.0000,127948,669113
2024-12-10 15:00:00,1515.0000,1522.6667,1507.6667,1511.0000,127948,669113
2024-12-11 09:00:00,1509.0000,1513.3333,1507.6667,1511.3333,58760,678995
2024-12-11 10:00:00,1511.3333,1517.2667,1508.9333,1513.6667,58760,678995
2024-12-11 11:00:00,1513.6667,1521.2000,1510.2000,1516.0000,58760,678995
2024-12-11 13:00:00,1516.0000,1523.5333,1512.5333,1518.3333,58760,678995
2024-12-11 14:00:00,1518.3333,1524.2667,1515.9333,1520.6667,58760,678995
2024-12-11 15:00:00,1520.6667,1525.0000,1519.3333,1523.0000,58760,678995
2024-12-12 09:00:00,1520.0000,1522.6667,1515.6667,1520.6667,72927,731621
2024-12-12 10:00:00,1520.6667,1524.9333,1512.8667,1521.3333,72927,731621
2024-12-12 11:00:00,1521.3333,1527.2000,1510.0667,1522.0000,72927,731621
2024-12-12 13:00:00,1522.0000,1527.8667,1510.7333,1522.6667,72927,731621
2024-12-12 14:00:00,1522.6667,1526.9333,1514.8667,1523.3333,72927,731621
2024-12-12 15:00:00,1523.3333,1526.0000,1519.0000,1524.0000,72927,731621
2024-12-13 09:00:00,1510.0000,1511.6667,1505.3333,1507.0000,115298,838514
2024-12-13 10:00:00,1507.0000,1510.0000,1501.0000,1504.0000,115298,838514
2024-12-13 11:00:00,1504.0000,1508.3333,1496.6667,1501.0000,115298,838514
2024-12-13 13:00:00,1501.0000,1505.3333,1493.6667,1498.0000,115298,838514
2024-12-13 14:00:00,1498.0000,1501.0000,1492.0000,1495.0000,115298,838514
2024-12-13 15:00:00,1495.0000,1496.6667,1490.3333,1492.0000,115298,838514
2024-12-16 09:00:00,1491.0000,1492.0000,1480.6667,1486.3333,132518,927942
2024-12-16 10:00:00,1486.3333,1488.1333,1471.4667,1481.6667,132518,927942
2024-12-16 11:00:00,1481.6667,1484.2667,1462.2667,1477.0000,132518,927942
2024-12-16 13:00:00,1477.0000,1479.6000,1457.6000,1472.3333,132518,927942
2024-12-16 14:00:00,1472.3333,1474.1333,1457.4667,1467.6667,132518,927942
2024-12-16 15:00:00,1467.6667,1468.6667,1457.3333,1463.0000,132518,927942
2024-12-17 09:00:00,1464.0000,1468.0000,1461.6667,1463.6667,97331,944317
2024-12-17 10:00:00,1463.6667,1470.8667,1459.7333,1463.3333,97331,944317
2024-12-17 11:00:00,1463.3333,1473.7333,1457.8000,1463.0000,97331,944317
2024-12-17 13:00:00,1463.0000,1473.4000,1457.4667,1462.6667,97331,944317
2024-12-17 14:00:00,1462.6667,1469.8667,1458.7333,1462.3333,97331,944317
2024-12-17 15:00:00,1462.3333,1466.3333,1460.0000,1462.0000,97331,944317
2024-12-18 09:00:00,1460.0000,1461.6667,1451.6667,1455.6667,129858,998051
2024-12-18 10:00:00,1455.6667,1458.6667,1444.1333,1451.3333,129858,998051
2024-12-18 11:00:00,1451.3333,1455.6667,1436.6000,1447.0000,129858,998051
2024-12-18 13:00:00,1447.0000,1451.3333,1432.2667,1442.6667,129858,998051
2024-12-18 14:00:00,1442.6667,1445.6667,1431.1333,1438.3333,129858,998051
2024-12-18 15:00:00,1438.3333,1440.0000,1430.0000,1434.0000,129858,998051
2024-12-19 09:00:00,1436.0000,1443.0000,1433.6667,1440.3333,142844,942836
2024-12-19 10:00:00,1440.3333,1449.4667,1436.1333,1444.6667,142844,942836
2024-12-19 11:00:00,1444.6667,1455.9333,1438.6000,1449.0000,142844,942836
2024-12-19 13:00:00,1449.0000,1460.2667,1442.9333,1453.3333,142844,942836
2024-12-19 14:00:00,1453.3333,1462.4667,1449.1333,1457.6667,142844,942836
2024-12-19 15:00:00,1457.6667,1464.6667,1455.3333,1462.0000,142844,942836
2024-12-20 09:00:00,1463.0000,1467.0000,1460.1667,1462.8333,112367,922896
2024-12-20 10:00:00,1462.8333,1470.0333,1457.8667,1462.6667,112367,922896
2024-12-20 11:00:00,1462.6667,1473.0667,1455.5667,1462.5000,112367,922896
2024-12-20 13:00:00,1462.5000,1472.9000,1455.4000,1462.3333,112367,922896
2024-12-20 14:00:00,1462.3333,1469.5333,1457.3667,1462.1667,112367,922896
2024-12-20 15:00:00,1462.1667,1466.1667,1459.3333,1462.0000,112367,922896
2024-12-23 09:00:00,1455.0000,1458.3333,1452.1667,1454.5000,108247,955044
2024-12-23 10:00:00,1454.5000,1460.5000,1449.8000,1454.0000,108247,955044
2024-12-23 11:00:00,1454.0000,1462.6667,1447.4333,1453.5000,108247,955044
2024-12-23 13:00:00,1453.5000,1462.1667,1446.9333,1453.0000,108247,955044
2024-12-23 14:00:00,1453.0000,1459.0000,1448.3000,1452.5000,108247,955044
2024-12-23 15:00:00,1452.5000,1455.8333,1449.6667,1452.0000,108247,955044
2024-12-24 09:00:00,1449.0000,1456.8333,1446.0000,1455.1667,134315,939789
2024-12-24 10:00:00,1455.1667,1464.3333,1449.7667,1461.3333,134315,939789
2024-12-24 11:00:00,1461.3333,1471.8333,1453.5333,1467.5000,134315,939789
2024-12-24 13:00:00,1467.5000,1478.0000,1459.7000,1473.6667,134315,939789
2024-12-24 14:00:00,1473.6667,1482.8333,1468.2667,1479.8333,134315,939789
2024-12-24 15:00:00,1479.8333,1487.6667,1476.8333,1486.0000,134315,939789
2024-12-25 09:00:00,1486.0000,1488.0000,1480.5000,1482.8333,123678,984719
2024-12-25 10:00:00,1482.8333,1486.4333,1475.4667,1479.6667,123678,984719
2024-12-25 11:00:00,1479.6667,1484.8667,1470.4333,1476.5000,123678,984719
2024-12-25 13:00:00,1476.5000,1481.7000,1467.2667,1473.3333,123678,984719
2024-12-25 14:00:00,1473.3333,1476.9333,1465.9667,1470.1667,123678,984719
2024-12-25 15:00:00,1470.1667,1472.1667,1464.6667,1467.0000,123678,984719
2024-12-26 09:00:00,1462.0000,1468.1667,1460.0000,1462.5000,112028,964128
2024-12-26 10:00:00,1462.5000,1473.2000,1458.9000,1463.0000,112028,964128
2024-12-26 11:00:00,1463.0000,1478.2333,1457.8000,1463.5000,112028,964128
2024-12-26 13:00:00,1463.5000,1478.7333,1458.3000,1464.0000,112028,964128
2024-12-26 14:00:00,1464.0000,1474.7000,1460.4000,1464.5000,112028,964128
2024-12-26 15:00:00,1464.5000,1470.6667,1462.5000,1465.0000,112028,964128
2024-12-27 09:00:00,1465.0000,1466.0000,1461.6667,1462.6667,106133,972025
2024-12-27 10:00:00,1462.6667,1464.4667,1458.5333,1460.3333,106133,972025
2024-12-27 11:00:00,1460.3333,1462.9333,1455.4000,1458.0000,106133,972025
2024-12-27 13:00:00,1458.0000,1460.6000,1453.0667,1455.6667,106133,972025
2024-12-27 14:00:00,1455.6667,1457.4667,1451.5333,1453.3333,106133,972025
2024-12-27 15:00:00,1453.3333,1454.3333,1450.0000,1451.0000,106133,972025
2024-12-30 09:00:00,1450.0000,1451.6667,1446.5000,1448.8333,120919,1031634
2024-12-30 10:00:00,1448.8333,1451.8333,1443.4667,1447.6667,120919,1031634
2024-12-30 11:00:00,1447.6667,1452.0000,1440.4333,1446.5000,120919,1031634
2024-12-30 13:00:00,1446.5000,1450.8333,1439.2667,1445.3333,120919,1031634
2024-12-30 14:00:00,1445.3333,1448.3333,1439.9667,1444.1667,120919,1031634
2024-12-30 15:00:00,1444.1667,1445.8333,1440.6667,1443.0000,120919,1031634
2024-12-31 09:00:00,1443.0000,1444.0000,1436.0000,1441.3333,144421,1015592
2024-12-31 10:00:00,1441.3333,1443.1333,1430.0667,1439.6667,144421,1015592
2024-12-31 11:00:00,1439.6667,1442.2667,1424.1333,1438.0000,144421,1015592
2024-12-31 13:00:00,1438.0000,1440.6000,1422.4667,1436.3333,144421,1015592
2024-12-31 14:00:00,1436.3333,1438.1333,1425.0667,1434.6667,144421,1015592
2024-12-31 15:00:00,1434.6667,1435.6667,1427.6667,1433.0000,144421,1015592
2025-01-02 09:00:00,1438.0000,1443.0000,1436.3333,1439.0000,87538,1001732
2025-01-02 10:00:00,1439.0000,1447.2000,1436.0000,1440.0000,87538,1001732
2025-01-02 11:00:00,1440.0000,1451.4000,1435.6667,1441.0000,87538,1001732
2025-01-02 13:00:00,1441.0000,1452.4000,1436.6667,1442.0000,87538,1001732
2025-01-02 14:00:00,1442.0000,1450.2000,1439.0000,1443.0000,87538,1001732
2025-01-02 15:00:00,1443.0000,1448.0000,1441.3333,1444.0000,87538,1001732
2025-01-03 09:00:00,1442.0000,1443.0000,1434.6667,1437.6667,153134,1078910
2025-01-03 10:00:00,1437.6667,1439.4667,1427.9333,1433.3333,153134,1078910
2025-01-03 11:00:00,1433.3333,1435.9333,1421.2000,1429.0000,153134,1078910
2025-01-03 13:00:00,1429.0000,1431.6000,1416.8667,1424.6667,153134,1078910
2025-01-03 14:00:00,1424.6667,1426.4667,1414.9333,1420.3333,153134,1078910
2025-01-03 15:00:00,1420.3333,1421.3333,1413.0000,1416.0000,153134,1078910
2025-01-06 09:00:00,1415.0000,1420.5000,1408.0000,1415.1667,156581,1085899
2025-01-06 10:00:00,1415.1667,1424.9333,1402.5667,1415.3333,156581,1085899
2025-01-06 11:00:00,1415.3333,1429.3667,1397.1333,1415.5000,156581,1085899
2025-01-06 13:00:00,1415.5000,1429.5333,1397.3000,1415.6667,156581,1085899
2025-01-06 14:00:00,1415.6667,1425.4333,1403.0667,1415.8333,156581,1085899
2025-01-06 15:00:00,1415.8333,1421.3333,1408.8333,1416.0000,156581,1085899
2025-01-07 09:00:00,1421.0000,1422.3333,1416.8333,1418.1667,108635,1117091
2025-01-07 10:00:00,1418.1667,1420.5667,1412.9333,1415.3333,108635,1117091
2025-01-07 11:00:00,1415.3333,1418.8000,1409.0333,1412.5000,108635,1117091
2025-01-07 13:00:00,1412.5000,1415.9667,1406.2000,1409.6667,108635,1117091
2025-01-07 14:00:00,1409.6667,1412.0667,1404.4333,1406.8333,108635,1117091
2025-01-07 15:00:00,1406.8333,1408.1667,1402.6667,1404.0000,108635,1117091
2025-01-08 09:00:00,1400.0000,1403.3333,1396.6667,1397.6667,121376,1127148
2025-01-08 10:00:00,1397.6667,1403.6667,1393.5333,1395.3333,121376,1127148
2025-01-08 11:00:00,1395.3333,1404.0000,1390.4000,1393.0000,121376,1127148
2025-01-08 13:00:00,1393.0000,1401.6667,1388.0667,1390.6667,121376,1127148
2025-01-08 14:00:00,1390.6667,1396.6667,1386.5333,1388.3333,121376,1127148
2025-01-08 15:00:00,1388.3333,1391.6667,1385.0000,1386.0000,121376,1127148
2025-01-09 09:00:00,1385.0000,1390.8333,1383.0000,1388.8333,119275,1091398
2025-01-09 10:00:00,1388.8333,1396.2667,1385.2333,1392.6667,119275,1091398
2025-01-09 11:00:00,1392.6667,1401.7000,1387.4667,1396.5000,119275,1091398
2025-01-09 13:00:00,1396.5000,1405.5333,1391.3000,1400.3333,119275,1091398
2025-01-09 14:00:00,1400.3333,1407.7667,1396.7333,1404.1667,119275,1091398
2025-01-09 15:00:00,1404.1667,1410.0000,1402.1667,1408.0000,119275,1091398
2025-01-10 09:00:00,1405.0000,1406.3333,1399.1667,1404.8333,105714,1080933
2025-01-10 10:00:00,1404.8333,1407.2333,1394.4667,1404.6667,105714,1080933
2025-01-10 11:00:00,1404.6667,1408.1333,1389.7667,1404.5000,105714,1080933
2025-01-10 13:00:00,1404.5000,1407.9667,1389.6000,1404.3333,105714,1080933
2025-01-10 14:00:00,1404.3333,1406.7333,1393.9667,1404.1667,105714,1080933
2025-01-10 15:00:00,1404.1667,1405.5000,1398.3333,1404.0000,105714,1080933
2025-01-13 09:00:00,1409.0000,1414.6667,1407.3333,1412.0000,161737,1084751
2025-01-13 10:00:00,1412.0000,1419.8000,1409.0000,1415.0000,161737,1084751
2025-01-13 11:00:00,1415.0000,1424.9333,1410.6667,1418.0000,161737,1084751
2025-01-13 13:00:00,1418.0000,1427.9333,1413.6667,1421.0000,161737,1084751
2025-01-13 14:00:00,1421.0000,1428.8000,1418.0000,1424.0000,161737,1084751
2025-01-13 15:00:00,1424.0000,1429.6667,1422.3333,1427.0000,161737,1084751
2025-01-14 09:00:00,1428.0000,1434.5000,1424.3333,1433.5000,157693,1062115
2025-01-14 10:00:00,1433.5000,1440.8000,1426.9000,1439.0000,157693,1062115
2025-01-14 11:00:00,1439.0000,1447.1000,1429.4667,1444.5000,157693,1062115
2025-01-14 13:00:00,1444.5000,1452.6000,1434.9667,1450.0000,157693,1062115
2025-01-14 14:00:00,1450.0000,1457.3000,1443.4000,1455.5000,157693,1062115
2025-01-14 15:00:00,1455.5000,1462.0000,1451.8333,1461.0000,157693,1062115
2025-01-15 09:00:00,1462.0000,1462.3333,1455.6667,1460.3333,109091,1054324
2025-01-15 10:00:00,1460.3333,1460.9333,1450.2667,1458.6667,109091,1054324
2025-01-15 11:00:00,1458.6667,1459.5333,1444.8667,1457.0000,109091,1054324
2025-01-15 13:00:00,1457.0000,1457.8667,1443.2000,1455.3333,109091,1054324
2025-01-15 14:00:00,1455.3333,1455.9333,1445.2667,1453.6667,109091,1054324
2025-01-15 15:00:00,1453.6667,1454.0000,1447.3333,1452.0000,109091,1054324
2025-01-16 09:00:00,1450.0000,1455.8333,1447.3333,1454.8333,170519,1032357
2025-01-16 10:00:00,1454.8333,1461.4667,1450.0333,1459.6667,170519,1032357
2025-01-16 11:00:00,1459.6667,1467.1000,1452.7333,1464.5000,170519,1032357
2025-01-16 13:00:00,1464.5000,1471.9333,1457.5667,1469.3333,170519,1032357
2025-01-16 14:00:00,1469.3333,1475.9667,1464.5333,1474.1667,170519,1032357
2025-01-16 15:00:00,1474.1667,1480.0000,1471.5000,1479.0000,170519,1032357
2025-01-17 09:00:00,1480.0000,1493.5000,1475.6667,1485.1667,244327,999198
2025-01-17 10:00:00,1485.1667,1505.3333,1477.3667,1490.3333,244327,999198
2025-01-17 11:00:00,1490.3333,1517.1667,1479.0667,1495.5000,244327,999198
2025-01-17 13:00:00,1495.5000,1522.3333,1484.2333,1500.6667,244327,999198
2025-01-17 14:00:00,1500.6667,1520.8333,1492.8667,1505.8333,244327,999198
2025-01-17 15:00:00,1505.8333,1519.3333,1501.5000,1511.0000,244327,999198
2025-01-20 09:00:00,1509.0000,1514.3333,1500.0000,1505.6667,173485,994822
2025-01-20 10:00:00,1505.6667,1515.2667,1492.1333,1502.3333,173485,994822
2025-01-20 11:00:00,1502.3333,1516.2000,1484.2667,1499.0000,173485,994822
2025-01-20 13:00:00,1499.0000,1512.8667,1480.9333,1495.6667,173485,994822
2025-01-20 14:00:00,1495.6667,1505.2667,1482.1333,1492.3333,173485,994822
2025-01-20 15:00:00,1492.3333,1497.6667,1483.3333,1489.0000,173485,994822
2025-01-21 09:00:00,1490.0000,1495.3333,1487.3333,1489.3333,115308,991611
2025-01-21 10:00:00,1489.3333,1498.9333,1485.0667,1488.6667,115308,991611
2025-01-21 11:00:00,1488.6667,1502.5333,1482.8000,1488.0000,115308,991611
2025-01-21 13:00:00,1488.0000,1501.8667,1482.1333,1487.3333,115308,991611
2025-01-21 14:00:00,1487.3333,1496.9333,1483.0667,1486.6667,115308,991611
2025-01-21 15:00:00,1486.6667,1492.0000,1484.0000,1486.0000,115308,991611
2025-01-22 09:00:00,1483.0000,1485.5000,1474.6667,1483.1667,141755,971258
2025-01-22 10:00:00,1483.1667,1487.5333,1468.1667,1483.3333,141755,971258
2025-01-22 11:00:00,1483.3333,1489.5667,1461.6667,1483.5000,141755,971258
2025-01-22 13:00:00,1483.5000,1489.7333,1461.8333,1483.6667,141755,971258
2025-01-22 14:00:00,1483.6667,1488.0333,1468.6667,1483.8333,141755,971258
2025-01-22 15:00:00,1483.8333,1486.3333,1475.5000,1484.0000,141755,971258
2025-01-23 09:00:00,1480.0000,1488.1667,1480.0000,1481.8333,145377,948872
2025-01-23 10:00:00,1481.8333,1495.0667,1481.8333,1483.6667,145377,948872
2025-01-23 11:00:00,1483.6667,1501.9667,1483.6667,1485.5000,145377,948872
2025-01-23 13:00:00,1485.5000,1503.8000,1485.5000,1487.3333,145377,948872
2025-01-23 14:00:00,1487.3333,1500.5667,1487.3333,1489.1667,145377,948872
2025-01-23 15:00:00,1489.1667,1497.3333,1489.1667,1491.0000,145377,948872
2025-01-24 09:00:00,1490.0000,1496.3333,1487.0000,1493.0000,132042,901103
2025-01-24 10:00:00,1493.0000,1502.0000,1487.6000,1496.0000,132042,901103
2025-01-24 11:00:00,1496.0000,1507.6667,1488.2000,1499.0000,132042,901103
2025-01-24 13:00:00,1499.0000,1510.6667,1491.2000,1502.0000,132042,901103
2025-01-24 14:00:00,1502.0000,1511.0000,1496.6000,1505.0000,132042,901103
2025-01-24 15:00:00,1505.0000,1511.3333,1502.0000,1508.0000,132042,901103
2025-01-27 09:00:00,1510.0000,1510.0000,1505.1667,1505.1667,90582,836896
2025-01-27 10:00:00,1505.1667,1505.1667,1500.3333,1500.3333,90582,836896
2025-01-27 11:00:00,1500.3333,1500.3333,1495.5000,1495.5000,90582,836896
2025-01-27 13:00:00,1495.5000,1495.5000,1490.6667,1490.6667,90582,836896
2025-01-27 14:00:00,1490.6667,1490.6667,1485.8333,1485.8333,90582,836896
2025-01-27 15:00:00,1485.8333,1485.8333,1481.0000,1481.0000,90582,836896
2025-02-05 09:00:00,1465.0000,1472.6667,1456.8333,1462.1667,116995,877728
2025-02-05 10:00:00,1462.1667,1475.9667,1449.7333,1459.3333,116995,877728
2025-02-05 11:00:00,1459.3333,1479.2667,1442.6333,1456.5000,116995,877728
2025-02-05 13:00:00,1456.5000,1476.4333,1439.8000,1453.6667,116995,877728
2025-02-05 14:00:00,1453.6667,1467.4667,1441.2333,1450.8333,116995,877728
2025-02-05 15:00:00,1450.8333,1458.5000,1442.6667,1448.0000,116995,877728
2025-02-06 09:00:00,1444.0000,1446.6667,1437.8333,1442.1667,115707,977417
2025-02-06 10:00:00,1442.1667,1446.9667,1432.5333,1440.3333,115707,977417
2025-02-06 11:00:00,1440.3333,1447.2667,1427.2333,1438.5000,115707,977417
2025-02-06 13:00:00,1438.5000,1445.4333,1425.4000,1436.6667,115707,977417
2025-02-06 14:00:00,1436.6667,1441.4667,1427.0333,1434.8333,115707,977417
2025-02-06 15:00:00,1434.8333,1437.5000,1428.6667,1433.0000,115707,977417
2025-02-07 09:00:00,1428.0000,1436.3333,1426.6667,1432.3333,144277,972164
2025-02-07 10:00:00,1432.3333,1443.8667,1429.9333,1436.6667,144277,972164
2025-02-07 11:00:00,1436.6667,1451.4000,1433.2000,1441.0000,144277,972164
2025-02-07 13:00:00,1441.0000,1455.7333,1437.5333,1445.3333,144277,972164
2025-02-07 14:00:00,1445.3333,1456.8667,1442.9333,1449.6667,144277,972164
2025-02-07 15:00:00,1449.6667,1458.0000,1448.3333,1454.0000,144277,972164
2025-02-10 09:00:00,1455.0000,1456.3333,1450.3333,1456.3333,112829,997378
2025-02-10 10:00:00,1456.3333,1457.6667,1447.9333,1457.6667,112829,997378
2025-02-10 11:00:00,1457.6667,1459.0000,1445.5333,1459.0000,112829,997378
2025-02-10 13:00:00,1459.0000,1460.3333,1446.8667,1460.3333,112829,997378
2025-02-10 14:00:00,1460.3333,1461.6667,1451.9333,1461.6667,112829,997378
2025-02-10 15:00:00,1461.6667,1463.0000,1457.0000,1463.0000,112829,997378
2025-02-11 09:00:00,1465.0000,1470.3333,1459.3333,1463.3333,147548,990706
2025-02-11 10:00:00,1463.3333,1472.9333,1454.4667,1461.6667,147548,990706
2025-02-11 11:00:00,1461.6667,1475.5333,1449.6000,1460.0000,147548,990706
2025-02-11 13:00:00,1460.0000,1473.8667,1447.9333,1458.3333,147548,990706
2025-02-11 14:00:00,1458.3333,1467.9333,1449.4667,1456.6667,147548,990706
2025-02-11 15:00:00,1456.6667,1462.0000,1451.0000,1455.0000,147548,990706
2025-02-12 09:00:00,1453.0000,1457.5000,1447.6667,1455.8333,120402,1001975
2025-02-12 10:00:00,1455.8333,1461.6667,1446.2333,1458.6667,120402,1001975
2025-02-12 11:00:00,1458.6667,1465.8333,1444.8000,1461.5000,120402,1001975
2025-02-12 13:00:00,1461.5000,1468.6667,1447.6333,1464.3333,120402,1001975
2025-02-12 14:00:00,1464.3333,1470.1667,1454.7333,1467.1667,120402,1001975
2025-02-12 15:00:00,1467.1667,1471.6667,1461.8333,1470.0000,120402,1001975
2025-02-13 09:00:00,1470.0000,1472.3333,1462.5000,1462.5000,173344,1042580
2025-02-13 10:00:00,1462.5000,1466.7000,1455.0000,1455.0000,173344,1042580
2025-02-13 11:00:00,1455.0000,1461.0667,1447.5000,1447.5000,173344,1042580
2025-02-13 13:00:00,1447.5000,1453.5667,1440.0000,1440.0000,173344,1042580
2025-02-13 14:00:00,1440.0000,1444.2000,1432.5000,1432.5000,173344,1042580
2025-02-13 15:00:00,1432.5000,1434.8333,1425.0000,1425.0000,173344,1042580
2025-02-14 09:00:00,1424.0000,1434.0000,1424.0000,1429.6667,165036,1000072
2025-02-14 10:00:00,1429.6667,1443.1333,1429.6667,1435.3333,165036,1000072
2025-02-14 11:00:00,1435.3333,1452.2667,1435.3333,1441.0000,165036,1000072
2025-02-14 13:00:00,1441.0000,1457.9333,1441.0000,1446.6667,165036,1000072
2025-02-14 14:00:00,1446.6667,1460.1333,1446.6667,1452.3333,165036,1000072
2025-02-14 15:00:00,1452.3333,1462.3333,1452.3333,1458.0000,165036,1000072
2025-02-17 09:00:00,1461.0000,1472.1667,1458.0000,1469.8333,296672,1096470
2025-02-17 10:00:00,1469.8333,1482.8667,1464.4333,1478.6667,296672,1096470
2025-02-17 11:00:00,1478.6667,1493.5667,1470.8667,1487.5000,296672,1096470
2025-02-17 13:00:00,1487.5000,1502.4000,1479.7000,1496.3333,296672,1096470
2025-02-17 14:00:00,1496.3333,1509.3667,1490.9333,1505.1667,296672,1096470
2025-02-17 15:00:00,1505.1667,1516.3333,1502.1667,1514.0000,296672,1096470
2025-02-18 09:00:00,1512.0000,1514.6667,1508.5000,1510.8333,179292,1127289
2025-02-18 10:00:00,1510.8333,1515.6333,1505.4667,1509.6667,179292,1127289
2025-02-18 11:00:00,1509.6667,1516.6000,1502.4333,1508.5000,179292,1127289
2025-02-18 13:00:00,1508.5000,1515.4333,1501.2667,1507.3333,179292,1127289
2025-02-18 14:00:00,1507.3333,1512.1333,1501.9667,1506.1667,179292,1127289
2025-02-18 15:00:00,1506.1667,1508.8333,1502.6667,1505.0000,179292,1127289
2025-02-19 09:00:00,1503.0000,1505.8333,1496.0000,1503.1667,182515,1131504
2025-02-19 10:00:00,1503.1667,1508.1333,1490.5667,1503.3333,182515,1131504
2025-02-19 11:00:00,1503.3333,1510.4333,1485.1333,1503.5000,182515,1131504
2025-02-19 13:00:00,1503.5000,1510.6000,1485.3000,1503.6667,182515,1131504
2025-02-19 14:00:00,1503.6667,1508.6333,1491.0667,1503.8333,182515,1131504
2025-02-19 15:00:00,1503.8333,1506.6667,1496.8333,1504.0000,182515,1131504
2025-02-20 09:00:00,1502.0000,1510.3333,1502.0000,1507.0000,232660,1171379
2025-02-20 10:00:00,1507.0000,1518.0000,1507.0000,1512.0000,232660,1171379
2025-02-20 11:00:00,1512.0000,1525.6667,1512.0000,1517.0000,232660,1171379
2025-02-20 13:00:00,1517.0000,1530.6667,1517.0000,1522.0000,232660,1171379
2025-02-20 14:00:00,1522.0000,1533.0000,1522.0000,1527.0000,232660,1171379
2025-02-20 15:00:00,1527.0000,1535.3333,1527.0000,1532.0000,232660,1171379
2025-02-21 09:00:00,1535.0000,1536.3333,1529.3333,1531.6667,178284,1156735
2025-02-21 10:00:00,1531.6667,1534.0667,1524.1333,1528.3333,178284,1156735
2025-02-21 11:00:00,1528.3333,1531.8000,1518.9333,1525.0000,178284,1156735
2025-02-21 13:00:00,1525.0000,1528.4667,1515.6000,1521.6667,178284,1156735
2025-02-21 14:00:00,1521.6667,1524.0667,1514.1333,1518.3333,178284,1156735
2025-02-21 15:00:00,1518.3333,1519.6667,1512.6667,1515.0000,178284,1156735
2025-02-24 09:00:00,1515.0000,1518.6667,1508.0000,1516.3333,154680,1155315
2025-02-24 10:00:00,1516.3333,1521.8667,1503.7333,1517.6667,154680,1155315
2025-02-24 11:00:00,1517.6667,1525.0667,1499.4667,1519.0000,154680,1155315
2025-02-24 13:00:00,1519.0000,1526.4000,1500.8000,1520.3333,154680,1155315
2025-02-24 14:00:00,1520.3333,1525.8667,1507.7333,1521.6667,154680,1155315
2025-02-24 15:00:00,1521.6667,1525.3333,1514.6667,1523.0000,154680,1155315
2025-02-25 09:00:00,1522.0000,1525.3333,1515.5000,1517.8333,203071,1149412
2025-02-25 10:00:00,1517.8333,1523.8333,1509.4667,1513.6667,203071,1149412
2025-02-25 11:00:00,1513.6667,1522.3333,1503.4333,1509.5000,203071,1149412
2025-02-25 13:00:00,1509.5000,1518.1667,1499.2667,1505.3333,203071,1149412
2025-02-25 14:00:00,1505.3333,1511.3333,1496.9667,1501.1667,203071,1149412
2025-02-25 15:00:00,1501.1667,1504.5000,1494.6667,1497.0000,203071,1149412
2025-02-26 09:00:00,1496.0000,1502.1667,1495.6667,1497.8333,224118,1150243
2025-02-26 10:00:00,1497.8333,1507.4667,1497.2333,1499.6667,224118,1150243
2025-02-26 11:00:00,1499.6667,1512.7667,1498.8000,1501.5000,224118,1150243
2025-02-26 13:00:00,1501.5000,1514.6000,1500.6333,1503.3333,224118,1150243
2025-02-26 14:00:00,1503.3333,1512.9667,1502.7333,1505.1667,224118,1150243
2025-02-26 15:00:00,1505.1667,1511.3333,1504.8333,1507.0000,224118,1150243
2025-02-27 09:00:00,1512.0000,1521.0000,1508.3333,1519.3333,260674,1251584
2025-02-27 10:00:00,1519.3333,1529.6667,1512.7333,1526.6667,260674,1251584
2025-02-27 11:00:00,1526.6667,1538.3333,1517.1333,1534.0000,260674,1251584
2025-02-27 13:00:00,1534.0000,1545.6667,1524.4667,1541.3333,260674,1251584
2025-02-27 14:00:00,1541.3333,1551.6667,1534.7333,1548.6667,260674,1251584
2025-02-27 15:00:00,1548.6667,1557.6667,1545.0000,1556.0000,260674,1251584
2025-02-28 09:00:00,1567.0000,1570.0000,1561.6667,1567.3333,264220,1238602
2025-02-28 10:00:00,1567.3333,1572.4667,1557.7333,1567.6667,264220,1238602
2025-02-28 11:00:00,1567.6667,1574.9333,1553.8000,1568.0000,264220,1238602
2025-02-28 13:00:00,1568.0000,1575.2667,1554.1333,1568.3333,264220,1238602
2025-02-28 14:00:00,1568.3333,1573.4667,1558.7333,1568.6667,264220,1238602
2025-02-28 15:00:00,1568.6667,1571.6667,1563.3333,1569.0000,264220,1238602
2025-03-03 09:00:00,1570.0000,1575.0000,1562.3333,1566.3333,258757,1171325
2025-03-03 10:00:00,1566.3333,1575.3333,1555.4667,1562.6667,258757,1171325
2025-03-03 11:00:00,1562.6667,1575.6667,1548.6000,1559.0000,258757,1171325
2025-03-03 13:00:00,1559.0000,1572.0000,1544.9333,1555.3333,258757,1171325
2025-03-03 14:00:00,1555.3333,1564.3333,1544.4667,1551.6667,258757,1171325
2025-03-03 15:00:00,1551.6667,1556.6667,1544.0000,1548.0000,258757,1171325
2025-03-04 09:00:00,1545.0000,1548.0000,1538.5000,1541.1667,194493,1151594
2025-03-04 10:00:00,1541.1667,1546.5667,1532.5333,1537.3333,194493,1151594
2025-03-04 11:00:00,1537.3333,1545.1333,1526.5667,1533.5000,194493,1151594
2025-03-04 13:00:00,1533.5000,1541.3000,1522.7333,1529.6667,194493,1151594
2025-03-04 14:00:00,1529.6667,1535.0667,1521.0333,1525.8333,194493,1151594
2025-03-04 15:00:00,1525.8333,1528.8333,1519.3333,1522.0000,194493,1151594
2025-03-05 09:00:00,1519.0000,1521.0000,1508.1667,1510.1667,276982,1165411
2025-03-05 10:00:00,1510.1667,1513.7667,1497.7333,1501.3333,276982,1165411
2025-03-05 11:00:00,1501.3333,1506.5333,1487.3000,1492.5000,276982,1165411
2025-03-05 13:00:00,1492.5000,1497.7000,1478.4667,1483.6667,276982,1165411
2025-03-05 14:00:00,1483.6667,1487.2667,1471.2333,1474.8333,276982,1165411
2025-03-05 15:00:00,1474.8333,1476.8333,1464.0000,1466.0000,276982,1165411
2025-03-06 09:00:00,1464.0000,1465.8333,1458.6667,1464.8333,194266,1152414
2025-03-06 10:00:00,1464.8333,1467.4667,1455.2333,1465.6667,194266,1152414
2025-03-06 11:00:00,1465.6667,1469.1000,1451.8000,1466.5000,194266,1152414
2025-03-06 13:00:00,1466.5000,1469.9333,1452.6333,1467.3333,194266,1152414
2025-03-06 14:00:00,1467.3333,1469.9667,1457.7333,1468.1667,194266,1152414
2025-03-06 15:00:00,1468.1667,1470.0000,1462.8333,1469.0000,194266,1152414
2025-03-07 09:00:00,1466.0000,1468.6667,1459.3333,1461.3333,198280,1192966
2025-03-07 10:00:00,1461.3333,1466.1333,1453.0667,1456.6667,198280,1192966
2025-03-07 11:00:00,1456.6667,1463.6000,1446.8000,1452.0000,198280,1192966
2025-03-07 13:00:00,1452.0000,1458.9333,1442.1333,1447.3333,198280,1192966
2025-03-07 14:00:00,1447.3333,1452.1333,1439.0667,1442.6667,198280,1192966
2025-03-07 15:00:00,1442.6667,1445.3333,1436.0000,1438.0000,198280,1192966
2025-03-10 09:00:00,1437.0000,1442.0000,1430.5000,1436.5000,171010,1179235
2025-03-10 10:00:00,1436.5000,1445.5000,1425.2000,1436.0000,171010,1179235
2025-03-10 11:00:00,1436.0000,1449.0000,1419.9000,1435.5000,171010,1179235
2025-03-10 13:00:00,1435.5000,1448.5000,1419.4000,1435.0000,171010,1179235
2025-03-10 14:00:00,1435.0000,1444.0000,1423.7000,1434.5000,171010,1179235
2025-03-10 15:00:00,1434.5000,1439.5000,1428.0000,1434.0000,171010,1179235
2025-03-11 09:00:00,1437.0000,1441.0000,1434.6667,1436.0000,129392,1169748
2025-03-11 10:00:00,1436.0000,1443.2000,1432.6000,1435.0000,129392,1169748
2025-03-11 11:00:00,1435.0000,1445.4000,1430.5333,1434.0000,129392,1169748
2025-03-11 13:00:00,1434.0000,1444.4000,1429.5333,1433.0000,129392,1169748
2025-03-11 14:00:00,1433.0000,1440.2000,1429.6000,1432.0000,129392,1169748
2025-03-11 15:00:00,1432.0000,1436.0000,1429.6667,1431.0000,129392,1169748
2025-03-12 09:00:00,1434.0000,1437.3333,1427.6667,1433.6667,148388,1171923
2025-03-12 10:00:00,1433.6667,1439.6667,1422.5333,1433.3333,148388,1171923
2025-03-12 11:00:00,1433.3333,1442.0000,1417.4000,1433.0000,148388,1171923
2025-03-12 13:00:00,1433.0000,1441.6667,1417.0667,1432.6667,148388,1171923
2025-03-12 14:00:00,1432.6667,1438.6667,1421.5333,1432.3333,148388,1171923
2025-03-12 15:00:00,1432.3333,1435.6667,1426.0000,1432.0000,148388,1171923
2025-03-13 09:00:00,1435.0000,1437.0000,1428.0000,1436.0000,167178,1169082
2025-03-13 10:00:00,1436.0000,1438.8000,1423.4000,1437.0000,167178,1169082
2025-03-13 11:00:00,1437.0000,1440.6000,1418.8000,1438.0000,167178,1169082
2025-03-13 13:00:00,1438.0000,1441.6000,1419.8000,1439.0000,167178,1169082
2025-03-13 14:00:00,1439.0000,1441.8000,1426.4000,1440.0000,167178,1169082
2025-03-13 15:00:00,1440.0000,1442.0000,1433.0000,1441.0000,167178,1169082
2025-03-14 09:00:00,1440.0000,1444.1667,1435.6667,1441.1667,148486,1152179
2025-03-14 10:00:00,1441.1667,1447.7333,1433.3667,1442.3333,148486,1152179
2025-03-14 11:00:00,1442.3333,1451.3000,1431.0667,1443.5000,148486,1152179
2025-03-14 13:00:00,1443.5000,1452.4667,1432.2333,1444.6667,148486,1152179
2025-03-14 14:00:00,1444.6667,1451.2333,1436.8667,1445.8333,148486,1152179
2025-03-14 15:00:00,1445.8333,1450.0000,1441.5000,1447.0000,148486,1152179
2025-03-17 09:00:00,1450.0000,1452.6667,1444.3333,1446.6667,174465,1203700
2025-03-17 10:00:00,1446.6667,1451.4667,1439.1333,1443.3333,174465,1203700
2025-03-17 11:00:00,1443.3333,1450.2667,1433.9333,1440.0000,174465,1203700
2025-03-17 13:00:00,1440.0000,1446.9333,1430.6000,1436.6667,174465,1203700
2025-03-17 14:00:00,1436.6667,1441.4667,1429.1333,1433.3333,174465,1203700
2025-03-17 15:00:00,1433.3333,1436.0000,1427.6667,1430.0000,174465,1203700
2025-03-18 09:00:00,1427.0000,1431.3333,1425.0000,1425.3333,133641,1200970
2025-03-18 10:00:00,1425.3333,1433.1333,1423.0667,1423.6667,133641,1200970
2025-03-18 11:00:00,1423.6667,1434.9333,1421.1333,1422.0000,133641,1200970
2025-03-18 13:00:00,1422.0000,1433.2667,1419.4667,1420.3333,133641,1200970
2025-03-18 14:00:00,1420.3333,1428.1333,1418.0667,1418.6667,133641,1200970
2025-03-18 15:00:00,1418.6667,1423.0000,1416.6667,1417.0000,133641,1200970
2025-03-19 09:00:00,1421.0000,1421.6667,1414.6667,1420.6667,135816,1175669
2025-03-19 10:00:00,1420.6667,1421.8667,1409.5333,1420.3333,135816,1175669
2025-03-19 11:00:00,1420.3333,1422.0667,1404.4000,1420.0000,135816,1175669
2025-03-19 13:00:00,1420.0000,1421.7333,1404.0667,1419.6667,135816,1175669
2025-03-19 14:00:00,1419.6667,1420.8667,1408.5333,1419.3333,135816,1175669
2025-03-19 15:00:00,1419.3333,1420.0000,1413.0000,1419.0000,135816,1175669
2025-03-20 09:00:00,1424.0000,1425.8333,1420.0000,1425.1667,117671,1132451
2025-03-20 10:00:00,1425.1667,1427.5333,1417.9667,1426.3333,117671,1132451
2025-03-20 11:00:00,1426.3333,1429.2333,1415.9333,1427.5000,117671,1132451
2025-03-20 13:00:00,1427.5000,1430.4000,1417.1000,1428.6667,117671,1132451
2025-03-20 14:00:00,1428.6667,1431.0333,1421.4667,1429.8333,117671,1132451
2025-03-20 15:00:00,1429.8333,1431.6667,1425.8333,1431.0000,117671,1132451
2025-03-21 09:00:00,1432.0000,1432.3333,1423.3333,1428.3333,164291,1150948
2025-03-21 10:00:00,1428.3333,1428.9333,1415.6667,1424.6667,164291,1150948
2025-03-21 11:00:00,1424.6667,1425.5333,1408.0000,1421.0000,164291,1150948
2025-03-21 13:00:00,1421.0000,1421.8667,1404.3333,1417.3333,164291,1150948
2025-03-21 14:00:00,1417.3333,1417.9333,1404.6667,1413.6667,164291,1150948
2025-03-21 15:00:00,1413.6667,1414.0000,1405.0000,1410.0000,164291,1150948
2025-03-24 09:00:00,1412.0000,1419.5000,1409.0000,1418.1667,201075,1068015
2025-03-24 10:00:00,1418.1667,1426.7333,1412.7667,1424.3333,201075,1068015
2025-03-24 11:00:00,1424.3333,1433.9667,1416.5333,1430.5000,201075,1068015
2025-03-24 13:00:00,1430.5000,1440.1333,1422.7000,1436.6667,201075,1068015
2025-03-24 14:00:00,1436.6667,1445.2333,1431.2667,1442.8333,201075,1068015
2025-03-24 15:00:00,1442.8333,1450.3333,1439.8333,1449.0000,201075,1068015
2025-03-25 09:00:00,1449.0000,1450.0000,1442.3333,1447.3333,129199,1068696
2025-03-25 10:00:00,1447.3333,1449.1333,1436.6667,1445.6667,129199,1068696
2025-03-25 11:00:00,1445.6667,1448.2667,1431.0000,1444.0000,129199,1068696
2025-03-25 13:00:00,1444.0000,1446.6000,1429.3333,1442.3333,129199,1068696
2025-03-25 14:00:00,1442.3333,1444.1333,1431.6667,1440.6667,129199,1068696
2025-03-25 15:00:00,1440.6667,1441.6667,1434.0000,1439.0000,129199,1068696
2025-03-26 09:00:00,1439.0000,1444.3333,1436.3333,1437.0000,129686,1055735
2025-03-26 10:00:00,1437.0000,1446.6000,1433.8000,1435.0000,129686,1055735
2025-03-26 11:00:00,1435.0000,1448.8667,1431.2667,1433.0000,129686,1055735
2025-03-26 13:00:00,1433.0000,1446.8667,1429.2667,1431.0000,129686,1055735
2025-03-26 14:00:00,1431.0000,1440.6000,1427.8000,1429.0000,129686,1055735
2025-03-26 15:00:00,1429.0000,1434.3333,1426.3333,1427.0000,129686,1055735
2025-03-27 09:00:00,1425.0000,1427.3333,1422.5000,1423.8333,120316,1083975
2025-03-27 10:00:00,1423.8333,1428.0333,1420.2667,1422.6667,120316,1083975
2025-03-27 11:00:00,1422.6667,1428.7333,1418.0333,1421.5000,120316,1083975
2025-03-27 13:00:00,1421.5000,1427.5667,1416.8667,1420.3333,120316,1083975
2025-03-27 14:00:00,1420.3333,1424.5333,1416.7667,1419.1667,120316,1083975
2025-03-27 15:00:00,1419.1667,1421.5000,1416.6667,1418.0000,120316,1083975
2025-03-28 09:00:00,1416.0000,1418.0000,1409.5000,1412.1667,160672,1167064
2025-03-28 10:00:00,1412.1667,1415.7667,1403.5333,1408.3333,160672,1167064
2025-03-28 11:00:00,1408.3333,1413.5333,1397.5667,1404.5000,160672,1167064
2025-03-28 13:00:00,1404.5000,1409.7000,1393.7333,1400.6667,160672,1167064
2025-03-28 14:00:00,1400.6667,1404.2667,1392.0333,1396.8333,160672,1167064
2025-03-28 15:00:00,1396.8333,1398.8333,1390.3333,1393.0000,160672,1167064
2025-03-31 09:00:00,1391.0000,1393.0000,1386.6667,1388.0000,145213,1154978
2025-03-31 10:00:00,1388.0000,1391.6000,1382.6000,1385.0000,145213,1154978
2025-03-31 11:00:00,1385.0000,1390.2000,1378.5333,1382.0000,145213,1154978
2025-03-31 13:00:00,1382.0000,1387.2000,1375.5333,1379.0000,145213,1154978
2025-03-31 14:00:00,1379.0000,1382.6000,1373.6000,1376.0000,145213,1154978
2025-03-31 15:00:00,1376.0000,1378.0000,1371.6667,1373.0000,145213,1154978
2025-04-01 09:00:00,1375.0000,1381.8333,1373.6667,1377.1667,136822,1092807
2025-04-01 10:00:00,1377.1667,1387.7333,1374.7667,1379.3333,136822,1092807
2025-04-01 11:00:00,1379.3333,1393.6333,1375.8667,1381.5000,136822,1092807
2025-04-01 13:00:00,1381.5000,1395.8000,1378.0333,1383.6667,136822,1092807
2025-04-01 14:00:00,1383.6667,1394.2333,1381.2667,1385.8333,136822,1092807
2025-04-01 15:00:00,1385.8333,1392.6667,1384.5000,1388.0000,136822,1092807
2025-04-02 09:00:00,1388.0000,1389.0000,1383.3333,1389.0000,108772,1063285
2025-04-02 10:00:00,1389.0000,1390.0000,1380.6000,1390.0000,108772,1063285
2025-04-02 11:00:00,1390.0000,1391.0000,1377.8667,1391.0000,108772,1063285
2025-04-02 13:00:00,1391.0000,1392.0000,1378.8667,1392.0000,108772,1063285
2025-04-02 14:00:00,1392.0000,1393.0000,1383.6000,1393.0000,108772,1063285
2025-04-02 15:00:00,1393.0000,1394.0000,1388.3333,1394.0000,108772,1063285
2025-04-03 09:00:00,1394.0000,1396.6667,1390.5000,1391.8333,118717,1008097
2025-04-03 10:00:00,1391.8333,1396.6333,1387.2667,1389.6667,118717,1008097
2025-04-03 11:00:00,1389.6667,1396.6000,1384.0333,1387.5000,118717,1008097
2025-04-03 13:00:00,1387.5000,1394.4333,1381.8667,1385.3333,118717,1008097
2025-04-03 14:00:00,1385.3333,1390.1333,1380.7667,1383.1667,118717,1008097
2025-04-03 15:00:00,1383.1667,1385.8333,1379.6667,1381.0000,118717,1008097
2025-04-07 09:00:00,1345.0000,1353.1667,1339.0000,1347.1667,135915,894620
2025-04-07 10:00:00,1347.1667,1360.1333,1336.3667,1349.3333,135915,894620
2025-04-07 11:00:00,1349.3333,1367.1000,1333.7333,1351.5000,135915,894620
2025-04-07 13:00:00,1351.5000,1369.2667,1335.9000,1353.6667,135915,894620
2025-04-07 14:00:00,1353.6667,1366.6333,1342.8667,1355.8333,135915,894620
2025-04-07 15:00:00,1355.8333,1364.0000,1349.8333,1358.0000,135915,894620
2025-04-08 09:00:00,1362.0000,1366.6667,1353.0000,1355.6667,153932,860834
2025-04-08 10:00:00,1355.6667,1364.0667,1344.5333,1349.3333,153932,860834
2025-04-08 11:00:00,1349.3333,1361.4667,1336.0667,1343.0000,153932,860834
2025-04-08 13:00:00,1343.0000,1355.1333,1329.7333,1336.6667,153932,860834
2025-04-08 14:00:00,1336.6667,1345.0667,1325.5333,1330.3333,153932,860834
2025-04-08 15:00:00,1330.3333,1335.0000,1321.3333,1324.0000,153932,860834
2025-04-09 09:00:00,1323.0000,1324.6667,1305.6667,1321.3333,212839,714341
2025-04-09 10:00:00,1321.3333,1324.3333,1291.4667,1319.6667,212839,714341
2025-04-09 11:00:00,1319.6667,1324.0000,1277.2667,1318.0000,212839,714341
2025-04-09 13:00:00,1318.0000,1322.3333,1275.6000,1316.3333,212839,714341
2025-04-09 14:00:00,1316.3333,1319.3333,1286.4667,1314.6667,212839,714341
2025-04-09 15:00:00,1314.6667,1316.3333,1297.3333,1313.0000,212839,714341
2025-04-10 09:00:00,1307.0000,1318.1667,1306.3333,1309.1667,128596,666863
2025-04-10 10:00:00,1309.1667,1327.5333,1307.9667,1311.3333,128596,666863
2025-04-10 11:00:00,1311.3333,1336.9000,1309.6000,1313.5000,128596,666863
2025-04-10 13:00:00,1313.5000,1339.0667,1311.7667,1315.6667,128596,666863
2025-04-10 14:00:00,1315.6667,1334.0333,1314.4667,1317.8333,128596,666863
2025-04-10 15:00:00,1317.8333,1329.0000,1317.1667,1320.0000,128596,666863
2025-04-11 09:00:00,1316.0000,1320.1667,1314.3333,1317.8333,93428,625082
2025-04-11 10:00:00,1317.8333,1323.8667,1314.8333,1319.6667,93428,625082
2025-04-11 11:00:00,1319.6667,1327.5667,1315.3333,1321.5000,93428,625082
2025-04-11 13:00:00,1321.5000,1329.4000,1317.1667,1323.3333,93428,625082
2025-04-11 14:00:00,1323.3333,1329.3667,1320.3333,1325.1667,93428,625082
2025-04-11 15:00:00,1325.1667,1329.3333,1323.5000,1327.0000,93428,625082
2025-04-14 09:00:00,1332.0000,1334.8333,1329.6667,1333.1667,71627,571806
2025-04-14 10:00:00,1333.1667,1337.3333,1328.9667,1334.3333,71627,571806
2025-04-14 11:00:00,1334.3333,1339.8333,1328.2667,1335.5000,71627,571806
2025-04-14 13:00:00,1335.5000,1341.0000,1329.4333,1336.6667,71627,571806
2025-04-14 14:00:00,1336.6667,1340.8333,1332.4667,1337.8333,71627,571806
2025-04-14 15:00:00,1337.8333,1340.6667,1335.5000,1339.0000,71627,571806
2025-04-15 09:00:00,1339.0000,1339.3333,1333.6667,1337.6667,67219,487943
2025-04-15 10:00:00,1337.6667,1338.2667,1329.1333,1336.3333,67219,487943
2025-04-15 11:00:00,1336.3333,1337.2000,1324.6000,1335.0000,67219,487943
2025-04-15 13:00:00,1335.0000,1335.8667,1323.2667,1333.6667,67219,487943
2025-04-15 14:00:00,1333.6667,1334.2667,1325.1333,1332.3333,67219,487943
2025-04-15 15:00:00,1332.3333,1332.6667,1327.0000,1331.0000,67219,487943
2025-04-16 09:00:00,1333.0000,1334.6667,1330.5000,1331.1667,29842,430363
2025-04-16 10:00:00,1331.1667,1334.1667,1328.1333,1329.3333,29842,430363
2025-04-16 11:00:00,1329.3333,1333.6667,1325.7667,1327.5000,29842,430363
2025-04-16 13:00:00,1327.5000,1331.8333,1323.9333,1325.6667,29842,430363
2025-04-16 14:00:00,1325.6667,1328.6667,1322.6333,1323.8333,29842,430363
2025-04-16 15:00:00,1323.8333,1325.5000,1321.3333,1322.0000,29842,430363
2025-04-17 09:00:00,1330.0000,1330.0000,1325.1667,1328.1667,26043,381509
2025-04-17 10:00:00,1328.1667,1328.1667,1320.9333,1326.3333,26043,381509
2025-04-17 11:00:00,1326.3333,1326.3333,1316.7000,1324.5000,26043,381509
2025-04-17 13:00:00,1324.5000,1324.5000,1314.8667,1322.6667,26043,381509
2025-04-17 14:00:00,1322.6667,1322.6667,1315.4333,1320.8333,26043,381509
2025-04-17 15:00:00,1320.8333,1320.8333,1316.0000,1319.0000,26043,381509
2025-04-18 09:00:00,1319.0000,1319.3333,1312.5000,1313.5000,29349,329631
2025-04-18 10:00:00,1313.5000,1314.1000,1306.2000,1308.0000,29349,329631
2025-04-18 11:00:00,1308.0000,1308.8667,1299.9000,1302.5000,29349,329631
2025-04-18 13:00:00,1302.5000,1303.3667,1294.4000,1297.0000,29349,329631
2025-04-18 14:00:00,1297.0000,1297.6000,1289.7000,1291.5000,29349,329631
2025-04-18 15:00:00,1291.5000,1291.8333,1285.0000,1286.0000,29349,329631
2025-04-21 09:00:00,1286.0000,1291.8333,1284.6667,1286.5000,19940,296254
2025-04-21 10:00:00,1286.5000,1296.6000,1284.1000,1287.0000,19940,296254
2025-04-21 11:00:00,1287.0000,1301.3667,1283.5333,1287.5000,19940,296254
2025-04-21 13:00:00,1287.5000,1301.8667,1284.0333,1288.0000,19940,296254
2025-04-21 14:00:00,1288.0000,1298.1000,1285.6000,1288.5000,19940,296254
2025-04-21 15:00:00,1288.5000,1294.3333,1287.1667,1289.0000,19940,296254
2025-04-22 09:00:00,1290.0000,1292.3333,1286.0000,1287.3333,17185,261699
2025-04-22 10:00:00,1287.3333,1291.5333,1282.2667,1284.6667,17185,261699
2025-04-22 11:00:00,1284.6667,1290.7333,1278.5333,1282.0000,17185,261699
2025-04-22 13:00:00,1282.0000,1288.0667,1275.8667,1279.3333,17185,261699
2025-04-22 14:00:00,1279.3333,1283.5333,1274.2667,1276.6667,17185,261699
2025-04-22 15:00:00,1276.6667,1279.0000,1272.6667,1274.0000,17185,261699
2025-04-23 09:00:00,1280.0000,1287.3333,1278.3333,1287.0000,25990,214005
2025-04-23 10:00:00,1287.0000,1294.6000,1284.0000,1294.0000,25990,214005
2025-04-23 11:00:00,1294.0000,1301.8667,1289.6667,1301.0000,25990,214005
2025-04-23 13:00:00,1301.0000,1308.8667,1296.6667,1308.0000,25990,214005
2025-04-23 14:00:00,1308.0000,1315.6000,1305.0000,1315.0000,25990,214005
2025-04-23 15:00:00,1315.0000,1322.3333,1313.3333,1322.0000,25990,214005
2025-04-24 09:00:00,1323.0000,1324.8333,1319.3333,1324.5000,14928,180494
2025-04-24 10:00:00,1324.5000,1326.6000,1317.9000,1326.0000,14928,180494
2025-04-24 11:00:00,1326.0000,1328.3667,1316.4667,1327.5000,14928,180494
2025-04-24 13:00:00,1327.5000,1329.8667,1317.9667,1329.0000,14928,180494
2025-04-24 14:00:00,1329.0000,1331.1000,1322.4000,1330.5000,14928,180494
2025-04-24 15:00:00,1330.5000,1332.3333,1326.8333,1332.0000,14928,180494
2025-04-25 09:00:00,1334.0000,1334.6667,1329.8333,1331.8333,11973,152435
2025-04-25 10:00:00,1331.8333,1333.0333,1326.0667,1329.6667,11973,152435
2025-04-25 11:00:00,1329.6667,1331.4000,1322.3000,1327.5000,11973,152435
2025-04-25 13:00:00,1327.5000,1329.2333,1320.1333,1325.3333,11973,152435
2025-04-25 14:00:00,1325.3333,1326.5333,1319.5667,1323.1667,11973,152435
2025-04-25 15:00:00,1323.1667,1323.8333,1319.0000,1321.0000,11973,152435
2025-04-28 09:00:00,1315.0000,1324.0000,1315.0000,1315.6667,12167,122810
2025-04-28 10:00:00,1315.6667,1331.3333,1315.6667,1316.3333,12167,122810
2025-04-28 11:00:00,1316.3333,1338.6667,1316.3333,1317.0000,12167,122810
2025-04-28 13:00:00,1317.0000,1339.3333,1317.0000,1317.6667,12167,122810
2025-04-28 14:00:00,1317.6667,1333.3333,1317.6667,1318.3333,12167,122810
2025-04-28 15:00:00,1318.3333,1327.3333,1318.3333,1319.0000,12167,122810
2025-04-29 09:00:00,1320.0000,1324.1667,1320.0000,1321.5000,11326,82690
2025-04-29 10:00:00,1321.5000,1327.8000,1321.5000,1323.0000,11326,82690
2025-04-29 11:00:00,1323.0000,1331.4333,1323.0000,1324.5000,11326,82690
2025-04-29 13:00:00,1324.5000,1332.9333,1324.5000,1326.0000,11326,82690
2025-04-29 14:00:00,1326.0000,1332.3000,1326.0000,1327.5000,11326,82690
2025-04-29 15:00:00,1327.5000,1331.6667,1327.5000,1329.0000,11326,82690
2025-04-30 09:00:00,1328.0000,1329.0000,1321.3333,1322.0000,15874,8747
2025-04-30 10:00:00,1322.0000,1323.8000,1314.8000,1316.0000,15874,8747
2025-04-30 11:00:00,1316.0000,1318.6000,1308.2667,1310.0000,15874,8747
2025-04-30 13:00:00,1310.0000,1312.6000,1302.2667,1304.0000,15874,8747
2025-04-30 14:00:00,1304.0000,1305.8000,1296.8000,1298.0000,15874,8747
2025-04-30 15:00:00,1298.0000,1299.0000,1291.3333,1292.0000,15874,8747
2025-05-06 09:00:00,1290.0000,1296.3333,1285.1667,1288.5000,272,8135
2025-05-06 10:00:00,1288.5000,1299.9000,1281.0000,1287.0000,272,8135
2025-05-06 11:00:00,1287.0000,1303.4667,1276.8333,1285.5000,272,8135
2025-05-06 13:00:00,1285.5000,1301.9667,1275.3333,1284.0000,272,8135
2025-05-06 14:00:00,1284.0000,1295.4000,1276.5000,1282.5000,272,8135
2025-05-06 15:00:00,1282.5000,1288.8333,1277.6667,1281.0000,272,8135
2025-05-07 09:00:00,1288.0000,1290.0000,1285.3333,1289.3333,217,7275
2025-05-07 10:00:00,1289.3333,1291.8667,1284.5333,1290.6667,217,7275
2025-05-07 11:00:00,1290.6667,1293.7333,1283.7333,1292.0000,217,7275
2025-05-07 13:00:00,1292.0000,1295.0667,1285.0667,1293.3333,217,7275
2025-05-07 14:00:00,1293.3333,1295.8667,1288.5333,1294.6667,217,7275
2025-05-07 15:00:00,1294.6667,1296.6667,1292.0000,1296.0000,217,7275
2025-05-08 09:00:00,1289.0000,1290.6667,1286.0000,1290.0000,401,5435
2025-05-08 10:00:00,1290.0000,1292.2000,1284.6000,1291.0000,401,5435
2025-05-08 11:00:00,1291.0000,1293.7333,1283.2000,1292.0000,401,5435
2025-05-08 13:00:00,1292.0000,1294.7333,1284.2000,1293.0000,401,5435
2025-05-08 14:00:00,1293.0000,1295.2000,1287.6000,1294.0000,401,5435
2025-05-08 15:00:00,1294.0000,1295.6667,1291.0000,1295.0000,401,5435
2025-05-09 09:00:00,1300.0000,1301.3333,1298.3333,1300.3333,259,3953
2025-05-09 10:00:00,1300.3333,1302.4667,1297.3333,1300.6667,259,3953
2025-05-09 11:00:00,1300.6667,1303.6000,1296.3333,1301.0000,259,3953
2025-05-09 13:00:00,1301.0000,1303.9333,1296.6667,1301.3333,259,3953
2025-05-09 14:00:00,1301.3333,1303.4667,1298.3333,1301.6667,259,3953
2025-05-09 15:00:00,1301.6667,1303.0000,1300.0000,1302.0000,259,3953
2025-05-12 09:00:00,1276.0000,1282.8333,1275.6667,1278.5000,130,3157
2025-05-12 10:00:00,1278.5000,1288.8000,1277.9000,1281.0000,130,3157
2025-05-12 11:00:00,1281.0000,1294.7667,1280.1333,1283.5000,130,3157
2025-05-12 13:00:00,1283.5000,1297.2667,1282.6333,1286.0000,130,3157
2025-05-12 14:00:00,1286.0000,1296.3000,1285.4000,1288.5000,130,3157
2025-05-12 15:00:00,1288.5000,1295.3333,1288.1667,1291.0000,130,3157
2025-05-13 09:00:00,1296.0000,1301.6667,1286.6667,1290.3333,55,3137
2025-05-13 10:00:00,1290.3333,1300.5333,1278.0667,1284.6667,55,3137
2025-05-13 11:00:00,1284.6667,1299.4000,1269.4667,1279.0000,55,3137
2025-05-13 13:00:00,1279.0000,1293.7333,1263.8000,1273.3333,55,3137
2025-05-13 14:00:00,1273.3333,1283.5333,1261.0667,1267.6667,55,3137
2025-05-13 15:00:00,1267.6667,1273.3333,1258.3333,1262.0000,55,3137
2025-05-14 09:00:00,1272.0000,1276.6667,1266.6667,1276.0000,105,2919
2025-05-14 10:00:00,1276.0000,1281.2000,1266.4000,1280.0000,105,2919
2025-05-14 11:00:00,1280.0000,1285.7333,1266.1333,1284.0000,105,2919
2025-05-14 13:00:00,1284.0000,1289.7333,1270.1333,1288.0000,105,2919
2025-05-14 14:00:00,1288.0000,1293.2000,1278.4000,1292.0000,105,2919
2025-05-14 15:00:00,1292.0000,1296.6667,1286.6667,1296.0000,105,2919
2025-05-15 09:00:00,1298.0000,1298.0000,1291.8333,1295.8333,18,2844
2025-05-15 10:00:00,1295.8333,1295.8333,1286.4667,1293.6667,18,2844
2025-05-15 11:00:00,1293.6667,1293.6667,1281.1000,1291.5000,18,2844
2025-05-15 13:00:00,1291.5000,1291.5000,1278.9333,1289.3333,18,2844
2025-05-15 14:00:00,1289.3333,1289.3333,1279.9667,1287.1667,18,2844
2025-05-15 15:00:00,1287.1667,1287.1667,1281.0000,1285.0000,18,2844
2025-05-16 09:00:00,1274.0000,1274.0000,1271.3333,1272.3333,22,2840
2025-05-16 10:00:00,1272.3333,1272.3333,1268.8667,1270.6667,22,2840
2025-05-16 11:00:00,1270.6667,1270.6667,1266.4000,1269.0000,22,2840
2025-05-16 13:00:00,1269.0000,1269.0000,1264.7333,1267.3333,22,2840
2025-05-16 14:00:00,1267.3333,1267.3333,1263.8667,1265.6667,22,2840
2025-05-16 15:00:00,1265.6667,1265.6667,1263.0000,1264.0000,22,2840
2025-05-19 09:00:00,1260.0000,1264.1667,1258.3333,1264.1667,100,0
2025-05-19 10:00:00,1264.1667,1268.3333,1261.1667,1268.3333,100,0
2025-05-19 11:00:00,1268.3333,1272.5000,1264.0000,1272.5000,100,0
2025-05-19 13:00:00,1272.5000,1276.6667,1268.1667,1276.6667,100,0
2025-05-19 14:00:00,1276.6667,1280.8333,1273.6667,1280.8333,100,0
2025-05-19 15:00:00,1280.8333,1285.0000,1279.1667,1285.0000,100,0
