datetime,open,high,low,close,volume,openinterest
2024-07-15 09:00:00,1960.0000,1964.6667,1955.6667,1957.3333,22,96
2024-07-15 10:00:00,1957.3333,1965.7333,1951.6667,1954.6667,22,96
2024-07-15 11:00:00,1954.6667,1966.8000,1947.6667,1952.0000,22,96
2024-07-15 13:00:00,1952.0000,1964.1333,1945.0000,1949.3333,22,96
2024-07-15 14:00:00,1949.3333,1957.7333,1943.6667,1946.6667,22,96
2024-07-15 15:00:00,1946.6667,1951.3333,1942.3333,1944.0000,22,96
2024-07-16 09:00:00,1940.0000,1941.6667,1934.3333,1936.3333,16,153
2024-07-16 10:00:00,1936.3333,1939.3333,1929.0667,1932.6667,16,153
2024-07-16 11:00:00,1932.6667,1937.0000,1923.8000,1929.0000,16,153
2024-07-16 13:00:00,1929.0000,1933.3333,1920.1333,1925.3333,16,153
2024-07-16 14:00:00,1925.3333,1928.3333,1918.0667,1921.6667,16,153
2024-07-16 15:00:00,1921.6667,1923.3333,1916.0000,1918.0000,16,153
2024-07-17 09:00:00,1916.0000,1922.1667,1910.3333,1916.5000,8,158
2024-07-17 10:00:00,1916.5000,1927.2000,1906.3000,1917.0000,8,158
2024-07-17 11:00:00,1917.0000,1932.2333,1902.2667,1917.5000,8,158
2024-07-17 13:00:00,1917.5000,1932.7333,1902.7667,1918.0000,8,158
2024-07-17 14:00:00,1918.0000,1928.7000,1907.8000,1918.5000,8,158
2024-07-17 15:00:00,1918.5000,1924.6667,1912.8333,1919.0000,8,158
2024-07-18 09:00:00,1909.0000,1912.3333,1902.0000,1911.6667,12,191
2024-07-18 10:00:00,1911.6667,1915.5333,1899.0667,1914.3333,12,191
2024-07-18 11:00:00,1914.3333,1918.7333,1896.1333,1917.0000,12,191
2024-07-18 13:00:00,1917.0000,1921.4000,1898.8000,1919.6667,12,191
2024-07-18 14:00:00,1919.6667,1923.5333,1907.0667,1922.3333,12,191
2024-07-18 15:00:00,1922.3333,1925.6667,1915.3333,1925.0000,12,191
2024-07-19 09:00:00,1931.0000,1935.6667,1925.1667,1928.5000,19,221
2024-07-19 10:00:00,1928.5000,1936.9000,1920.0000,1926.0000,19,221
2024-07-19 11:00:00,1926.0000,1938.1333,1914.8333,1923.5000,19,221
2024-07-19 13:00:00,1923.5000,1935.6333,1912.3333,1921.0000,19,221
2024-07-19 14:00:00,1921.0000,1929.4000,1912.5000,1918.5000,19,221
2024-07-19 15:00:00,1918.5000,1923.1667,1912.6667,1916.0000,19,221
2024-07-22 09:00:00,1907.0000,1908.6667,1903.3333,1904.3333,31,372
2024-07-22 10:00:00,1904.3333,1907.3333,1899.8667,1901.6667,31,372
2024-07-22 11:00:00,1901.6667,1906.0000,1896.4000,1899.0000,31,372
2024-07-22 13:00:00,1899.0000,1903.3333,1893.7333,1896.3333,31,372
2024-07-22 14:00:00,1896.3333,1899.3333,1891.8667,1893.6667,31,372
2024-07-22 15:00:00,1893.6667,1895.3333,1890.0000,1891.0000,31,372
2024-07-23 09:00:00,1890.0000,1894.0000,1887.1667,1889.8333,61,647
2024-07-23 10:00:00,1889.8333,1897.0333,1884.8667,1889.6667,61,647
2024-07-23 11:00:00,1889.6667,1900.0667,1882.5667,1889.5000,61,647
2024-07-23 13:00:00,1889.5000,1899.9000,1882.4000,1889.3333,61,647
2024-07-23 14:00:00,1889.3333,1896.5333,1884.3667,1889.1667,61,647
2024-07-23 15:00:00,1889.1667,1893.1667,1886.3333,1889.0000,61,647
2024-07-24 09:00:00,1895.0000,1896.6667,1890.0000,1895.3333,8,665
2024-07-24 10:00:00,1895.3333,1898.0667,1886.3333,1895.6667,8,665
2024-07-24 11:00:00,1895.6667,1899.4667,1882.6667,1896.0000,8,665
2024-07-24 13:00:00,1896.0000,1899.8000,1883.0000,1896.3333,8,665
2024-07-24 14:00:00,1896.3333,1899.0667,1887.3333,1896.6667,8,665
2024-07-24 15:00:00,1896.6667,1898.3333,1891.6667,1897.0000,8,665
2024-07-25 09:00:00,1889.0000,1890.0000,1884.0000,1887.0000,41,774
2024-07-25 10:00:00,1887.0000,1888.8000,1879.6000,1885.0000,41,774
2024-07-25 11:00:00,1885.0000,1887.6000,1875.2000,1883.0000,41,774
2024-07-25 13:00:00,1883.0000,1885.6000,1873.2000,1881.0000,41,774
2024-07-25 14:00:00,1881.0000,1882.8000,1873.6000,1879.0000,41,774
2024-07-25 15:00:00,1879.0000,1880.0000,1874.0000,1877.0000,41,774
2024-07-26 09:00:00,1889.0000,1891.6667,1883.5000,1883.5000,16,794
2024-07-26 10:00:00,1883.5000,1888.3000,1878.0000,1878.0000,16,794
2024-07-26 11:00:00,1878.0000,1884.9333,1872.5000,1872.5000,16,794
2024-07-26 13:00:00,1872.5000,1879.4333,1867.0000,1867.0000,16,794
2024-07-26 14:00:00,1867.0000,1871.8000,1861.5000,1861.5000,16,794
2024-07-26 15:00:00,1861.5000,1864.1667,1856.0000,1856.0000,16,794
2024-07-29 09:00:00,1850.0000,1851.6667,1843.6667,1844.3333,58,989
2024-07-29 10:00:00,1844.3333,1847.3333,1837.4667,1838.6667,58,989
2024-07-29 11:00:00,1838.6667,1843.0000,1831.2667,1833.0000,58,989
2024-07-29 13:00:00,1833.0000,1837.3333,1825.6000,1827.3333,58,989
2024-07-29 14:00:00,1827.3333,1830.3333,1820.4667,1821.6667,58,989
2024-07-29 15:00:00,1821.6667,1823.3333,1815.3333,1816.0000,58,989
2024-07-30 09:00:00,1819.0000,1819.0000,1812.0000,1814.3333,69,1271
2024-07-30 10:00:00,1814.3333,1814.3333,1805.4667,1809.6667,69,1271
2024-07-30 11:00:00,1809.6667,1809.6667,1798.9333,1805.0000,69,1271
2024-07-30 13:00:00,1805.0000,1805.0000,1794.2667,1800.3333,69,1271
2024-07-30 14:00:00,1800.3333,1800.3333,1791.4667,1795.6667,69,1271
2024-07-30 15:00:00,1795.6667,1795.6667,1788.6667,1791.0000,69,1271
2024-07-31 09:00:00,1788.0000,1797.6667,1780.0000,1791.6667,34,1283
2024-07-31 10:00:00,1791.6667,1806.1333,1777.2667,1795.3333,34,1283
2024-07-31 11:00:00,1795.3333,1814.6000,1774.5333,1799.0000,34,1283
2024-07-31 13:00:00,1799.0000,1818.2667,1778.2000,1802.6667,34,1283
2024-07-31 14:00:00,1802.6667,1817.1333,1788.2667,1806.3333,34,1283
2024-07-31 15:00:00,1806.3333,1816.0000,1798.3333,1810.0000,34,1283
2024-08-01 09:00:00,1816.0000,1825.6667,1808.3333,1812.0000,50,1334
2024-08-01 10:00:00,1812.0000,1829.4000,1801.4000,1808.0000,50,1334
2024-08-01 11:00:00,1808.0000,1833.1333,1794.4667,1804.0000,50,1334
2024-08-01 13:00:00,1804.0000,1829.1333,1790.4667,1800.0000,50,1334
2024-08-01 14:00:00,1800.0000,1817.4000,1789.4000,1796.0000,50,1334
2024-08-01 15:00:00,1796.0000,1805.6667,1788.3333,1792.0000,50,1334
2024-08-02 09:00:00,1787.0000,1796.8333,1784.0000,1796.5000,36,1320
2024-08-02 10:00:00,1796.5000,1806.6000,1791.1000,1806.0000,36,1320
2024-08-02 11:00:00,1806.0000,1816.3667,1798.2000,1815.5000,36,1320
2024-08-02 13:00:00,1815.5000,1825.8667,1807.7000,1825.0000,36,1320
2024-08-02 14:00:00,1825.0000,1835.1000,1819.6000,1834.5000,36,1320
2024-08-02 15:00:00,1834.5000,1844.3333,1831.5000,1844.0000,36,1320
2024-08-05 09:00:00,1844.0000,1850.3333,1834.3333,1840.6667,47,1329
2024-08-05 10:00:00,1840.6667,1852.0667,1825.9333,1837.3333,47,1329
2024-08-05 11:00:00,1837.3333,1853.8000,1817.5333,1834.0000,47,1329
2024-08-05 13:00:00,1834.0000,1850.4667,1814.2000,1830.6667,47,1329
2024-08-05 14:00:00,1830.6667,1842.0667,1815.9333,1827.3333,47,1329
2024-08-05 15:00:00,1827.3333,1833.6667,1817.6667,1824.0000,47,1329
2024-08-06 09:00:00,1810.0000,1821.3333,1806.5000,1806.5000,36,1318
2024-08-06 10:00:00,1806.5000,1826.9000,1803.0000,1803.0000,36,1318
2024-08-06 11:00:00,1803.0000,1832.4667,1799.5000,1799.5000,36,1318
2024-08-06 13:00:00,1799.5000,1828.9667,1796.0000,1796.0000,36,1318
2024-08-06 14:00:00,1796.0000,1816.4000,1792.5000,1792.5000,36,1318
2024-08-06 15:00:00,1792.5000,1803.8333,1789.0000,1789.0000,36,1318
2024-08-07 09:00:00,1788.0000,1794.6667,1784.3333,1788.6667,64,1485
2024-08-07 10:00:00,1788.6667,1800.1333,1782.0667,1789.3333,64,1485
2024-08-07 11:00:00,1789.3333,1805.6000,1779.8000,1790.0000,64,1485
2024-08-07 13:00:00,1790.0000,1806.2667,1780.4667,1790.6667,64,1485
2024-08-07 14:00:00,1790.6667,1802.1333,1784.0667,1791.3333,64,1485
2024-08-07 15:00:00,1791.3333,1798.0000,1787.6667,1792.0000,64,1485
2024-08-08 09:00:00,1792.0000,1798.5000,1790.6667,1793.5000,40,1540
2024-08-08 10:00:00,1793.5000,1804.0000,1791.1000,1795.0000,40,1540
2024-08-08 11:00:00,1795.0000,1809.5000,1791.5333,1796.5000,40,1540
2024-08-08 13:00:00,1796.5000,1811.0000,1793.0333,1798.0000,40,1540
2024-08-08 14:00:00,1798.0000,1808.5000,1795.6000,1799.5000,40,1540
2024-08-08 15:00:00,1799.5000,1806.0000,1798.1667,1801.0000,40,1540
2024-08-09 09:00:00,1802.0000,1811.3333,1799.6667,1800.0000,26,1579
2024-08-09 10:00:00,1800.0000,1816.8000,1797.4000,1798.0000,26,1579
2024-08-09 11:00:00,1798.0000,1822.2667,1795.1333,1796.0000,26,1579
2024-08-09 13:00:00,1796.0000,1820.2667,1793.1333,1794.0000,26,1579
2024-08-09 14:00:00,1794.0000,1810.8000,1791.4000,1792.0000,26,1579
2024-08-09 15:00:00,1792.0000,1801.3333,1789.6667,1790.0000,26,1579
2024-08-12 09:00:00,1796.0000,1796.6667,1783.3333,1789.6667,118,1940
2024-08-12 10:00:00,1789.6667,1790.8667,1771.9333,1783.3333,118,1940
2024-08-12 11:00:00,1783.3333,1785.0667,1760.5333,1777.0000,118,1940
2024-08-12 13:00:00,1777.0000,1778.7333,1754.2000,1770.6667,118,1940
2024-08-12 14:00:00,1770.6667,1771.8667,1752.9333,1764.3333,118,1940
2024-08-12 15:00:00,1764.3333,1765.0000,1751.6667,1758.0000,118,1940
2024-08-13 09:00:00,1758.0000,1758.0000,1747.5000,1751.1667,112,2067
2024-08-13 10:00:00,1751.1667,1751.1667,1737.7333,1744.3333,112,2067
2024-08-13 11:00:00,1744.3333,1744.3333,1727.9667,1737.5000,112,2067
2024-08-13 13:00:00,1737.5000,1737.5000,1721.1333,1730.6667,112,2067
2024-08-13 14:00:00,1730.6667,1730.6667,1717.2333,1723.8333,112,2067
2024-08-13 15:00:00,1723.8333,1723.8333,1713.3333,1717.0000,112,2067
2024-08-14 09:00:00,1702.0000,1704.3333,1687.1667,1692.8333,105,2185
2024-08-14 10:00:00,1692.8333,1697.0333,1673.4667,1683.6667,105,2185
2024-08-14 11:00:00,1683.6667,1689.7333,1659.7667,1674.5000,105,2185
2024-08-14 13:00:00,1674.5000,1680.5667,1650.6000,1665.3333,105,2185
2024-08-14 14:00:00,1665.3333,1669.5333,1645.9667,1656.1667,105,2185
2024-08-14 15:00:00,1656.1667,1658.5000,1641.3333,1647.0000,105,2185
2024-08-15 09:00:00,1651.0000,1652.0000,1638.6667,1650.6667,144,2403
2024-08-15 10:00:00,1650.6667,1652.4667,1628.7333,1650.3333,144,2403
2024-08-15 11:00:00,1650.3333,1652.9333,1618.8000,1650.0000,144,2403
2024-08-15 13:00:00,1650.0000,1652.6000,1618.4667,1649.6667,144,2403
2024-08-15 14:00:00,1649.6667,1651.4667,1627.7333,1649.3333,144,2403
2024-08-15 15:00:00,1649.3333,1650.3333,1637.0000,1649.0000,144,2403
2024-08-16 09:00:00,1647.0000,1660.3333,1645.8333,1645.8333,126,2485
2024-08-16 10:00:00,1645.8333,1669.8333,1644.6667,1644.6667,126,2485
2024-08-16 11:00:00,1644.6667,1679.3333,1643.5000,1643.5000,126,2485
2024-08-16 13:00:00,1643.5000,1678.1667,1642.3333,1642.3333,126,2485
2024-08-16 14:00:00,1642.3333,1666.3333,1641.1667,1641.1667,126,2485
2024-08-16 15:00:00,1641.1667,1654.5000,1640.0000,1640.0000,126,2485
2024-08-19 09:00:00,1638.0000,1646.3333,1633.0000,1641.3333,89,2435
2024-08-19 10:00:00,1641.3333,1653.6667,1632.3333,1644.6667,89,2435
2024-08-19 11:00:00,1644.6667,1661.0000,1631.6667,1648.0000,89,2435
2024-08-19 13:00:00,1648.0000,1664.3333,1635.0000,1651.3333,89,2435
2024-08-19 14:00:00,1651.3333,1663.6667,1642.3333,1654.6667,89,2435
2024-08-19 15:00:00,1654.6667,1663.0000,1649.6667,1658.0000,89,2435
2024-08-20 09:00:00,1662.0000,1666.6667,1656.6667,1665.3333,50,2342
2024-08-20 10:00:00,1665.3333,1671.0667,1655.7333,1668.6667,50,2342
2024-08-20 11:00:00,1668.6667,1675.4667,1654.8000,1672.0000,50,2342
2024-08-20 13:00:00,1672.0000,1678.8000,1658.1333,1675.3333,50,2342
2024-08-20 14:00:00,1675.3333,1681.0667,1665.7333,1678.6667,50,2342
2024-08-20 15:00:00,1678.6667,1683.3333,1673.3333,1682.0000,50,2342
2024-08-21 09:00:00,1688.0000,1694.3333,1686.3333,1694.3333,127,2637
2024-08-21 10:00:00,1694.3333,1700.6667,1691.3333,1700.6667,127,2637
2024-08-21 11:00:00,1700.6667,1707.0000,1696.3333,1707.0000,127,2637
2024-08-21 13:00:00,1707.0000,1713.3333,1702.6667,1713.3333,127,2637
2024-08-21 14:00:00,1713.3333,1719.6667,1710.3333,1719.6667,127,2637
2024-08-21 15:00:00,1719.6667,1726.0000,1718.0000,1726.0000,127,2637
2024-08-22 09:00:00,1726.0000,1726.6667,1712.1667,1712.5000,193,2852
2024-08-22 10:00:00,1712.5000,1713.7000,1698.4000,1699.0000,193,2852
2024-08-22 11:00:00,1699.0000,1700.7333,1684.6333,1685.5000,193,2852
2024-08-22 13:00:00,1685.5000,1687.2333,1671.1333,1672.0000,193,2852
2024-08-22 14:00:00,1672.0000,1673.2000,1657.9000,1658.5000,193,2852
2024-08-22 15:00:00,1658.5000,1659.1667,1644.6667,1645.0000,193,2852
2024-08-23 09:00:00,1642.0000,1646.6667,1637.8333,1641.1667,89,2912
2024-08-23 10:00:00,1641.1667,1649.5667,1634.3333,1640.3333,89,2912
2024-08-23 11:00:00,1640.3333,1652.4667,1630.8333,1639.5000,89,2912
2024-08-23 13:00:00,1639.5000,1651.6333,1630.0000,1638.6667,89,2912
2024-08-23 14:00:00,1638.6667,1647.0667,1631.8333,1637.8333,89,2912
2024-08-23 15:00:00,1637.8333,1642.5000,1633.6667,1637.0000,89,2912
2024-08-26 09:00:00,1638.0000,1642.8333,1632.6667,1641.8333,109,2931
2024-08-26 10:00:00,1641.8333,1647.4667,1632.2333,1645.6667,109,2931
2024-08-26 11:00:00,1645.6667,1652.1000,1631.8000,1649.5000,109,2931
2024-08-26 13:00:00,1649.5000,1655.9333,1635.6333,1653.3333,109,2931
2024-08-26 14:00:00,1653.3333,1658.9667,1643.7333,1657.1667,109,2931
2024-08-26 15:00:00,1657.1667,1662.0000,1651.8333,1661.0000,109,2931
2024-08-27 09:00:00,1662.0000,1672.8333,1656.6667,1667.8333,145,2898
2024-08-27 10:00:00,1667.8333,1682.6667,1658.2333,1673.6667,145,2898
2024-08-27 11:00:00,1673.6667,1692.5000,1659.8000,1679.5000,145,2898
2024-08-27 13:00:00,1679.5000,1698.3333,1665.6333,1685.3333,145,2898
2024-08-27 14:00:00,1685.3333,1700.1667,1675.7333,1691.1667,145,2898
2024-08-27 15:00:00,1691.1667,1702.0000,1685.8333,1697.0000,145,2898
2024-08-28 09:00:00,1702.0000,1705.6667,1692.8333,1695.8333,194,2845
2024-08-28 10:00:00,1695.8333,1702.4333,1684.2667,1689.6667,194,2845
2024-08-28 11:00:00,1689.6667,1699.2000,1675.7000,1683.5000,194,2845
2024-08-28 13:00:00,1683.5000,1693.0333,1669.5333,1677.3333,194,2845
2024-08-28 14:00:00,1677.3333,1683.9333,1665.7667,1671.1667,194,2845
2024-08-28 15:00:00,1671.1667,1674.8333,1662.0000,1665.0000,194,2845
2024-08-29 09:00:00,1655.0000,1665.1667,1653.6667,1659.1667,187,2912
2024-08-29 10:00:00,1659.1667,1674.1333,1656.7667,1663.3333,187,2912
2024-08-29 11:00:00,1663.3333,1683.1000,1659.8667,1667.5000,187,2912
2024-08-29 13:00:00,1667.5000,1687.2667,1664.0333,1671.6667,187,2912
2024-08-29 14:00:00,1671.6667,1686.6333,1669.2667,1675.8333,187,2912
2024-08-29 15:00:00,1675.8333,1686.0000,1674.5000,1680.0000,187,2912
2024-08-30 09:00:00,1695.0000,1702.3333,1685.8333,1694.5000,142,2843
2024-08-30 10:00:00,1694.5000,1707.7000,1678.4000,1694.0000,142,2843
2024-08-30 11:00:00,1694.0000,1713.0667,1670.9667,1693.5000,142,2843
2024-08-30 13:00:00,1693.5000,1712.5667,1670.4667,1693.0000,142,2843
2024-08-30 14:00:00,1693.0000,1706.2000,1676.9000,1692.5000,142,2843
2024-08-30 15:00:00,1692.5000,1699.8333,1683.3333,1692.0000,142,2843
2024-09-02 09:00:00,1692.0000,1692.0000,1677.5000,1679.1667,192,2870
2024-09-02 10:00:00,1679.1667,1679.1667,1663.3333,1666.3333,192,2870
2024-09-02 11:00:00,1666.3333,1666.3333,1649.1667,1653.5000,192,2870
2024-09-02 13:00:00,1653.5000,1653.5000,1636.3333,1640.6667,192,2870
2024-09-02 14:00:00,1640.6667,1640.6667,1624.8333,1627.8333,192,2870
2024-09-02 15:00:00,1627.8333,1627.8333,1613.3333,1615.0000,192,2870
2024-09-03 09:00:00,1610.0000,1614.6667,1605.3333,1610.3333,124,3026
2024-09-03 10:00:00,1610.3333,1618.4667,1601.9333,1610.6667,124,3026
2024-09-03 11:00:00,1610.6667,1622.2667,1598.5333,1611.0000,124,3026
2024-09-03 13:00:00,1611.0000,1622.6000,1598.8667,1611.3333,124,3026
2024-09-03 14:00:00,1611.3333,1619.4667,1602.9333,1611.6667,124,3026
2024-09-03 15:00:00,1611.6667,1616.3333,1607.0000,1612.0000,124,3026
2024-09-04 09:00:00,1607.0000,1612.0000,1597.5000,1602.1667,161,3264
2024-09-04 10:00:00,1602.1667,1611.1667,1588.9333,1597.3333,161,3264
2024-09-04 11:00:00,1597.3333,1610.3333,1580.3667,1592.5000,161,3264
2024-09-04 13:00:00,1592.5000,1605.5000,1575.5333,1587.6667,161,3264
2024-09-04 14:00:00,1587.6667,1596.6667,1574.4333,1582.8333,161,3264
2024-09-04 15:00:00,1582.8333,1587.8333,1573.3333,1578.0000,161,3264
2024-09-05 09:00:00,1587.0000,1589.0000,1571.6667,1575.6667,353,3627
2024-09-05 10:00:00,1575.6667,1579.2667,1557.1333,1564.3333,353,3627
2024-09-05 11:00:00,1564.3333,1569.5333,1542.6000,1553.0000,353,3627
2024-09-05 13:00:00,1553.0000,1558.2000,1531.2667,1541.6667,353,3627
2024-09-05 14:00:00,1541.6667,1545.2667,1523.1333,1530.3333,353,3627
2024-09-05 15:00:00,1530.3333,1532.3333,1515.0000,1519.0000,353,3627
2024-09-06 09:00:00,1530.0000,1534.6667,1520.8333,1526.1667,194,3664
2024-09-06 10:00:00,1526.1667,1534.5667,1512.7333,1522.3333,194,3664
2024-09-06 11:00:00,1522.3333,1534.4667,1504.6333,1518.5000,194,3664
2024-09-06 13:00:00,1518.5000,1530.6333,1500.8000,1514.6667,194,3664
2024-09-06 14:00:00,1514.6667,1523.0667,1501.2333,1510.8333,194,3664
2024-09-06 15:00:00,1510.8333,1515.5000,1501.6667,1507.0000,194,3664
2024-09-09 09:00:00,1512.0000,1512.0000,1499.3333,1507.0000,210,3595
2024-09-09 10:00:00,1507.0000,1507.0000,1488.2000,1502.0000,210,3595
2024-09-09 11:00:00,1502.0000,1502.0000,1477.0667,1497.0000,210,3595
2024-09-09 13:00:00,1497.0000,1497.0000,1472.0667,1492.0000,210,3595
2024-09-09 14:00:00,1492.0000,1492.0000,1473.2000,1487.0000,210,3595
2024-09-09 15:00:00,1487.0000,1487.0000,1474.3333,1482.0000,210,3595
2024-09-10 09:00:00,1484.0000,1489.6667,1477.0000,1477.0000,149,3683
2024-09-10 10:00:00,1477.0000,1487.2000,1470.0000,1470.0000,149,3683
2024-09-10 11:00:00,1470.0000,1484.7333,1463.0000,1463.0000,149,3683
2024-09-10 13:00:00,1463.0000,1477.7333,1456.0000,1456.0000,149,3683
2024-09-10 14:00:00,1456.0000,1466.2000,1449.0000,1449.0000,149,3683
2024-09-10 15:00:00,1449.0000,1454.6667,1442.0000,1442.0000,149,3683
2024-09-11 09:00:00,1440.0000,1452.3333,1434.6667,1450.0000,131,3529
2024-09-11 10:00:00,1450.0000,1464.2000,1440.4000,1460.0000,131,3529
2024-09-11 11:00:00,1460.0000,1476.0667,1446.1333,1470.0000,131,3529
2024-09-11 13:00:00,1470.0000,1486.0667,1456.1333,1480.0000,131,3529
2024-09-11 14:00:00,1480.0000,1494.2000,1470.4000,1490.0000,131,3529
2024-09-11 15:00:00,1490.0000,1502.3333,1484.6667,1500.0000,131,3529
2024-09-12 09:00:00,1496.0000,1496.0000,1482.1667,1491.8333,130,3552
2024-09-12 10:00:00,1491.8333,1491.8333,1470.2667,1487.6667,130,3552
2024-09-12 11:00:00,1487.6667,1487.6667,1458.3667,1483.5000,130,3552
2024-09-12 13:00:00,1483.5000,1483.5000,1454.2000,1479.3333,130,3552
2024-09-12 14:00:00,1479.3333,1479.3333,1457.7667,1475.1667,130,3552
2024-09-12 15:00:00,1475.1667,1475.1667,1461.3333,1471.0000,130,3552
2024-09-13 09:00:00,1469.0000,1475.0000,1464.0000,1466.0000,137,3683
2024-09-13 10:00:00,1466.0000,1476.8000,1459.4000,1463.0000,137,3683
2024-09-13 11:00:00,1463.0000,1478.6000,1454.8000,1460.0000,137,3683
2024-09-13 13:00:00,1460.0000,1475.6000,1451.8000,1457.0000,137,3683
2024-09-13 14:00:00,1457.0000,1467.8000,1450.4000,1454.0000,137,3683
2024-09-13 15:00:00,1454.0000,1460.0000,1449.0000,1451.0000,137,3683
2024-09-18 09:00:00,1440.0000,1445.0000,1430.6667,1440.6667,207,3739
2024-09-18 10:00:00,1440.6667,1449.1333,1423.8667,1441.3333,207,3739
2024-09-18 11:00:00,1441.3333,1453.2667,1417.0667,1442.0000,207,3739
2024-09-18 13:00:00,1442.0000,1453.9333,1417.7333,1442.6667,207,3739
2024-09-18 14:00:00,1442.6667,1451.1333,1425.8667,1443.3333,207,3739
2024-09-18 15:00:00,1443.3333,1448.3333,1434.0000,1444.0000,207,3739
2024-09-19 09:00:00,1441.0000,1447.5000,1434.0000,1444.1667,116,3670
2024-09-19 10:00:00,1444.1667,1453.3333,1431.5667,1447.3333,116,3670
2024-09-19 11:00:00,1447.3333,1459.1667,1429.1333,1450.5000,116,3670
2024-09-19 13:00:00,1450.5000,1462.3333,1432.3000,1453.6667,116,3670
2024-09-19 14:00:00,1453.6667,1462.8333,1441.0667,1456.8333,116,3670
2024-09-19 15:00:00,1456.8333,1463.3333,1449.8333,1460.0000,116,3670
2024-09-20 09:00:00,1457.0000,1458.6667,1449.8333,1452.1667,102,4010
2024-09-20 10:00:00,1452.1667,1455.1667,1443.1333,1447.3333,102,4010
2024-09-20 11:00:00,1447.3333,1451.6667,1436.4333,1442.5000,102,4010
2024-09-20 13:00:00,1442.5000,1446.8333,1431.6000,1437.6667,102,4010
2024-09-20 14:00:00,1437.6667,1440.6667,1428.6333,1432.8333,102,4010
2024-09-20 15:00:00,1432.8333,1434.5000,1425.6667,1428.0000,102,4010
2024-09-23 09:00:00,1423.0000,1432.0000,1420.6667,1426.3333,154,3922
2024-09-23 10:00:00,1426.3333,1439.8667,1422.1333,1429.6667,154,3922
2024-09-23 11:00:00,1429.6667,1447.7333,1423.6000,1433.0000,154,3922
2024-09-23 13:00:00,1433.0000,1451.0667,1426.9333,1436.3333,154,3922
2024-09-23 14:00:00,1436.3333,1449.8667,1432.1333,1439.6667,154,3922
2024-09-23 15:00:00,1439.6667,1448.6667,1437.3333,1443.0000,154,3922
2024-09-24 09:00:00,1442.0000,1458.8333,1442.0000,1456.1667,171,3605
2024-09-24 10:00:00,1456.1667,1475.1333,1456.1667,1470.3333,171,3605
2024-09-24 11:00:00,1470.3333,1491.4333,1470.3333,1484.5000,171,3605
2024-09-24 13:00:00,1484.5000,1505.6000,1484.5000,1498.6667,171,3605
2024-09-24 14:00:00,1498.6667,1517.6333,1498.6667,1512.8333,171,3605
2024-09-24 15:00:00,1512.8333,1529.6667,1512.8333,1527.0000,171,3605
2024-09-25 09:00:00,1520.0000,1552.1667,1520.0000,1526.5000,478,2950
2024-09-25 10:00:00,1526.5000,1579.2000,1526.5000,1533.0000,478,2950
2024-09-25 11:00:00,1533.0000,1606.2333,1533.0000,1539.5000,478,2950
2024-09-25 13:00:00,1539.5000,1612.7333,1539.5000,1546.0000,478,2950
2024-09-25 14:00:00,1546.0000,1598.7000,1546.0000,1552.5000,478,2950
2024-09-25 15:00:00,1552.5000,1584.6667,1552.5000,1559.0000,478,2950
2024-09-26 09:00:00,1556.0000,1566.6667,1550.6667,1563.3333,316,3057
2024-09-26 10:00:00,1563.3333,1576.6667,1553.7333,1570.6667,316,3057
2024-09-26 11:00:00,1570.6667,1586.6667,1556.8000,1578.0000,316,3057
2024-09-26 13:00:00,1578.0000,1594.0000,1564.1333,1585.3333,316,3057
2024-09-26 14:00:00,1585.3333,1598.6667,1575.7333,1592.6667,316,3057
2024-09-26 15:00:00,1592.6667,1603.3333,1587.3333,1600.0000,316,3057
2024-09-27 09:00:00,1610.0000,1627.0000,1610.0000,1619.6667,479,2802
2024-09-27 10:00:00,1619.6667,1642.5333,1619.6667,1629.3333,479,2802
2024-09-27 11:00:00,1629.3333,1658.0667,1629.3333,1639.0000,479,2802
2024-09-27 13:00:00,1639.0000,1667.7333,1639.0000,1648.6667,479,2802
2024-09-27 14:00:00,1648.6667,1671.5333,1648.6667,1658.3333,479,2802
2024-09-27 15:00:00,1658.3333,1675.3333,1658.3333,1668.0000,479,2802
2024-09-30 09:00:00,1668.0000,1700.3333,1665.3333,1689.0000,491,3116
2024-09-30 10:00:00,1689.0000,1730.4000,1684.2000,1710.0000,491,3116
2024-09-30 11:00:00,1710.0000,1760.4667,1703.0667,1731.0000,491,3116
2024-09-30 13:00:00,1731.0000,1781.4667,1724.0667,1752.0000,491,3116
2024-09-30 14:00:00,1752.0000,1793.4000,1747.2000,1773.0000,491,3116
2024-09-30 15:00:00,1773.0000,1805.3333,1770.3333,1794.0000,491,3116
2024-10-08 09:00:00,1838.0000,1838.3333,1795.3333,1800.0000,338,3065
2024-10-08 10:00:00,1800.0000,1800.6000,1753.6000,1762.0000,338,3065
2024-10-08 11:00:00,1762.0000,1762.8667,1711.8667,1724.0000,338,3065
2024-10-08 13:00:00,1724.0000,1724.8667,1673.8667,1686.0000,338,3065
2024-10-08 14:00:00,1686.0000,1686.6000,1639.6000,1648.0000,338,3065
2024-10-08 15:00:00,1648.0000,1648.3333,1605.3333,1610.0000,338,3065
2024-10-09 09:00:00,1626.0000,1638.6667,1618.1667,1625.8333,249,3238
2024-10-09 10:00:00,1625.8333,1648.6333,1611.8667,1625.6667,249,3238
2024-10-09 11:00:00,1625.6667,1658.6000,1605.5667,1625.5000,249,3238
2024-10-09 13:00:00,1625.5000,1658.4333,1605.4000,1625.3333,249,3238
2024-10-09 14:00:00,1625.3333,1648.1333,1611.3667,1625.1667,249,3238
2024-10-09 15:00:00,1625.1667,1637.8333,1617.3333,1625.0000,249,3238
2024-10-10 09:00:00,1623.0000,1636.1667,1612.3333,1624.5000,304,3448
2024-10-10 10:00:00,1624.5000,1647.0000,1605.3000,1626.0000,304,3448
2024-10-10 11:00:00,1626.0000,1657.8333,1598.2667,1627.5000,304,3448
2024-10-10 13:00:00,1627.5000,1659.3333,1599.7667,1629.0000,304,3448
2024-10-10 14:00:00,1629.0000,1651.5000,1609.8000,1630.5000,304,3448
2024-10-10 15:00:00,1630.5000,1643.6667,1619.8333,1632.0000,304,3448
2024-10-11 09:00:00,1628.0000,1639.1667,1628.0000,1631.8333,196,3860
2024-10-11 10:00:00,1631.8333,1648.8667,1631.8333,1635.6667,196,3860
2024-10-11 11:00:00,1635.6667,1658.5667,1635.6667,1639.5000,196,3860
2024-10-11 13:00:00,1639.5000,1662.4000,1639.5000,1643.3333,196,3860
2024-10-11 14:00:00,1643.3333,1660.3667,1643.3333,1647.1667,196,3860
2024-10-11 15:00:00,1647.1667,1658.3333,1647.1667,1651.0000,196,3860
2024-10-14 09:00:00,1659.0000,1678.8333,1653.0000,1660.8333,385,3651
2024-10-14 10:00:00,1660.8333,1695.0667,1650.0333,1662.6667,385,3651
2024-10-14 11:00:00,1662.6667,1711.3000,1647.0667,1664.5000,385,3651
2024-10-14 13:00:00,1664.5000,1713.1333,1648.9000,1666.3333,385,3651
2024-10-14 14:00:00,1666.3333,1700.5667,1655.5333,1668.1667,385,3651
2024-10-14 15:00:00,1668.1667,1688.0000,1662.1667,1670.0000,385,3651
2024-10-15 09:00:00,1679.0000,1700.1667,1671.3333,1690.8333,471,3813
2024-10-15 10:00:00,1690.8333,1719.4667,1677.0333,1702.6667,471,3813
2024-10-15 11:00:00,1702.6667,1738.7667,1682.7333,1714.5000,471,3813
2024-10-15 13:00:00,1714.5000,1750.6000,1694.5667,1726.3333,471,3813
2024-10-15 14:00:00,1726.3333,1754.9667,1712.5333,1738.1667,471,3813
2024-10-15 15:00:00,1738.1667,1759.3333,1730.5000,1750.0000,471,3813
2024-10-16 09:00:00,1753.0000,1759.3333,1739.3333,1746.0000,156,3757
2024-10-16 10:00:00,1746.0000,1757.4000,1727.0000,1739.0000,156,3757
2024-10-16 11:00:00,1739.0000,1755.4667,1714.6667,1732.0000,156,3757
2024-10-16 13:00:00,1732.0000,1748.4667,1707.6667,1725.0000,156,3757
2024-10-16 14:00:00,1725.0000,1736.4000,1706.0000,1718.0000,156,3757
2024-10-16 15:00:00,1718.0000,1724.3333,1704.3333,1711.0000,156,3757
2024-10-17 09:00:00,1724.0000,1724.3333,1699.8333,1706.5000,460,4324
2024-10-17 10:00:00,1706.5000,1707.1000,1677.0000,1689.0000,460,4324
2024-10-17 11:00:00,1689.0000,1689.8667,1654.1667,1671.5000,460,4324
2024-10-17 13:00:00,1671.5000,1672.3667,1636.6667,1654.0000,460,4324
2024-10-17 14:00:00,1654.0000,1654.6000,1624.5000,1636.5000,460,4324
2024-10-17 15:00:00,1636.5000,1636.8333,1612.3333,1619.0000,460,4324
2024-10-18 09:00:00,1622.0000,1629.8333,1611.0000,1626.1667,159,4459
2024-10-18 10:00:00,1626.1667,1636.9333,1606.3667,1630.3333,159,4459
2024-10-18 11:00:00,1630.3333,1644.0333,1601.7333,1634.5000,159,4459
2024-10-18 13:00:00,1634.5000,1648.2000,1605.9000,1638.6667,159,4459
2024-10-18 14:00:00,1638.6667,1649.4333,1618.8667,1642.8333,159,4459
2024-10-18 15:00:00,1642.8333,1650.6667,1631.8333,1647.0000,159,4459
2024-10-21 09:00:00,1636.0000,1639.1667,1622.3333,1638.8333,121,4346
2024-10-21 10:00:00,1638.8333,1642.2667,1614.2333,1641.6667,121,4346
2024-10-21 11:00:00,1641.6667,1645.3667,1606.1333,1644.5000,121,4346
2024-10-21 13:00:00,1644.5000,1648.2000,1608.9667,1647.3333,121,4346
2024-10-21 14:00:00,1647.3333,1650.7667,1622.7333,1650.1667,121,4346
2024-10-21 15:00:00,1650.1667,1653.3333,1636.5000,1653.0000,121,4346
2024-10-22 09:00:00,1653.0000,1662.8333,1647.0000,1655.1667,380,3903
2024-10-22 10:00:00,1655.1667,1671.1333,1644.3667,1657.3333,380,3903
2024-10-22 11:00:00,1657.3333,1679.4333,1641.7333,1659.5000,380,3903
2024-10-22 13:00:00,1659.5000,1681.6000,1643.9000,1661.6667,380,3903
2024-10-22 14:00:00,1661.6667,1677.6333,1650.8667,1663.8333,380,3903
2024-10-22 15:00:00,1663.8333,1673.6667,1657.8333,1666.0000,380,3903
2024-10-23 09:00:00,1670.0000,1674.6667,1662.8333,1666.8333,126,3756
2024-10-23 10:00:00,1666.8333,1675.2333,1656.4667,1663.6667,126,3756
2024-10-23 11:00:00,1663.6667,1675.8000,1650.1000,1660.5000,126,3756
2024-10-23 13:00:00,1660.5000,1672.6333,1646.9333,1657.3333,126,3756
2024-10-23 14:00:00,1657.3333,1665.7333,1646.9667,1654.1667,126,3756
2024-10-23 15:00:00,1654.1667,1658.8333,1647.0000,1651.0000,126,3756
2024-10-24 09:00:00,1650.0000,1658.1667,1649.3333,1655.5000,168,3602
2024-10-24 10:00:00,1655.5000,1665.8000,1654.3000,1661.0000,168,3602
2024-10-24 11:00:00,1661.0000,1673.4333,1659.2667,1666.5000,168,3602
2024-10-24 13:00:00,1666.5000,1678.9333,1664.7667,1672.0000,168,3602
2024-10-24 14:00:00,1672.0000,1682.3000,1670.8000,1677.5000,168,3602
2024-10-24 15:00:00,1677.5000,1685.6667,1676.8333,1683.0000,168,3602
2024-10-25 09:00:00,1687.0000,1691.6667,1679.0000,1682.3333,136,3449
2024-10-25 10:00:00,1682.3333,1690.7333,1671.6667,1677.6667,136,3449
2024-10-25 11:00:00,1677.6667,1689.8000,1664.3333,1673.0000,136,3449
2024-10-25 13:00:00,1673.0000,1685.1333,1659.6667,1668.3333,136,3449
2024-10-25 14:00:00,1668.3333,1676.7333,1657.6667,1663.6667,136,3449
2024-10-25 15:00:00,1663.6667,1668.3333,1655.6667,1659.0000,136,3449
2024-10-28 09:00:00,1633.0000,1646.1667,1627.3333,1642.8333,182,3555
2024-10-28 10:00:00,1642.8333,1658.6667,1632.6333,1652.6667,182,3555
2024-10-28 11:00:00,1652.6667,1671.1667,1637.9333,1662.5000,182,3555
2024-10-28 13:00:00,1662.5000,1681.0000,1647.7667,1672.3333,182,3555
2024-10-28 14:00:00,1672.3333,1688.1667,1662.1333,1682.1667,182,3555
2024-10-28 15:00:00,1682.1667,1695.3333,1676.5000,1692.0000,182,3555
2024-10-29 09:00:00,1689.0000,1700.0000,1681.5000,1686.1667,104,3617
2024-10-29 10:00:00,1686.1667,1705.9667,1674.9333,1683.3333,104,3617
2024-10-29 11:00:00,1683.3333,1711.9333,1668.3667,1680.5000,104,3617
2024-10-29 13:00:00,1680.5000,1709.1000,1665.5333,1677.6667,104,3617
2024-10-29 14:00:00,1677.6667,1697.4667,1666.4333,1674.8333,104,3617
2024-10-29 15:00:00,1674.8333,1685.8333,1667.3333,1672.0000,104,3617
2024-10-30 09:00:00,1690.0000,1694.5000,1675.6667,1692.1667,132,3695
2024-10-30 10:00:00,1692.1667,1698.5333,1666.3667,1694.3333,132,3695
2024-10-30 11:00:00,1694.3333,1702.5667,1657.0667,1696.5000,132,3695
2024-10-30 13:00:00,1696.5000,1704.7333,1659.2333,1698.6667,132,3695
2024-10-30 14:00:00,1698.6667,1705.0333,1672.8667,1700.8333,132,3695
2024-10-30 15:00:00,1700.8333,1705.3333,1686.5000,1703.0000,132,3695
2024-10-31 09:00:00,1700.0000,1707.5000,1700.0000,1701.5000,248,3965
2024-10-31 10:00:00,1701.5000,1713.8000,1701.5000,1703.0000,248,3965
2024-10-31 11:00:00,1703.0000,1720.1000,1703.0000,1704.5000,248,3965
2024-10-31 13:00:00,1704.5000,1721.6000,1704.5000,1706.0000,248,3965
2024-10-31 14:00:00,1706.0000,1718.3000,1706.0000,1707.5000,248,3965
2024-10-31 15:00:00,1707.5000,1715.0000,1707.5000,1709.0000,248,3965
2024-11-01 09:00:00,1688.0000,1699.0000,1684.6667,1688.6667,163,3832
2024-11-01 10:00:00,1688.6667,1707.9333,1682.6667,1689.3333,163,3832
2024-11-01 11:00:00,1689.3333,1716.8667,1680.6667,1690.0000,163,3832
2024-11-01 13:00:00,1690.0000,1717.5333,1681.3333,1690.6667,163,3832
2024-11-01 14:00:00,1690.6667,1709.9333,1684.6667,1691.3333,163,3832
2024-11-01 15:00:00,1691.3333,1702.3333,1688.0000,1692.0000,163,3832
2024-11-04 09:00:00,1695.0000,1697.3333,1681.6667,1691.0000,171,3941
2024-11-04 10:00:00,1691.0000,1695.2000,1670.2000,1687.0000,171,3941
2024-11-04 11:00:00,1687.0000,1693.0667,1658.7333,1683.0000,171,3941
2024-11-04 13:00:00,1683.0000,1689.0667,1654.7333,1679.0000,171,3941
2024-11-04 14:00:00,1679.0000,1683.2000,1658.2000,1675.0000,171,3941
2024-11-04 15:00:00,1675.0000,1677.3333,1661.6667,1671.0000,171,3941
2024-11-05 09:00:00,1655.0000,1663.0000,1655.0000,1660.0000,86,3890
2024-11-05 10:00:00,1660.0000,1670.4000,1660.0000,1665.0000,86,3890
2024-11-05 11:00:00,1665.0000,1677.8000,1665.0000,1670.0000,86,3890
2024-11-05 13:00:00,1670.0000,1682.8000,1670.0000,1675.0000,86,3890
2024-11-05 14:00:00,1675.0000,1685.4000,1675.0000,1680.0000,86,3890
2024-11-05 15:00:00,1680.0000,1688.0000,1680.0000,1685.0000,86,3890
2024-11-06 09:00:00,1695.0000,1699.6667,1685.5000,1691.1667,88,3869
2024-11-06 10:00:00,1691.1667,1699.5667,1677.1333,1687.3333,88,3869
2024-11-06 11:00:00,1687.3333,1699.4667,1668.7667,1683.5000,88,3869
2024-11-06 13:00:00,1683.5000,1695.6333,1664.9333,1679.6667,88,3869
2024-11-06 14:00:00,1679.6667,1688.0667,1665.6333,1675.8333,88,3869
2024-11-06 15:00:00,1675.8333,1680.5000,1666.3333,1672.0000,88,3869
2024-11-07 09:00:00,1667.0000,1672.3333,1665.0000,1671.0000,60,3929
2024-11-07 10:00:00,1671.0000,1677.4000,1667.4000,1675.0000,60,3929
2024-11-07 11:00:00,1675.0000,1682.4667,1669.8000,1679.0000,60,3929
2024-11-07 13:00:00,1679.0000,1686.4667,1673.8000,1683.0000,60,3929
2024-11-07 14:00:00,1683.0000,1689.4000,1679.4000,1687.0000,60,3929
2024-11-07 15:00:00,1687.0000,1692.3333,1685.0000,1691.0000,60,3929
2024-11-08 09:00:00,1692.0000,1699.6667,1686.6667,1688.0000,102,3897
2024-11-08 10:00:00,1688.0000,1701.8000,1681.6000,1684.0000,102,3897
2024-11-08 11:00:00,1684.0000,1703.9333,1676.5333,1680.0000,102,3897
2024-11-08 13:00:00,1680.0000,1699.9333,1672.5333,1676.0000,102,3897
2024-11-08 14:00:00,1676.0000,1689.8000,1669.6000,1672.0000,102,3897
2024-11-08 15:00:00,1672.0000,1679.6667,1666.6667,1668.0000,102,3897
2024-11-11 09:00:00,1659.0000,1667.0000,1648.3333,1655.6667,154,4064
2024-11-11 10:00:00,1655.6667,1670.0667,1639.1333,1652.3333,154,4064
2024-11-11 11:00:00,1652.3333,1673.1333,1629.9333,1649.0000,154,4064
2024-11-11 13:00:00,1649.0000,1669.8000,1626.6000,1645.6667,154,4064
2024-11-11 14:00:00,1645.6667,1660.0667,1629.1333,1642.3333,154,4064
2024-11-11 15:00:00,1642.3333,1650.3333,1631.6667,1639.0000,154,4064
2024-11-12 09:00:00,1636.0000,1641.6667,1629.6667,1638.3333,103,4013
2024-11-12 10:00:00,1638.3333,1646.6667,1626.9333,1640.6667,103,4013
2024-11-12 11:00:00,1640.6667,1651.6667,1624.2000,1643.0000,103,4013
2024-11-12 13:00:00,1643.0000,1654.0000,1626.5333,1645.3333,103,4013
2024-11-12 14:00:00,1645.3333,1653.6667,1633.9333,1647.6667,103,4013
2024-11-12 15:00:00,1647.6667,1653.3333,1641.3333,1650.0000,103,4013
2024-11-13 09:00:00,1651.0000,1657.3333,1647.6667,1652.6667,62,3946
2024-11-13 10:00:00,1652.6667,1662.7333,1646.6667,1654.3333,62,3946
2024-11-13 11:00:00,1654.3333,1668.1333,1645.6667,1656.0000,62,3946
2024-11-13 13:00:00,1656.0000,1669.8000,1647.3333,1657.6667,62,3946
2024-11-13 14:00:00,1657.6667,1667.7333,1651.6667,1659.3333,62,3946
2024-11-13 15:00:00,1659.3333,1665.6667,1656.0000,1661.0000,62,3946
2024-11-14 09:00:00,1684.0000,1684.0000,1676.5000,1677.8333,59,3936
2024-11-14 10:00:00,1677.8333,1677.8333,1669.2667,1671.6667,59,3936
2024-11-14 11:00:00,1671.6667,1671.6667,1662.0333,1665.5000,59,3936
2024-11-14 13:00:00,1665.5000,1665.5000,1655.8667,1659.3333,59,3936
2024-11-14 14:00:00,1659.3333,1659.3333,1650.7667,1653.1667,59,3936
2024-11-14 15:00:00,1653.1667,1653.1667,1645.6667,1647.0000,59,3936
2024-11-15 09:00:00,1648.0000,1653.3333,1643.1667,1643.8333,109,3948
2024-11-15 10:00:00,1643.8333,1653.4333,1638.4667,1639.6667,109,3948
2024-11-15 11:00:00,1639.6667,1653.5333,1633.7667,1635.5000,109,3948
2024-11-15 13:00:00,1635.5000,1649.3667,1629.6000,1631.3333,109,3948
2024-11-15 14:00:00,1631.3333,1640.9333,1625.9667,1627.1667,109,3948
2024-11-15 15:00:00,1627.1667,1632.5000,1622.3333,1623.0000,109,3948
2024-11-18 09:00:00,1622.0000,1626.5000,1617.0000,1622.5000,75,3900
2024-11-18 10:00:00,1622.5000,1630.2000,1613.5000,1623.0000,75,3900
2024-11-18 11:00:00,1623.0000,1633.9000,1610.0000,1623.5000,75,3900
2024-11-18 13:00:00,1623.5000,1634.4000,1610.5000,1624.0000,75,3900
2024-11-18 14:00:00,1624.0000,1631.7000,1615.0000,1624.5000,75,3900
2024-11-18 15:00:00,1624.5000,1629.0000,1619.5000,1625.0000,75,3900
2024-11-19 09:00:00,1625.0000,1628.3333,1616.3333,1623.3333,146,4320
2024-11-19 10:00:00,1623.3333,1629.3333,1609.0667,1621.6667,146,4320
2024-11-19 11:00:00,1621.6667,1630.3333,1601.8000,1620.0000,146,4320
2024-11-19 13:00:00,1620.0000,1628.6667,1600.1333,1618.3333,146,4320
2024-11-19 14:00:00,1618.3333,1624.3333,1604.0667,1616.6667,146,4320
2024-11-19 15:00:00,1616.6667,1620.0000,1608.0000,1615.0000,146,4320
2024-11-20 09:00:00,1616.0000,1622.6667,1611.1667,1615.1667,130,4975
2024-11-20 10:00:00,1615.1667,1627.1667,1607.1333,1614.3333,130,4975
2024-11-20 11:00:00,1614.3333,1631.6667,1603.1000,1613.5000,130,4975
2024-11-20 13:00:00,1613.5000,1630.8333,1602.2667,1612.6667,130,4975
2024-11-20 14:00:00,1612.6667,1624.6667,1604.6333,1611.8333,130,4975
2024-11-20 15:00:00,1611.8333,1618.5000,1607.0000,1611.0000,130,4975
2024-11-21 09:00:00,1613.0000,1619.3333,1611.6667,1616.3333,72,4982
2024-11-21 10:00:00,1616.3333,1625.0667,1613.9333,1619.6667,72,4982
2024-11-21 11:00:00,1619.6667,1630.8000,1616.2000,1623.0000,72,4982
2024-11-21 13:00:00,1623.0000,1634.1333,1619.5333,1626.3333,72,4982
2024-11-21 14:00:00,1626.3333,1635.0667,1623.9333,1629.6667,72,4982
2024-11-21 15:00:00,1629.6667,1636.0000,1628.3333,1633.0000,72,4982
2024-11-22 09:00:00,1637.0000,1637.0000,1629.6667,1633.0000,169,5015
2024-11-22 10:00:00,1633.0000,1633.0000,1623.0000,1629.0000,169,5015
2024-11-22 11:00:00,1629.0000,1629.0000,1616.3333,1625.0000,169,5015
2024-11-22 13:00:00,1625.0000,1625.0000,1612.3333,1621.0000,169,5015
2024-11-22 14:00:00,1621.0000,1621.0000,1611.0000,1617.0000,169,5015
2024-11-22 15:00:00,1617.0000,1617.0000,1609.6667,1613.0000,169,5015
2024-11-25 09:00:00,1612.0000,1620.3333,1611.6667,1613.6667,85,4972
2024-11-25 10:00:00,1613.6667,1627.3333,1613.0667,1615.3333,85,4972
2024-11-25 11:00:00,1615.3333,1634.3333,1614.4667,1617.0000,85,4972
2024-11-25 13:00:00,1617.0000,1636.0000,1616.1333,1618.6667,85,4972
2024-11-25 14:00:00,1618.6667,1632.3333,1618.0667,1620.3333,85,4972
2024-11-25 15:00:00,1620.3333,1628.6667,1620.0000,1622.0000,85,4972
2024-11-26 09:00:00,1624.0000,1625.3333,1620.6667,1623.6667,57,4955
2024-11-26 10:00:00,1623.6667,1626.0667,1617.9333,1623.3333,57,4955
2024-11-26 11:00:00,1623.3333,1626.8000,1615.2000,1623.0000,57,4955
2024-11-26 13:00:00,1623.0000,1626.4667,1614.8667,1622.6667,57,4955
2024-11-26 14:00:00,1622.6667,1625.0667,1616.9333,1622.3333,57,4955
2024-11-26 15:00:00,1622.3333,1623.6667,1619.0000,1622.0000,57,4955
2024-11-27 09:00:00,1621.0000,1624.1667,1617.6667,1622.5000,52,4950
2024-11-27 10:00:00,1622.5000,1627.0000,1616.5000,1624.0000,52,4950
2024-11-27 11:00:00,1624.0000,1629.8333,1615.3333,1625.5000,52,4950
2024-11-27 13:00:00,1625.5000,1631.3333,1616.8333,1627.0000,52,4950
2024-11-27 14:00:00,1627.0000,1631.5000,1621.0000,1628.5000,52,4950
2024-11-27 15:00:00,1628.5000,1631.6667,1625.1667,1630.0000,52,4950
2024-11-28 09:00:00,1631.0000,1631.0000,1626.3333,1630.0000,30,4983
2024-11-28 10:00:00,1630.0000,1630.0000,1622.4000,1629.0000,30,4983
2024-11-28 11:00:00,1629.0000,1629.0000,1618.4667,1628.0000,30,4983
2024-11-28 13:00:00,1628.0000,1628.0000,1617.4667,1627.0000,30,4983
2024-11-28 14:00:00,1627.0000,1627.0000,1619.4000,1626.0000,30,4983
2024-11-28 15:00:00,1626.0000,1626.0000,1621.3333,1625.0000,30,4983
2024-11-29 09:00:00,1621.0000,1623.3333,1618.0000,1619.3333,193,5261
2024-11-29 10:00:00,1619.3333,1623.5333,1615.2667,1617.6667,193,5261
2024-11-29 11:00:00,1617.6667,1623.7333,1612.5333,1616.0000,193,5261
2024-11-29 13:00:00,1616.0000,1622.0667,1610.8667,1614.3333,193,5261
2024-11-29 14:00:00,1614.3333,1618.5333,1610.2667,1612.6667,193,5261
2024-11-29 15:00:00,1612.6667,1615.0000,1609.6667,1611.0000,193,5261
2024-12-02 09:00:00,1611.0000,1615.5000,1608.6667,1611.8333,112,5302
2024-12-02 10:00:00,1611.8333,1619.2667,1607.6333,1612.6667,112,5302
2024-12-02 11:00:00,1612.6667,1623.0333,1606.6000,1613.5000,112,5302
2024-12-02 13:00:00,1613.5000,1623.8667,1607.4333,1614.3333,112,5302
2024-12-02 14:00:00,1614.3333,1621.7667,1610.1333,1615.1667,112,5302
2024-12-02 15:00:00,1615.1667,1619.6667,1612.8333,1616.0000,112,5302
2024-12-03 09:00:00,1610.0000,1613.6667,1608.1667,1608.5000,234,5502
2024-12-03 10:00:00,1608.5000,1615.1000,1606.4000,1607.0000,234,5502
2024-12-03 11:00:00,1607.0000,1616.5333,1604.6333,1605.5000,234,5502
2024-12-03 13:00:00,1605.5000,1615.0333,1603.1333,1604.0000,234,5502
2024-12-03 14:00:00,1604.0000,1610.6000,1601.9000,1602.5000,234,5502
2024-12-03 15:00:00,1602.5000,1606.1667,1600.6667,1601.0000,234,5502
2024-12-04 09:00:00,1598.0000,1599.0000,1583.6667,1589.0000,674,7011
2024-12-04 10:00:00,1589.0000,1590.8000,1570.4000,1580.0000,674,7011
2024-12-04 11:00:00,1580.0000,1582.6000,1557.1333,1571.0000,674,7011
2024-12-04 13:00:00,1571.0000,1573.6000,1548.1333,1562.0000,674,7011
2024-12-04 14:00:00,1562.0000,1563.8000,1543.4000,1553.0000,674,7011
2024-12-04 15:00:00,1553.0000,1554.0000,1538.6667,1544.0000,674,7011
2024-12-05 09:00:00,1542.0000,1550.3333,1534.3333,1542.3333,208,7120
2024-12-05 10:00:00,1542.3333,1557.0667,1528.5333,1542.6667,208,7120
2024-12-05 11:00:00,1542.6667,1563.8000,1522.7333,1543.0000,208,7120
2024-12-05 13:00:00,1543.0000,1564.1333,1523.0667,1543.3333,208,7120
2024-12-05 14:00:00,1543.3333,1558.0667,1529.5333,1543.6667,208,7120
2024-12-05 15:00:00,1543.6667,1552.0000,1536.0000,1544.0000,208,7120
2024-12-06 09:00:00,1541.0000,1546.3333,1539.6667,1542.3333,124,7512
2024-12-06 10:00:00,1542.3333,1550.8667,1539.9333,1543.6667,124,7512
2024-12-06 11:00:00,1543.6667,1555.4000,1540.2000,1545.0000,124,7512
2024-12-06 13:00:00,1545.0000,1556.7333,1541.5333,1546.3333,124,7512
2024-12-06 14:00:00,1546.3333,1554.8667,1543.9333,1547.6667,124,7512
2024-12-06 15:00:00,1547.6667,1553.0000,1546.3333,1549.0000,124,7512
2024-12-09 09:00:00,1546.0000,1548.3333,1540.6667,1543.3333,135,7314
2024-12-09 10:00:00,1543.3333,1547.5333,1535.8667,1540.6667,135,7314
2024-12-09 11:00:00,1540.6667,1546.7333,1531.0667,1538.0000,135,7314
2024-12-09 13:00:00,1538.0000,1544.0667,1528.4000,1535.3333,135,7314
2024-12-09 14:00:00,1535.3333,1539.5333,1527.8667,1532.6667,135,7314
2024-12-09 15:00:00,1532.6667,1535.0000,1527.3333,1530.0000,135,7314
2024-12-10 09:00:00,1564.0000,1573.3333,1558.3333,1560.6667,237,7721
2024-12-10 10:00:00,1560.6667,1577.4667,1553.1333,1557.3333,237,7721
2024-12-10 11:00:00,1557.3333,1581.6000,1547.9333,1554.0000,237,7721
2024-12-10 13:00:00,1554.0000,1578.2667,1544.6000,1550.6667,237,7721
2024-12-10 14:00:00,1550.6667,1567.4667,1543.1333,1547.3333,237,7721
2024-12-10 15:00:00,1547.3333,1556.6667,1541.6667,1544.0000,237,7721
2024-12-11 09:00:00,1541.0000,1546.1667,1541.0000,1543.5000,111,8136
2024-12-11 10:00:00,1543.5000,1550.8000,1543.5000,1546.0000,111,8136
2024-12-11 11:00:00,1546.0000,1555.4333,1546.0000,1548.5000,111,8136
2024-12-11 13:00:00,1548.5000,1557.9333,1548.5000,1551.0000,111,8136
2024-12-11 14:00:00,1551.0000,1558.3000,1551.0000,1553.5000,111,8136
2024-12-11 15:00:00,1553.5000,1558.6667,1553.5000,1556.0000,111,8136
2024-12-12 09:00:00,1544.0000,1547.6667,1543.6667,1546.3333,90,8342
2024-12-12 10:00:00,1546.3333,1551.0667,1545.7333,1548.6667,90,8342
2024-12-12 11:00:00,1548.6667,1554.4667,1547.8000,1551.0000,90,8342
2024-12-12 13:00:00,1551.0000,1556.8000,1550.1333,1553.3333,90,8342
2024-12-12 14:00:00,1553.3333,1558.0667,1552.7333,1555.6667,90,8342
2024-12-12 15:00:00,1555.6667,1559.3333,1555.3333,1558.0000,90,8342
2024-12-13 09:00:00,1545.0000,1547.0000,1540.8333,1541.8333,189,8458
2024-12-13 10:00:00,1541.8333,1545.4333,1536.8667,1538.6667,189,8458
2024-12-13 11:00:00,1538.6667,1543.8667,1532.9000,1535.5000,189,8458
2024-12-13 13:00:00,1535.5000,1540.7000,1529.7333,1532.3333,189,8458
2024-12-13 14:00:00,1532.3333,1535.9333,1527.3667,1529.1667,189,8458
2024-12-13 15:00:00,1529.1667,1531.1667,1525.0000,1526.0000,189,8458
2024-12-16 09:00:00,1544.0000,1544.0000,1531.6667,1536.6667,205,8662
2024-12-16 10:00:00,1536.6667,1536.6667,1520.3333,1529.3333,205,8662
2024-12-16 11:00:00,1529.3333,1529.3333,1509.0000,1522.0000,205,8662
2024-12-16 13:00:00,1522.0000,1522.0000,1501.6667,1514.6667,205,8662
2024-12-16 14:00:00,1514.6667,1514.6667,1498.3333,1507.3333,205,8662
2024-12-16 15:00:00,1507.3333,1507.3333,1495.0000,1500.0000,205,8662
2024-12-17 09:00:00,1502.0000,1505.0000,1500.0000,1501.3333,86,8698
2024-12-17 10:00:00,1501.3333,1506.7333,1498.2667,1500.6667,86,8698
2024-12-17 11:00:00,1500.6667,1508.4667,1496.5333,1500.0000,86,8698
2024-12-17 13:00:00,1500.0000,1507.8000,1495.8667,1499.3333,86,8698
2024-12-17 14:00:00,1499.3333,1504.7333,1496.2667,1498.6667,86,8698
2024-12-17 15:00:00,1498.6667,1501.6667,1496.6667,1498.0000,86,8698
2024-12-18 09:00:00,1498.0000,1498.0000,1489.6667,1493.3333,152,8652
2024-12-18 10:00:00,1493.3333,1493.3333,1482.0667,1488.6667,152,8652
2024-12-18 11:00:00,1488.6667,1488.6667,1474.4667,1484.0000,152,8652
2024-12-18 13:00:00,1484.0000,1484.0000,1469.8000,1479.3333,152,8652
2024-12-18 14:00:00,1479.3333,1479.3333,1468.0667,1474.6667,152,8652
2024-12-18 15:00:00,1474.6667,1474.6667,1466.3333,1470.0000,152,8652
2024-12-19 09:00:00,1466.0000,1473.3333,1466.0000,1471.0000,119,8790
2024-12-19 10:00:00,1471.0000,1480.2000,1471.0000,1476.0000,119,8790
2024-12-19 11:00:00,1476.0000,1487.0667,1476.0000,1481.0000,119,8790
2024-12-19 13:00:00,1481.0000,1492.0667,1481.0000,1486.0000,119,8790
2024-12-19 14:00:00,1486.0000,1495.2000,1486.0000,1491.0000,119,8790
2024-12-19 15:00:00,1491.0000,1498.3333,1491.0000,1496.0000,119,8790
2024-12-20 09:00:00,1511.0000,1511.0000,1506.3333,1508.6667,162,8341
2024-12-20 10:00:00,1508.6667,1508.6667,1502.1333,1506.3333,162,8341
2024-12-20 11:00:00,1506.3333,1506.3333,1497.9333,1504.0000,162,8341
2024-12-20 13:00:00,1504.0000,1504.0000,1495.6000,1501.6667,162,8341
2024-12-20 14:00:00,1501.6667,1501.6667,1495.1333,1499.3333,162,8341
2024-12-20 15:00:00,1499.3333,1499.3333,1494.6667,1497.0000,162,8341
2024-12-23 09:00:00,1493.0000,1495.0000,1490.1667,1492.5000,74,8209
2024-12-23 10:00:00,1492.5000,1496.1000,1487.8000,1492.0000,74,8209
2024-12-23 11:00:00,1492.0000,1497.2000,1485.4333,1491.5000,74,8209
2024-12-23 13:00:00,1491.5000,1496.7000,1484.9333,1491.0000,74,8209
2024-12-23 14:00:00,1491.0000,1494.6000,1486.3000,1490.5000,74,8209
2024-12-23 15:00:00,1490.5000,1492.5000,1487.6667,1490.0000,74,8209
2024-12-24 09:00:00,1487.0000,1493.6667,1484.3333,1493.3333,135,7868
2024-12-24 10:00:00,1493.3333,1500.2667,1488.5333,1499.6667,135,7868
2024-12-24 11:00:00,1499.6667,1506.8667,1492.7333,1506.0000,135,7868
2024-12-24 13:00:00,1506.0000,1513.2000,1499.0667,1512.3333,135,7868
2024-12-24 14:00:00,1512.3333,1519.2667,1507.5333,1518.6667,135,7868
2024-12-24 15:00:00,1518.6667,1525.3333,1516.0000,1525.0000,135,7868
2024-12-25 09:00:00,1522.0000,1524.0000,1517.8333,1519.5000,71,7960
2024-12-25 10:00:00,1519.5000,1523.1000,1514.0000,1517.0000,71,7960
2024-12-25 11:00:00,1517.0000,1522.2000,1510.1667,1514.5000,71,7960
2024-12-25 13:00:00,1514.5000,1519.7000,1507.6667,1512.0000,71,7960
2024-12-25 14:00:00,1512.0000,1515.6000,1506.5000,1509.5000,71,7960
2024-12-25 15:00:00,1509.5000,1511.5000,1505.3333,1507.0000,71,7960
2024-12-26 09:00:00,1504.0000,1509.8333,1502.3333,1504.5000,73,8021
2024-12-26 10:00:00,1504.5000,1514.6000,1501.5000,1505.0000,73,8021
2024-12-26 11:00:00,1505.0000,1519.3667,1500.6667,1505.5000,73,8021
2024-12-26 13:00:00,1505.5000,1519.8667,1501.1667,1506.0000,73,8021
2024-12-26 14:00:00,1506.0000,1516.1000,1503.0000,1506.5000,73,8021
2024-12-26 15:00:00,1506.5000,1512.3333,1504.8333,1507.0000,73,8021
2024-12-27 09:00:00,1504.0000,1506.3333,1501.1667,1502.5000,51,8019
2024-12-27 10:00:00,1502.5000,1506.7000,1498.6000,1501.0000,51,8019
2024-12-27 11:00:00,1501.0000,1507.0667,1496.0333,1499.5000,51,8019
2024-12-27 13:00:00,1499.5000,1505.5667,1494.5333,1498.0000,51,8019
2024-12-27 14:00:00,1498.0000,1502.2000,1494.1000,1496.5000,51,8019
2024-12-27 15:00:00,1496.5000,1498.8333,1493.6667,1495.0000,51,8019
2024-12-30 09:00:00,1497.0000,1497.0000,1493.0000,1495.3333,88,7929
2024-12-30 10:00:00,1495.3333,1495.3333,1489.4667,1493.6667,88,7929
2024-12-30 11:00:00,1493.6667,1493.6667,1485.9333,1492.0000,88,7929
2024-12-30 13:00:00,1492.0000,1492.0000,1484.2667,1490.3333,88,7929
2024-12-30 14:00:00,1490.3333,1490.3333,1484.4667,1488.6667,88,7929
2024-12-30 15:00:00,1488.6667,1488.6667,1484.6667,1487.0000,88,7929
2024-12-31 09:00:00,1486.0000,1487.0000,1479.6667,1484.3333,69,7977
2024-12-31 10:00:00,1484.3333,1486.1333,1474.2667,1482.6667,69,7977
2024-12-31 11:00:00,1482.6667,1485.2667,1468.8667,1481.0000,69,7977
2024-12-31 13:00:00,1481.0000,1483.6000,1467.2000,1479.3333,69,7977
2024-12-31 14:00:00,1479.3333,1481.1333,1469.2667,1477.6667,69,7977
2024-12-31 15:00:00,1477.6667,1478.6667,1471.3333,1476.0000,69,7977
2025-01-02 09:00:00,1479.0000,1484.6667,1478.6667,1482.0000,416,8112
2025-01-02 10:00:00,1482.0000,1489.8000,1481.4000,1485.0000,416,8112
2025-01-02 11:00:00,1485.0000,1494.9333,1484.1333,1488.0000,416,8112
2025-01-02 13:00:00,1488.0000,1497.9333,1487.1333,1491.0000,416,8112
2025-01-02 14:00:00,1491.0000,1498.8000,1490.4000,1494.0000,416,8112
2025-01-02 15:00:00,1494.0000,1499.6667,1493.6667,1497.0000,416,8112
2025-01-03 09:00:00,1496.0000,1500.3333,1487.6667,1491.0000,171,8097
2025-01-03 10:00:00,1491.0000,1498.8000,1480.0000,1486.0000,171,8097
2025-01-03 11:00:00,1486.0000,1497.2667,1472.3333,1481.0000,171,8097
2025-01-03 13:00:00,1481.0000,1492.2667,1467.3333,1476.0000,171,8097
2025-01-03 14:00:00,1476.0000,1483.8000,1465.0000,1471.0000,171,8097
2025-01-03 15:00:00,1471.0000,1475.3333,1462.6667,1466.0000,171,8097
2025-01-06 09:00:00,1465.0000,1469.0000,1458.3333,1464.6667,146,8433
2025-01-06 10:00:00,1464.6667,1471.8667,1452.9333,1464.3333,146,8433
2025-01-06 11:00:00,1464.3333,1474.7333,1447.5333,1464.0000,146,8433
2025-01-06 13:00:00,1464.0000,1474.4000,1447.2000,1463.6667,146,8433
2025-01-06 14:00:00,1463.6667,1470.8667,1451.9333,1463.3333,146,8433
2025-01-06 15:00:00,1463.3333,1467.3333,1456.6667,1463.0000,146,8433
2025-01-07 09:00:00,1472.0000,1472.3333,1467.6667,1468.6667,55,8469
2025-01-07 10:00:00,1468.6667,1469.2667,1463.5333,1465.3333,55,8469
2025-01-07 11:00:00,1465.3333,1466.2000,1459.4000,1462.0000,55,8469
2025-01-07 13:00:00,1462.0000,1462.8667,1456.0667,1458.6667,55,8469
2025-01-07 14:00:00,1458.6667,1459.2667,1453.5333,1455.3333,55,8469
2025-01-07 15:00:00,1455.3333,1455.6667,1451.0000,1452.0000,55,8469
2025-01-08 09:00:00,1454.0000,1455.3333,1449.5000,1450.8333,103,8449
2025-01-08 10:00:00,1450.8333,1453.2333,1445.2667,1447.6667,103,8449
2025-01-08 11:00:00,1447.6667,1451.1333,1441.0333,1444.5000,103,8449
2025-01-08 13:00:00,1444.5000,1447.9667,1437.8667,1441.3333,103,8449
2025-01-08 14:00:00,1441.3333,1443.7333,1435.7667,1438.1667,103,8449
2025-01-08 15:00:00,1438.1667,1439.5000,1433.6667,1435.0000,103,8449
2025-01-09 09:00:00,1430.0000,1435.0000,1429.3333,1433.6667,117,8365
2025-01-09 10:00:00,1433.6667,1439.7333,1432.4667,1437.3333,117,8365
2025-01-09 11:00:00,1437.3333,1444.4667,1435.6000,1441.0000,117,8365
2025-01-09 13:00:00,1441.0000,1448.1333,1439.2667,1444.6667,117,8365
2025-01-09 14:00:00,1444.6667,1450.7333,1443.4667,1448.3333,117,8365
2025-01-09 15:00:00,1448.3333,1453.3333,1447.6667,1452.0000,117,8365
2025-01-10 09:00:00,1451.0000,1451.6667,1445.6667,1450.6667,66,8335
2025-01-10 10:00:00,1450.6667,1451.8667,1441.3333,1450.3333,66,8335
2025-01-10 11:00:00,1450.3333,1452.0667,1437.0000,1450.0000,66,8335
2025-01-10 13:00:00,1450.0000,1451.7333,1436.6667,1449.6667,66,8335
2025-01-10 14:00:00,1449.6667,1450.8667,1440.3333,1449.3333,66,8335
2025-01-10 15:00:00,1449.3333,1450.0000,1444.0000,1449.0000,66,8335
2025-01-13 09:00:00,1451.0000,1456.8333,1450.6667,1454.5000,172,8403
2025-01-13 10:00:00,1454.5000,1462.2000,1453.9000,1458.0000,172,8403
2025-01-13 11:00:00,1458.0000,1467.5667,1457.1333,1461.5000,172,8403
2025-01-13 13:00:00,1461.5000,1471.0667,1460.6333,1465.0000,172,8403
2025-01-13 14:00:00,1465.0000,1472.7000,1464.4000,1468.5000,172,8403
2025-01-13 15:00:00,1468.5000,1474.3333,1468.1667,1472.0000,172,8403
2025-01-14 09:00:00,1461.0000,1469.3333,1459.0000,1468.3333,448,10157
2025-01-14 10:00:00,1468.3333,1477.4667,1464.7333,1475.6667,448,10157
2025-01-14 11:00:00,1475.6667,1485.6000,1470.4667,1483.0000,448,10157
2025-01-14 13:00:00,1483.0000,1492.9333,1477.8000,1490.3333,448,10157
2025-01-14 14:00:00,1490.3333,1499.4667,1486.7333,1497.6667,448,10157
2025-01-14 15:00:00,1497.6667,1506.0000,1495.6667,1505.0000,448,10157
2025-01-15 09:00:00,1508.0000,1508.0000,1502.6667,1506.3333,206,10617
2025-01-15 10:00:00,1506.3333,1506.3333,1498.0667,1504.6667,206,10617
2025-01-15 11:00:00,1504.6667,1504.6667,1493.4667,1503.0000,206,10617
2025-01-15 13:00:00,1503.0000,1503.0000,1491.8000,1501.3333,206,10617
2025-01-15 14:00:00,1501.3333,1501.3333,1493.0667,1499.6667,206,10617
2025-01-15 15:00:00,1499.6667,1499.6667,1494.3333,1498.0000,206,10617
2025-01-16 09:00:00,1501.0000,1505.3333,1497.0000,1504.3333,210,10490
2025-01-16 10:00:00,1504.3333,1509.4667,1497.1333,1507.6667,210,10490
2025-01-16 11:00:00,1507.6667,1513.6000,1497.2667,1511.0000,210,10490
2025-01-16 13:00:00,1511.0000,1516.9333,1500.6000,1514.3333,210,10490
2025-01-16 14:00:00,1514.3333,1519.4667,1507.1333,1517.6667,210,10490
2025-01-16 15:00:00,1517.6667,1522.0000,1513.6667,1521.0000,210,10490
2025-01-17 09:00:00,1521.0000,1533.1667,1517.3333,1525.5000,372,10574
2025-01-17 10:00:00,1525.5000,1543.8000,1518.9000,1530.0000,372,10574
2025-01-17 11:00:00,1530.0000,1554.4333,1520.4667,1534.5000,372,10574
2025-01-17 13:00:00,1534.5000,1558.9333,1524.9667,1539.0000,372,10574
2025-01-17 14:00:00,1539.0000,1557.3000,1532.4000,1543.5000,372,10574
2025-01-17 15:00:00,1543.5000,1555.6667,1539.8333,1548.0000,372,10574
2025-01-20 09:00:00,1550.0000,1553.6667,1540.3333,1546.6667,416,11673
2025-01-20 10:00:00,1546.6667,1553.2667,1531.9333,1543.3333,416,11673
2025-01-20 11:00:00,1543.3333,1552.8667,1523.5333,1540.0000,416,11673
2025-01-20 13:00:00,1540.0000,1549.5333,1520.2000,1536.6667,416,11673
2025-01-20 14:00:00,1536.6667,1543.2667,1521.9333,1533.3333,416,11673
2025-01-20 15:00:00,1533.3333,1537.0000,1523.6667,1530.0000,416,11673
2025-01-21 09:00:00,1530.0000,1534.6667,1527.6667,1529.6667,208,12500
2025-01-21 10:00:00,1529.6667,1538.0667,1525.7333,1529.3333,208,12500
2025-01-21 11:00:00,1529.3333,1541.4667,1523.8000,1529.0000,208,12500
2025-01-21 13:00:00,1529.0000,1541.1333,1523.4667,1528.6667,208,12500
2025-01-21 14:00:00,1528.6667,1537.0667,1524.7333,1528.3333,208,12500
2025-01-21 15:00:00,1528.3333,1533.0000,1526.0000,1528.0000,208,12500
2025-01-22 09:00:00,1524.0000,1525.6667,1517.1667,1523.5000,200,12558
2025-01-22 10:00:00,1523.5000,1526.5000,1511.6000,1523.0000,200,12558
2025-01-22 11:00:00,1523.0000,1527.3333,1506.0333,1522.5000,200,12558
2025-01-22 13:00:00,1522.5000,1526.8333,1505.5333,1522.0000,200,12558
2025-01-22 14:00:00,1522.0000,1525.0000,1510.1000,1521.5000,200,12558
2025-01-22 15:00:00,1521.5000,1523.1667,1514.6667,1521.0000,200,12558
2025-01-23 09:00:00,1522.0000,1528.5000,1521.0000,1522.8333,127,12577
2025-01-23 10:00:00,1522.8333,1533.8667,1521.0333,1523.6667,127,12577
2025-01-23 11:00:00,1523.6667,1539.2333,1521.0667,1524.5000,127,12577
2025-01-23 13:00:00,1524.5000,1540.0667,1521.9000,1525.3333,127,12577
2025-01-23 14:00:00,1525.3333,1536.3667,1523.5333,1526.1667,127,12577
2025-01-23 15:00:00,1526.1667,1532.6667,1525.1667,1527.0000,127,12577
2025-01-24 09:00:00,1530.0000,1535.5000,1526.3333,1532.5000,152,12500
2025-01-24 10:00:00,1532.5000,1540.4000,1525.9000,1535.0000,152,12500
2025-01-24 11:00:00,1535.0000,1545.3000,1525.4667,1537.5000,152,12500
2025-01-24 13:00:00,1537.5000,1547.8000,1527.9667,1540.0000,152,12500
2025-01-24 14:00:00,1540.0000,1547.9000,1533.4000,1542.5000,152,12500
2025-01-24 15:00:00,1542.5000,1548.0000,1538.8333,1545.0000,152,12500
2025-01-27 09:00:00,1542.0000,1542.0000,1538.1667,1538.5000,80,12525
2025-01-27 10:00:00,1538.5000,1538.5000,1534.4000,1535.0000,80,12525
2025-01-27 11:00:00,1535.0000,1535.0000,1530.6333,1531.5000,80,12525
2025-01-27 13:00:00,1531.5000,1531.5000,1527.1333,1528.0000,80,12525
2025-01-27 14:00:00,1528.0000,1528.0000,1523.9000,1524.5000,80,12525
2025-01-27 15:00:00,1524.5000,1524.5000,1520.6667,1521.0000,80,12525
2025-02-05 09:00:00,1499.0000,1507.0000,1493.1667,1497.5000,240,12834
2025-02-05 10:00:00,1497.5000,1511.9000,1488.2000,1496.0000,240,12834
2025-02-05 11:00:00,1496.0000,1516.8000,1483.2333,1494.5000,240,12834
2025-02-05 13:00:00,1494.5000,1515.3000,1481.7333,1493.0000,240,12834
2025-02-05 14:00:00,1493.0000,1507.4000,1483.7000,1491.5000,240,12834
2025-02-05 15:00:00,1491.5000,1499.5000,1485.6667,1490.0000,240,12834
2025-02-06 09:00:00,1490.0000,1493.0000,1484.3333,1488.3333,153,13250
2025-02-06 10:00:00,1488.3333,1493.7333,1479.4667,1486.6667,153,13250
2025-02-06 11:00:00,1486.6667,1494.4667,1474.6000,1485.0000,153,13250
2025-02-06 13:00:00,1485.0000,1492.8000,1472.9333,1483.3333,153,13250
2025-02-06 14:00:00,1483.3333,1488.7333,1474.4667,1481.6667,153,13250
2025-02-06 15:00:00,1481.6667,1484.6667,1476.0000,1480.0000,153,13250
2025-02-07 09:00:00,1480.0000,1486.5000,1477.3333,1483.8333,287,13570
2025-02-07 10:00:00,1483.8333,1492.4667,1479.0333,1487.6667,287,13570
2025-02-07 11:00:00,1487.6667,1498.4333,1480.7333,1491.5000,287,13570
2025-02-07 13:00:00,1491.5000,1502.2667,1484.5667,1495.3333,287,13570
2025-02-07 14:00:00,1495.3333,1503.9667,1490.5333,1499.1667,287,13570
2025-02-07 15:00:00,1499.1667,1505.6667,1496.5000,1503.0000,287,13570
2025-02-10 09:00:00,1500.0000,1501.6667,1496.3333,1501.0000,207,13727
2025-02-10 10:00:00,1501.0000,1503.2000,1494.4000,1502.0000,207,13727
2025-02-10 11:00:00,1502.0000,1504.7333,1492.4667,1503.0000,207,13727
2025-02-10 13:00:00,1503.0000,1505.7333,1493.4667,1504.0000,207,13727
2025-02-10 14:00:00,1504.0000,1506.2000,1497.4000,1505.0000,207,13727
2025-02-10 15:00:00,1505.0000,1506.6667,1501.3333,1506.0000,207,13727
2025-02-11 09:00:00,1510.0000,1514.3333,1504.8333,1508.1667,282,13922
2025-02-11 10:00:00,1508.1667,1515.9667,1500.3333,1506.3333,282,13922
2025-02-11 11:00:00,1506.3333,1517.6000,1495.8333,1504.5000,282,13922
2025-02-11 13:00:00,1504.5000,1515.7667,1494.0000,1502.6667,282,13922
2025-02-11 14:00:00,1502.6667,1510.4667,1494.8333,1500.8333,282,13922
2025-02-11 15:00:00,1500.8333,1505.1667,1495.6667,1499.0000,282,13922
2025-02-12 09:00:00,1498.0000,1502.0000,1492.6667,1500.3333,184,13856
2025-02-12 10:00:00,1500.3333,1505.6667,1490.7333,1502.6667,184,13856
2025-02-12 11:00:00,1502.6667,1509.3333,1488.8000,1505.0000,184,13856
2025-02-12 13:00:00,1505.0000,1511.6667,1491.1333,1507.3333,184,13856
2025-02-12 14:00:00,1507.3333,1512.6667,1497.7333,1509.6667,184,13856
2025-02-12 15:00:00,1509.6667,1513.6667,1504.3333,1512.0000,184,13856
2025-02-13 09:00:00,1512.0000,1514.0000,1505.5000,1505.5000,212,13860
2025-02-13 10:00:00,1505.5000,1509.1000,1499.0000,1499.0000,212,13860
2025-02-13 11:00:00,1499.0000,1504.2000,1492.5000,1492.5000,212,13860
2025-02-13 13:00:00,1492.5000,1497.7000,1486.0000,1486.0000,212,13860
2025-02-13 14:00:00,1486.0000,1489.6000,1479.5000,1479.5000,212,13860
2025-02-13 15:00:00,1479.5000,1481.5000,1473.0000,1473.0000,212,13860
2025-02-14 09:00:00,1474.0000,1482.6667,1473.0000,1478.0000,211,13924
2025-02-14 10:00:00,1478.0000,1490.4000,1476.2000,1482.0000,211,13924
2025-02-14 11:00:00,1482.0000,1498.1333,1479.4000,1486.0000,211,13924
2025-02-14 13:00:00,1486.0000,1502.1333,1483.4000,1490.0000,211,13924
2025-02-14 14:00:00,1490.0000,1502.4000,1488.2000,1494.0000,211,13924
2025-02-14 15:00:00,1494.0000,1502.6667,1493.0000,1498.0000,211,13924
2025-02-17 09:00:00,1501.0000,1511.3333,1498.6667,1509.0000,467,13664
2025-02-17 10:00:00,1509.0000,1521.2000,1504.8000,1517.0000,467,13664
2025-02-17 11:00:00,1517.0000,1531.0667,1510.9333,1525.0000,467,13664
2025-02-17 13:00:00,1525.0000,1539.0667,1518.9333,1533.0000,467,13664
2025-02-17 14:00:00,1533.0000,1545.2000,1528.8000,1541.0000,467,13664
2025-02-17 15:00:00,1541.0000,1551.3333,1538.6667,1549.0000,467,13664
2025-02-18 09:00:00,1545.0000,1548.6667,1542.6667,1544.0000,225,13813
2025-02-18 10:00:00,1544.0000,1550.6000,1540.6000,1543.0000,225,13813
2025-02-18 11:00:00,1543.0000,1552.5333,1538.5333,1542.0000,225,13813
2025-02-18 13:00:00,1542.0000,1551.5333,1537.5333,1541.0000,225,13813
2025-02-18 14:00:00,1541.0000,1547.6000,1537.6000,1540.0000,225,13813
2025-02-18 15:00:00,1540.0000,1543.6667,1537.6667,1539.0000,225,13813
2025-02-19 09:00:00,1544.0000,1545.6667,1537.1667,1543.1667,300,14012
2025-02-19 10:00:00,1543.1667,1546.1667,1531.5333,1542.3333,300,14012
2025-02-19 11:00:00,1542.3333,1546.6667,1525.9000,1541.5000,300,14012
2025-02-19 13:00:00,1541.5000,1545.8333,1525.0667,1540.6667,300,14012
2025-02-19 14:00:00,1540.6667,1543.6667,1529.0333,1539.8333,300,14012
2025-02-19 15:00:00,1539.8333,1541.5000,1533.0000,1539.0000,300,14012
2025-02-20 09:00:00,1543.0000,1550.0000,1543.0000,1546.6667,436,14201
2025-02-20 10:00:00,1546.6667,1556.3333,1546.6667,1550.3333,436,14201
2025-02-20 11:00:00,1550.3333,1562.6667,1550.3333,1554.0000,436,14201
2025-02-20 13:00:00,1554.0000,1566.3333,1554.0000,1557.6667,436,14201
2025-02-20 14:00:00,1557.6667,1567.3333,1557.6667,1561.3333,436,14201
2025-02-20 15:00:00,1561.3333,1568.3333,1561.3333,1565.0000,436,14201
2025-02-21 09:00:00,1566.0000,1568.0000,1561.3333,1563.6667,495,14740
2025-02-21 10:00:00,1563.6667,1567.2667,1557.1333,1561.3333,495,14740
2025-02-21 11:00:00,1561.3333,1566.5333,1552.9333,1559.0000,495,14740
2025-02-21 13:00:00,1559.0000,1564.2000,1550.6000,1556.6667,495,14740
2025-02-21 14:00:00,1556.6667,1560.2667,1550.1333,1554.3333,495,14740
2025-02-21 15:00:00,1554.3333,1556.3333,1549.6667,1552.0000,495,14740
2025-02-24 09:00:00,1548.0000,1551.8333,1543.6667,1550.5000,338,14982
2025-02-24 10:00:00,1550.5000,1555.4000,1542.7000,1553.0000,338,14982
2025-02-24 11:00:00,1553.0000,1558.9667,1541.7333,1555.5000,338,14982
2025-02-24 13:00:00,1555.5000,1561.4667,1544.2333,1558.0000,338,14982
2025-02-24 14:00:00,1558.0000,1562.9000,1550.2000,1560.5000,338,14982
2025-02-24 15:00:00,1560.5000,1564.3333,1556.1667,1563.0000,338,14982
2025-02-25 09:00:00,1557.0000,1561.0000,1552.1667,1553.8333,528,15468
2025-02-25 10:00:00,1553.8333,1561.0333,1547.6667,1550.6667,528,15468
2025-02-25 11:00:00,1550.6667,1561.0667,1543.1667,1547.5000,528,15468
2025-02-25 13:00:00,1547.5000,1557.9000,1540.0000,1544.3333,528,15468
2025-02-25 14:00:00,1544.3333,1551.5333,1538.1667,1541.1667,528,15468
2025-02-25 15:00:00,1541.1667,1545.1667,1536.3333,1538.0000,528,15468
2025-02-26 09:00:00,1539.0000,1544.1667,1539.0000,1540.8333,350,15330
2025-02-26 10:00:00,1540.8333,1548.6667,1540.8333,1542.6667,350,15330
2025-02-26 11:00:00,1542.6667,1553.1667,1542.6667,1544.5000,350,15330
2025-02-26 13:00:00,1544.5000,1555.0000,1544.5000,1546.3333,350,15330
2025-02-26 14:00:00,1546.3333,1554.1667,1546.3333,1548.1667,350,15330
2025-02-26 15:00:00,1548.1667,1553.3333,1548.1667,1550.0000,350,15330
2025-02-27 09:00:00,1550.0000,1557.8333,1548.3333,1556.1667,499,15016
2025-02-27 10:00:00,1556.1667,1565.3333,1553.1667,1562.3333,499,15016
2025-02-27 11:00:00,1562.3333,1572.8333,1558.0000,1568.5000,499,15016
2025-02-27 13:00:00,1568.5000,1579.0000,1564.1667,1574.6667,499,15016
2025-02-27 14:00:00,1574.6667,1583.8333,1571.6667,1580.8333,499,15016
2025-02-27 15:00:00,1580.8333,1588.6667,1579.1667,1587.0000,499,15016
2025-02-28 09:00:00,1592.0000,1595.0000,1586.6667,1592.6667,608,14968
2025-02-28 10:00:00,1592.6667,1597.5333,1583.0667,1593.3333,608,14968
2025-02-28 11:00:00,1593.3333,1600.0667,1579.4667,1594.0000,608,14968
2025-02-28 13:00:00,1594.0000,1600.7333,1580.1333,1594.6667,608,14968
2025-02-28 14:00:00,1594.6667,1599.5333,1585.0667,1595.3333,608,14968
2025-02-28 15:00:00,1595.3333,1598.3333,1590.0000,1596.0000,608,14968
2025-03-03 09:00:00,1598.0000,1602.0000,1592.0000,1595.0000,519,14906
2025-03-03 10:00:00,1595.0000,1602.2000,1586.6000,1592.0000,519,14906
2025-03-03 11:00:00,1592.0000,1602.4000,1581.2000,1589.0000,519,14906
2025-03-03 13:00:00,1589.0000,1599.4000,1578.2000,1586.0000,519,14906
2025-03-03 14:00:00,1586.0000,1593.2000,1577.6000,1583.0000,519,14906
2025-03-03 15:00:00,1583.0000,1587.0000,1577.0000,1580.0000,519,14906
2025-03-04 09:00:00,1583.0000,1583.6667,1576.5000,1578.8333,470,14921
2025-03-04 10:00:00,1578.8333,1580.0333,1570.4667,1574.6667,470,14921
2025-03-04 11:00:00,1574.6667,1576.4000,1564.4333,1570.5000,470,14921
2025-03-04 13:00:00,1570.5000,1572.2333,1560.2667,1566.3333,470,14921
2025-03-04 14:00:00,1566.3333,1567.5333,1557.9667,1562.1667,470,14921
2025-03-04 15:00:00,1562.1667,1562.8333,1555.6667,1558.0000,470,14921
2025-03-05 09:00:00,1550.0000,1553.0000,1541.1667,1542.8333,697,15854
2025-03-05 10:00:00,1542.8333,1548.2333,1532.6667,1535.6667,697,15854
2025-03-05 11:00:00,1535.6667,1543.4667,1524.1667,1528.5000,697,15854
2025-03-05 13:00:00,1528.5000,1536.3000,1517.0000,1521.3333,697,15854
2025-03-05 14:00:00,1521.3333,1526.7333,1511.1667,1514.1667,697,15854
2025-03-05 15:00:00,1514.1667,1517.1667,1505.3333,1507.0000,697,15854
2025-03-06 09:00:00,1520.0000,1520.0000,1509.8333,1516.8333,1160,17816
2025-03-06 10:00:00,1516.8333,1516.8333,1501.0667,1513.6667,1160,17816
2025-03-06 11:00:00,1513.6667,1513.6667,1492.3000,1510.5000,1160,17816
2025-03-06 13:00:00,1510.5000,1510.5000,1489.1333,1507.3333,1160,17816
2025-03-06 14:00:00,1507.3333,1507.3333,1491.5667,1504.1667,1160,17816
2025-03-06 15:00:00,1504.1667,1504.1667,1494.0000,1501.0000,1160,17816
2025-03-07 09:00:00,1501.0000,1503.0000,1494.5000,1496.8333,375,17665
2025-03-07 10:00:00,1496.8333,1500.4333,1488.4667,1492.6667,375,17665
2025-03-07 11:00:00,1492.6667,1497.8667,1482.4333,1488.5000,375,17665
2025-03-07 13:00:00,1488.5000,1493.7000,1478.2667,1484.3333,375,17665
2025-03-07 14:00:00,1484.3333,1487.9333,1475.9667,1480.1667,375,17665
2025-03-07 15:00:00,1480.1667,1482.1667,1473.6667,1476.0000,375,17665
2025-03-10 09:00:00,1475.0000,1478.0000,1468.8333,1473.5000,384,17911
2025-03-10 10:00:00,1473.5000,1478.9000,1463.6000,1472.0000,384,17911
2025-03-10 11:00:00,1472.0000,1479.8000,1458.3667,1470.5000,384,17911
2025-03-10 13:00:00,1470.5000,1478.3000,1456.8667,1469.0000,384,17911
2025-03-10 14:00:00,1469.0000,1474.4000,1459.1000,1467.5000,384,17911
2025-03-10 15:00:00,1467.5000,1470.5000,1461.3333,1466.0000,384,17911
2025-03-11 09:00:00,1467.0000,1471.6667,1465.3333,1466.6667,250,18025
2025-03-11 10:00:00,1466.6667,1475.0667,1463.9333,1466.3333,250,18025
2025-03-11 11:00:00,1466.3333,1478.4667,1462.5333,1466.0000,250,18025
2025-03-11 13:00:00,1466.0000,1478.1333,1462.2000,1465.6667,250,18025
2025-03-11 14:00:00,1465.6667,1474.0667,1462.9333,1465.3333,250,18025
2025-03-11 15:00:00,1465.3333,1470.0000,1463.6667,1465.0000,250,18025
2025-03-12 09:00:00,1469.0000,1472.0000,1464.0000,1468.0000,270,17974
2025-03-12 10:00:00,1468.0000,1473.4000,1459.8000,1467.0000,270,17974
2025-03-12 11:00:00,1467.0000,1474.8000,1455.6000,1466.0000,270,17974
2025-03-12 13:00:00,1466.0000,1473.8000,1454.6000,1465.0000,270,17974
2025-03-12 14:00:00,1465.0000,1470.4000,1456.8000,1464.0000,270,17974
2025-03-12 15:00:00,1464.0000,1467.0000,1459.0000,1463.0000,270,17974
2025-03-13 09:00:00,1468.0000,1469.3333,1462.0000,1468.6667,256,18017
2025-03-13 10:00:00,1468.6667,1470.5333,1457.8667,1469.3333,256,18017
2025-03-13 11:00:00,1469.3333,1471.7333,1453.7333,1470.0000,256,18017
2025-03-13 13:00:00,1470.0000,1472.4000,1454.4000,1470.6667,256,18017
2025-03-13 14:00:00,1470.6667,1472.5333,1459.8667,1471.3333,256,18017
2025-03-13 15:00:00,1471.3333,1472.6667,1465.3333,1472.0000,256,18017
2025-03-14 09:00:00,1468.0000,1472.3333,1465.0000,1470.0000,258,18042
2025-03-14 10:00:00,1470.0000,1476.2000,1464.6000,1472.0000,258,18042
2025-03-14 11:00:00,1472.0000,1480.0667,1464.2000,1474.0000,258,18042
2025-03-14 13:00:00,1474.0000,1482.0667,1466.2000,1476.0000,258,18042
2025-03-14 14:00:00,1476.0000,1482.2000,1470.6000,1478.0000,258,18042
2025-03-14 15:00:00,1478.0000,1482.3333,1475.0000,1480.0000,258,18042
2025-03-17 09:00:00,1480.0000,1483.0000,1476.0000,1477.6667,542,18050
2025-03-17 10:00:00,1477.6667,1483.0667,1472.3333,1475.3333,542,18050
2025-03-17 11:00:00,1475.3333,1483.1333,1468.6667,1473.0000,542,18050
2025-03-17 13:00:00,1473.0000,1480.8000,1466.3333,1470.6667,542,18050
2025-03-17 14:00:00,1470.6667,1476.0667,1465.3333,1468.3333,542,18050
2025-03-17 15:00:00,1468.3333,1471.3333,1464.3333,1466.0000,542,18050
2025-03-18 09:00:00,1467.0000,1476.6667,1463.6667,1465.0000,438,17641
2025-03-18 10:00:00,1465.0000,1482.4000,1460.6000,1463.0000,438,17641
2025-03-18 11:00:00,1463.0000,1488.1333,1457.5333,1461.0000,438,17641
2025-03-18 13:00:00,1461.0000,1486.1333,1455.5333,1459.0000,438,17641
2025-03-18 14:00:00,1459.0000,1476.4000,1454.6000,1457.0000,438,17641
2025-03-18 15:00:00,1457.0000,1466.6667,1453.6667,1455.0000,438,17641
2025-03-19 09:00:00,1458.0000,1458.0000,1452.8333,1457.1667,1010,14453
2025-03-19 10:00:00,1457.1667,1457.1667,1448.5333,1456.3333,1010,14453
2025-03-19 11:00:00,1456.3333,1456.3333,1444.2333,1455.5000,1010,14453
2025-03-19 13:00:00,1455.5000,1455.5000,1443.4000,1454.6667,1010,14453
2025-03-19 14:00:00,1454.6667,1454.6667,1446.0333,1453.8333,1010,14453
2025-03-19 15:00:00,1453.8333,1453.8333,1448.6667,1453.0000,1010,14453
2025-03-20 09:00:00,1458.0000,1459.5000,1454.3333,1458.8333,218,14336
2025-03-20 10:00:00,1458.8333,1460.8667,1452.2333,1459.6667,218,14336
2025-03-20 11:00:00,1459.6667,1462.2333,1450.1333,1460.5000,218,14336
2025-03-20 13:00:00,1460.5000,1463.0667,1450.9667,1461.3333,218,14336
2025-03-20 14:00:00,1461.3333,1463.3667,1454.7333,1462.1667,218,14336
2025-03-20 15:00:00,1462.1667,1463.6667,1458.5000,1463.0000,218,14336
2025-03-21 09:00:00,1462.0000,1462.3333,1455.5000,1459.1667,765,14283
2025-03-21 10:00:00,1459.1667,1459.7667,1449.7333,1456.3333,765,14283
2025-03-21 11:00:00,1456.3333,1457.2000,1443.9667,1453.5000,765,14283
2025-03-21 13:00:00,1453.5000,1454.3667,1441.1333,1450.6667,765,14283
2025-03-21 14:00:00,1450.6667,1451.2667,1441.2333,1447.8333,765,14283
2025-03-21 15:00:00,1447.8333,1448.1667,1441.3333,1445.0000,765,14283
2025-03-24 09:00:00,1448.0000,1454.5000,1444.6667,1451.8333,573,14389
2025-03-24 10:00:00,1451.8333,1460.4667,1445.8333,1455.6667,573,14389
2025-03-24 11:00:00,1455.6667,1466.4333,1447.0000,1459.5000,573,14389
2025-03-24 13:00:00,1459.5000,1470.2667,1450.8333,1463.3333,573,14389
2025-03-24 14:00:00,1463.3333,1471.9667,1457.3333,1467.1667,573,14389
2025-03-24 15:00:00,1467.1667,1473.6667,1463.8333,1471.0000,573,14389
2025-03-25 09:00:00,1470.0000,1471.6667,1466.0000,1468.3333,571,14697
2025-03-25 10:00:00,1468.3333,1471.3333,1462.4667,1466.6667,571,14697
2025-03-25 11:00:00,1466.6667,1471.0000,1458.9333,1465.0000,571,14697
2025-03-25 13:00:00,1465.0000,1469.3333,1457.2667,1463.3333,571,14697
2025-03-25 14:00:00,1463.3333,1466.3333,1457.4667,1461.6667,571,14697
2025-03-25 15:00:00,1461.6667,1463.3333,1457.6667,1460.0000,571,14697
2025-03-26 09:00:00,1463.0000,1467.0000,1461.1667,1461.1667,596,14373
2025-03-26 10:00:00,1461.1667,1468.3667,1459.3333,1459.3333,596,14373
2025-03-26 11:00:00,1459.3333,1469.7333,1457.5000,1457.5000,596,14373
2025-03-26 13:00:00,1457.5000,1467.9000,1455.6667,1455.6667,596,14373
2025-03-26 14:00:00,1455.6667,1462.8667,1453.8333,1453.8333,596,14373
2025-03-26 15:00:00,1453.8333,1457.8333,1452.0000,1452.0000,596,14373
2025-03-27 09:00:00,1452.0000,1453.0000,1449.3333,1451.0000,404,14663
2025-03-27 10:00:00,1451.0000,1452.8000,1447.0000,1450.0000,404,14663
2025-03-27 11:00:00,1450.0000,1452.6000,1444.6667,1449.0000,404,14663
2025-03-27 13:00:00,1449.0000,1451.6000,1443.6667,1448.0000,404,14663
2025-03-27 14:00:00,1448.0000,1449.8000,1444.0000,1447.0000,404,14663
2025-03-27 15:00:00,1447.0000,1448.0000,1444.3333,1446.0000,404,14663
2025-03-28 09:00:00,1445.0000,1445.6667,1438.5000,1441.1667,1048,15532
2025-03-28 10:00:00,1441.1667,1442.3667,1432.5333,1437.3333,1048,15532
2025-03-28 11:00:00,1437.3333,1439.0667,1426.5667,1433.5000,1048,15532
2025-03-28 13:00:00,1433.5000,1435.2333,1422.7333,1429.6667,1048,15532
2025-03-28 14:00:00,1429.6667,1430.8667,1421.0333,1425.8333,1048,15532
2025-03-28 15:00:00,1425.8333,1426.5000,1419.3333,1422.0000,1048,15532
2025-03-31 09:00:00,1420.0000,1421.0000,1415.6667,1417.0000,757,16323
2025-03-31 10:00:00,1417.0000,1418.8000,1411.6000,1414.0000,757,16323
2025-03-31 11:00:00,1414.0000,1416.6000,1407.5333,1411.0000,757,16323
2025-03-31 13:00:00,1411.0000,1413.6000,1404.5333,1408.0000,757,16323
2025-03-31 14:00:00,1408.0000,1409.8000,1402.6000,1405.0000,757,16323
2025-03-31 15:00:00,1405.0000,1406.0000,1400.6667,1402.0000,757,16323
2025-04-01 09:00:00,1402.0000,1408.6667,1400.3333,1404.0000,691,16580
2025-04-01 10:00:00,1404.0000,1414.4000,1401.0000,1406.0000,691,16580
2025-04-01 11:00:00,1406.0000,1420.1333,1401.6667,1408.0000,691,16580
2025-04-01 13:00:00,1408.0000,1422.1333,1403.6667,1410.0000,691,16580
2025-04-01 14:00:00,1410.0000,1420.4000,1407.0000,1412.0000,691,16580
2025-04-01 15:00:00,1412.0000,1418.6667,1410.3333,1414.0000,691,16580
2025-04-02 09:00:00,1412.0000,1413.0000,1408.3333,1412.6667,455,16671
2025-04-02 10:00:00,1412.6667,1413.9333,1406.0667,1413.3333,455,16671
2025-04-02 11:00:00,1413.3333,1414.8667,1403.8000,1414.0000,455,16671
2025-04-02 13:00:00,1414.0000,1415.5333,1404.4667,1414.6667,455,16671
2025-04-02 14:00:00,1414.6667,1415.9333,1408.0667,1415.3333,455,16671
2025-04-02 15:00:00,1415.3333,1416.3333,1411.6667,1416.0000,455,16671
2025-04-03 09:00:00,1416.0000,1418.0000,1412.3333,1413.6667,518,16596
2025-04-03 10:00:00,1413.6667,1417.2667,1408.9333,1411.3333,518,16596
2025-04-03 11:00:00,1411.3333,1416.5333,1405.5333,1409.0000,518,16596
2025-04-03 13:00:00,1409.0000,1414.2000,1403.2000,1406.6667,518,16596
2025-04-03 14:00:00,1406.6667,1410.2667,1401.9333,1404.3333,518,16596
2025-04-03 15:00:00,1404.3333,1406.3333,1400.6667,1402.0000,518,16596
2025-04-07 09:00:00,1354.0000,1362.3333,1353.0000,1358.6667,1021,15998
2025-04-07 10:00:00,1358.6667,1369.9333,1356.8667,1363.3333,1021,15998
2025-04-07 11:00:00,1363.3333,1377.5333,1360.7333,1368.0000,1021,15998
2025-04-07 13:00:00,1368.0000,1382.2000,1365.4000,1372.6667,1021,15998
2025-04-07 14:00:00,1372.6667,1383.9333,1370.8667,1377.3333,1021,15998
2025-04-07 15:00:00,1377.3333,1385.6667,1376.3333,1382.0000,1021,15998
2025-04-08 09:00:00,1385.0000,1388.6667,1376.5000,1379.5000,864,16673
2025-04-08 10:00:00,1379.5000,1386.1000,1368.6000,1374.0000,864,16673
2025-04-08 11:00:00,1374.0000,1383.5333,1360.7000,1368.5000,864,16673
2025-04-08 13:00:00,1368.5000,1378.0333,1355.2000,1363.0000,864,16673
2025-04-08 14:00:00,1363.0000,1369.6000,1352.1000,1357.5000,864,16673
2025-04-08 15:00:00,1357.5000,1361.1667,1349.0000,1352.0000,864,16673
2025-04-09 09:00:00,1355.0000,1355.0000,1338.0000,1352.0000,1664,16799
2025-04-09 10:00:00,1352.0000,1352.0000,1323.8000,1349.0000,1664,16799
2025-04-09 11:00:00,1349.0000,1349.0000,1309.6000,1346.0000,1664,16799
2025-04-09 13:00:00,1346.0000,1346.0000,1306.6000,1343.0000,1664,16799
2025-04-09 14:00:00,1343.0000,1343.0000,1314.8000,1340.0000,1664,16799
2025-04-09 15:00:00,1340.0000,1340.0000,1323.0000,1337.0000,1664,16799
2025-04-10 09:00:00,1332.0000,1343.3333,1331.0000,1334.3333,1586,18004
2025-04-10 10:00:00,1334.3333,1352.8667,1332.5333,1336.6667,1586,18004
2025-04-10 11:00:00,1336.6667,1362.4000,1334.0667,1339.0000,1586,18004
2025-04-10 13:00:00,1339.0000,1364.7333,1336.4000,1341.3333,1586,18004
2025-04-10 14:00:00,1341.3333,1359.8667,1339.5333,1343.6667,1586,18004
2025-04-10 15:00:00,1343.6667,1355.0000,1342.6667,1346.0000,1586,18004
2025-04-11 09:00:00,1335.0000,1339.6667,1335.0000,1337.6667,554,18395
2025-04-11 10:00:00,1337.6667,1343.9333,1337.6667,1340.3333,554,18395
2025-04-11 11:00:00,1340.3333,1348.2000,1340.3333,1343.0000,554,18395
2025-04-11 13:00:00,1343.0000,1350.8667,1343.0000,1345.6667,554,18395
2025-04-11 14:00:00,1345.6667,1351.9333,1345.6667,1348.3333,554,18395
2025-04-11 15:00:00,1348.3333,1353.0000,1348.3333,1351.0000,554,18395
2025-04-14 09:00:00,1352.0000,1355.3333,1350.3333,1353.3333,854,19086
2025-04-14 10:00:00,1353.3333,1358.2667,1350.3333,1354.6667,854,19086
2025-04-14 11:00:00,1354.6667,1361.2000,1350.3333,1356.0000,854,19086
2025-04-14 13:00:00,1356.0000,1362.5333,1351.6667,1357.3333,854,19086
2025-04-14 14:00:00,1357.3333,1362.2667,1354.3333,1358.6667,854,19086
2025-04-14 15:00:00,1358.6667,1362.0000,1357.0000,1360.0000,854,19086
2025-04-15 09:00:00,1369.0000,1369.0000,1361.5000,1365.8333,957,20229
2025-04-15 10:00:00,1365.8333,1365.8333,1354.8667,1362.6667,957,20229
2025-04-15 11:00:00,1362.6667,1362.6667,1348.2333,1359.5000,957,20229
2025-04-15 13:00:00,1359.5000,1359.5000,1345.0667,1356.3333,957,20229
2025-04-15 14:00:00,1356.3333,1356.3333,1345.3667,1353.1667,957,20229
2025-04-15 15:00:00,1353.1667,1353.1667,1345.6667,1350.0000,957,20229
2025-04-16 09:00:00,1351.0000,1351.0000,1348.1667,1348.5000,494,20420
2025-04-16 10:00:00,1348.5000,1348.5000,1345.4000,1346.0000,494,20420
2025-04-16 11:00:00,1346.0000,1346.0000,1342.6333,1343.5000,494,20420
2025-04-16 13:00:00,1343.5000,1343.5000,1340.1333,1341.0000,494,20420
2025-04-16 14:00:00,1341.0000,1341.0000,1337.9000,1338.5000,494,20420
2025-04-16 15:00:00,1338.5000,1338.5000,1335.6667,1336.0000,494,20420
2025-04-17 09:00:00,1338.0000,1340.8333,1333.0000,1338.1667,612,20538
2025-04-17 10:00:00,1338.1667,1343.1333,1329.1667,1338.3333,612,20538
2025-04-17 11:00:00,1338.3333,1345.4333,1325.3333,1338.5000,612,20538
2025-04-17 13:00:00,1338.5000,1345.6000,1325.5000,1338.6667,612,20538
2025-04-17 14:00:00,1338.6667,1343.6333,1329.6667,1338.8333,612,20538
2025-04-17 15:00:00,1338.8333,1341.6667,1333.8333,1339.0000,612,20538
2025-04-18 09:00:00,1338.0000,1338.0000,1331.3333,1333.0000,725,21257
2025-04-18 10:00:00,1333.0000,1333.0000,1325.0000,1328.0000,725,21257
2025-04-18 11:00:00,1328.0000,1328.0000,1318.6667,1323.0000,725,21257
2025-04-18 13:00:00,1323.0000,1323.0000,1313.6667,1318.0000,725,21257
2025-04-18 14:00:00,1318.0000,1318.0000,1310.0000,1313.0000,725,21257
2025-04-18 15:00:00,1313.0000,1313.0000,1306.3333,1308.0000,725,21257
2025-04-21 09:00:00,1309.0000,1314.3333,1307.3333,1310.3333,794,20942
2025-04-21 10:00:00,1310.3333,1318.8667,1307.3333,1311.6667,794,20942
2025-04-21 11:00:00,1311.6667,1323.4000,1307.3333,1313.0000,794,20942
2025-04-21 13:00:00,1313.0000,1324.7333,1308.6667,1314.3333,794,20942
2025-04-21 14:00:00,1314.3333,1322.8667,1311.3333,1315.6667,794,20942
2025-04-21 15:00:00,1315.6667,1321.0000,1314.0000,1317.0000,794,20942
2025-04-22 09:00:00,1313.0000,1316.0000,1309.1667,1309.8333,668,21216
2025-04-22 10:00:00,1309.8333,1315.2333,1305.4667,1306.6667,668,21216
2025-04-22 11:00:00,1306.6667,1314.4667,1301.7667,1303.5000,668,21216
2025-04-22 13:00:00,1303.5000,1311.3000,1298.6000,1300.3333,668,21216
2025-04-22 14:00:00,1300.3333,1305.7333,1295.9667,1297.1667,668,21216
2025-04-22 15:00:00,1297.1667,1300.1667,1293.3333,1294.0000,668,21216
2025-04-23 09:00:00,1296.0000,1304.8333,1296.0000,1303.8333,1384,20887
2025-04-23 10:00:00,1303.8333,1313.4667,1303.8333,1311.6667,1384,20887
2025-04-23 11:00:00,1311.6667,1322.1000,1311.6667,1319.5000,1384,20887
2025-04-23 13:00:00,1319.5000,1329.9333,1319.5000,1327.3333,1384,20887
2025-04-23 14:00:00,1327.3333,1336.9667,1327.3333,1335.1667,1384,20887
2025-04-23 15:00:00,1335.1667,1344.0000,1335.1667,1343.0000,1384,20887
2025-04-24 09:00:00,1357.0000,1357.0000,1349.3333,1355.6667,834,21644
2025-04-24 10:00:00,1355.6667,1355.6667,1342.9333,1354.3333,834,21644
2025-04-24 11:00:00,1354.3333,1354.3333,1336.5333,1353.0000,834,21644
2025-04-24 13:00:00,1353.0000,1353.0000,1335.2000,1351.6667,834,21644
2025-04-24 14:00:00,1351.6667,1351.6667,1338.9333,1350.3333,834,21644
2025-04-24 15:00:00,1350.3333,1350.3333,1342.6667,1349.0000,834,21644
2025-04-25 09:00:00,1347.0000,1348.6667,1343.0000,1345.6667,748,21335
2025-04-25 10:00:00,1345.6667,1348.6667,1339.5333,1344.3333,748,21335
2025-04-25 11:00:00,1344.3333,1348.6667,1336.0667,1343.0000,748,21335
2025-04-25 13:00:00,1343.0000,1347.3333,1334.7333,1341.6667,748,21335
2025-04-25 14:00:00,1341.6667,1344.6667,1335.5333,1340.3333,748,21335
2025-04-25 15:00:00,1340.3333,1342.0000,1336.3333,1339.0000,748,21335
2025-04-28 09:00:00,1334.0000,1342.5000,1334.0000,1334.8333,757,20926
2025-04-28 10:00:00,1334.8333,1349.4667,1334.8333,1335.6667,757,20926
2025-04-28 11:00:00,1335.6667,1356.4333,1335.6667,1336.5000,757,20926
2025-04-28 13:00:00,1336.5000,1357.2667,1336.5000,1337.3333,757,20926
2025-04-28 14:00:00,1337.3333,1351.9667,1337.3333,1338.1667,757,20926
2025-04-28 15:00:00,1338.1667,1346.6667,1338.1667,1339.0000,757,20926
2025-04-29 09:00:00,1335.0000,1339.0000,1335.0000,1337.3333,974,20903
2025-04-29 10:00:00,1337.3333,1342.6667,1337.3333,1339.6667,974,20903
2025-04-29 11:00:00,1339.6667,1346.3333,1339.6667,1342.0000,974,20903
2025-04-29 13:00:00,1342.0000,1348.6667,1342.0000,1344.3333,974,20903
2025-04-29 14:00:00,1344.3333,1349.6667,1344.3333,1346.6667,974,20903
2025-04-29 15:00:00,1346.6667,1350.6667,1346.6667,1349.0000,974,20903
2025-04-30 09:00:00,1352.0000,1352.0000,1344.6667,1347.3333,1380,20188
2025-04-30 10:00:00,1347.3333,1347.3333,1337.8667,1342.6667,1380,20188
2025-04-30 11:00:00,1342.6667,1342.6667,1331.0667,1338.0000,1380,20188
2025-04-30 13:00:00,1338.0000,1338.0000,1326.4000,1333.3333,1380,20188
2025-04-30 14:00:00,1333.3333,1333.3333,1323.8667,1328.6667,1380,20188
2025-04-30 15:00:00,1328.6667,1328.6667,1321.3333,1324.0000,1380,20188
2025-05-06 09:00:00,1326.0000,1329.0000,1320.3333,1323.3333,796,20910
2025-05-06 10:00:00,1323.3333,1328.7333,1315.2667,1320.6667,796,20910
2025-05-06 11:00:00,1320.6667,1328.4667,1310.2000,1318.0000,796,20910
2025-05-06 13:00:00,1318.0000,1325.8000,1307.5333,1315.3333,796,20910
2025-05-06 14:00:00,1315.3333,1320.7333,1307.2667,1312.6667,796,20910
2025-05-06 15:00:00,1312.6667,1315.6667,1307.0000,1310.0000,796,20910
2025-05-07 09:00:00,1316.0000,1320.6667,1312.3333,1314.0000,912,22011
2025-05-07 10:00:00,1314.0000,1322.4000,1309.0000,1312.0000,912,22011
2025-05-07 11:00:00,1312.0000,1324.1333,1305.6667,1310.0000,912,22011
2025-05-07 13:00:00,1310.0000,1322.1333,1303.6667,1308.0000,912,22011
2025-05-07 14:00:00,1308.0000,1316.4000,1303.0000,1306.0000,912,22011
2025-05-07 15:00:00,1306.0000,1310.6667,1302.3333,1304.0000,912,22011
2025-05-08 09:00:00,1305.0000,1306.5000,1297.3333,1305.5000,1384,22665
2025-05-08 10:00:00,1305.5000,1307.8000,1291.7000,1306.0000,1384,22665
2025-05-08 11:00:00,1306.0000,1309.1000,1286.0667,1306.5000,1384,22665
2025-05-08 13:00:00,1306.5000,1309.6000,1286.5667,1307.0000,1384,22665
2025-05-08 14:00:00,1307.0000,1309.3000,1293.2000,1307.5000,1384,22665
2025-05-08 15:00:00,1307.5000,1309.0000,1299.8333,1308.0000,1384,22665
2025-05-09 09:00:00,1303.0000,1306.3333,1299.5000,1301.8333,771,22438
2025-05-09 10:00:00,1301.8333,1307.8333,1296.4667,1300.6667,771,22438
2025-05-09 11:00:00,1300.6667,1309.3333,1293.4333,1299.5000,771,22438
2025-05-09 13:00:00,1299.5000,1308.1667,1292.2667,1298.3333,771,22438
2025-05-09 14:00:00,1298.3333,1304.3333,1292.9667,1297.1667,771,22438
2025-05-09 15:00:00,1297.1667,1300.5000,1293.6667,1296.0000,771,22438
2025-05-12 09:00:00,1294.0000,1298.0000,1290.3333,1296.3333,1262,21851
2025-05-12 10:00:00,1296.3333,1301.6667,1289.7333,1298.6667,1262,21851
2025-05-12 11:00:00,1298.6667,1305.3333,1289.1333,1301.0000,1262,21851
2025-05-12 13:00:00,1301.0000,1307.6667,1291.4667,1303.3333,1262,21851
2025-05-12 14:00:00,1303.3333,1308.6667,1296.7333,1305.6667,1262,21851
2025-05-12 15:00:00,1305.6667,1309.6667,1302.0000,1308.0000,1262,21851
2025-05-13 09:00:00,1315.0000,1317.6667,1310.6667,1310.6667,1183,21996
2025-05-13 10:00:00,1310.6667,1315.4667,1306.3333,1306.3333,1183,21996
2025-05-13 11:00:00,1306.3333,1313.2667,1302.0000,1302.0000,1183,21996
2025-05-13 13:00:00,1302.0000,1308.9333,1297.6667,1297.6667,1183,21996
2025-05-13 14:00:00,1297.6667,1302.4667,1293.3333,1293.3333,1183,21996
2025-05-13 15:00:00,1293.3333,1296.0000,1289.0000,1289.0000,1183,21996
2025-05-14 09:00:00,1288.0000,1295.8333,1286.0000,1295.1667,1882,22476
2025-05-14 10:00:00,1295.1667,1303.5333,1291.5667,1302.3333,1882,22476
2025-05-14 11:00:00,1302.3333,1311.2333,1297.1333,1309.5000,1882,22476
2025-05-14 13:00:00,1309.5000,1318.4000,1304.3000,1316.6667,1882,22476
2025-05-14 14:00:00,1316.6667,1325.0333,1313.0667,1323.8333,1882,22476
2025-05-14 15:00:00,1323.8333,1331.6667,1321.8333,1331.0000,1882,22476
2025-05-15 09:00:00,1329.0000,1330.0000,1323.3333,1326.3333,2410,25004
2025-05-15 10:00:00,1326.3333,1328.1333,1318.2667,1323.6667,2410,25004
2025-05-15 11:00:00,1323.6667,1326.2667,1313.2000,1321.0000,2410,25004
2025-05-15 13:00:00,1321.0000,1323.6000,1310.5333,1318.3333,2410,25004
2025-05-15 14:00:00,1318.3333,1320.1333,1310.2667,1315.6667,2410,25004
2025-05-15 15:00:00,1315.6667,1316.6667,1310.0000,1313.0000,2410,25004
2025-05-16 09:00:00,1311.0000,1311.6667,1306.3333,1307.0000,1470,24618
2025-05-16 10:00:00,1307.0000,1308.2000,1301.8000,1303.0000,1470,24618
2025-05-16 11:00:00,1303.0000,1304.7333,1297.2667,1299.0000,1470,24618
2025-05-16 13:00:00,1299.0000,1300.7333,1293.2667,1295.0000,1470,24618
2025-05-16 14:00:00,1295.0000,1296.2000,1289.8000,1291.0000,1470,24618
2025-05-16 15:00:00,1291.0000,1291.6667,1286.3333,1287.0000,1470,24618
2025-05-19 09:00:00,1282.0000,1288.1667,1278.6667,1282.5000,1742,25106
2025-05-19 10:00:00,1282.5000,1293.2000,1276.5000,1283.0000,1742,25106
2025-05-19 11:00:00,1283.0000,1298.2333,1274.3333,1283.5000,1742,25106
2025-05-19 13:00:00,1283.5000,1298.7333,1274.8333,1284.0000,1742,25106
2025-05-19 14:00:00,1284.0000,1294.7000,1278.0000,1284.5000,1742,25106
2025-05-19 15:00:00,1284.5000,1290.6667,1281.1667,1285.0000,1742,25106
2025-05-20 09:00:00,1281.0000,1284.3333,1278.5000,1280.1667,836,25682
2025-05-20 10:00:00,1280.1667,1286.1667,1276.3333,1279.3333,836,25682
2025-05-20 11:00:00,1279.3333,1288.0000,1274.1667,1278.5000,836,25682
2025-05-20 13:00:00,1278.5000,1287.1667,1273.3333,1277.6667,836,25682
2025-05-20 14:00:00,1277.6667,1283.6667,1273.8333,1276.8333,836,25682
2025-05-20 15:00:00,1276.8333,1280.1667,1274.3333,1276.0000,836,25682
2025-05-21 09:00:00,1276.0000,1278.0000,1273.0000,1277.3333,944,25451
2025-05-21 10:00:00,1277.3333,1279.8667,1271.9333,1278.6667,944,25451
2025-05-21 11:00:00,1278.6667,1281.7333,1270.8667,1280.0000,944,25451
2025-05-21 13:00:00,1280.0000,1283.0667,1272.2000,1281.3333,944,25451
2025-05-21 14:00:00,1281.3333,1283.8667,1275.9333,1282.6667,944,25451
2025-05-21 15:00:00,1282.6667,1284.6667,1279.6667,1284.0000,944,25451
2025-05-22 09:00:00,1283.0000,1286.3333,1280.5000,1282.8333,1083,25470
2025-05-22 10:00:00,1282.8333,1288.8333,1278.4667,1282.6667,1083,25470
2025-05-22 11:00:00,1282.6667,1291.3333,1276.4333,1282.5000,1083,25470
2025-05-22 13:00:00,1282.5000,1291.1667,1276.2667,1282.3333,1083,25470
2025-05-22 14:00:00,1282.3333,1288.3333,1277.9667,1282.1667,1083,25470
2025-05-22 15:00:00,1282.1667,1285.5000,1279.6667,1282.0000,1083,25470
2025-05-23 09:00:00,1279.0000,1281.3333,1275.1667,1275.1667,1091,26591
2025-05-23 10:00:00,1275.1667,1279.3667,1271.3333,1271.3333,1091,26591
2025-05-23 11:00:00,1271.3333,1277.4000,1267.5000,1267.5000,1091,26591
2025-05-23 13:00:00,1267.5000,1273.5667,1263.6667,1263.6667,1091,26591
2025-05-23 14:00:00,1263.6667,1267.8667,1259.8333,1259.8333,1091,26591
2025-05-23 15:00:00,1259.8333,1262.1667,1256.0000,1256.0000,1091,26591
2025-05-26 09:00:00,1256.0000,1261.3333,1255.6667,1256.6667,1079,26392
2025-05-26 10:00:00,1256.6667,1265.7333,1256.0667,1257.3333,1079,26392
2025-05-26 11:00:00,1257.3333,1270.1333,1256.4667,1258.0000,1079,26392
2025-05-26 13:00:00,1258.0000,1270.8000,1257.1333,1258.6667,1079,26392
2025-05-26 14:00:00,1258.6667,1267.7333,1258.0667,1259.3333,1079,26392
2025-05-26 15:00:00,1259.3333,1264.6667,1259.0000,1260.0000,1079,26392
2025-05-27 09:00:00,1259.0000,1261.3333,1254.8333,1255.8333,1742,27613
2025-05-27 10:00:00,1255.8333,1260.0333,1250.8667,1252.6667,1742,27613
2025-05-27 11:00:00,1252.6667,1258.7333,1246.9000,1249.5000,1742,27613
2025-05-27 13:00:00,1249.5000,1255.5667,1243.7333,1246.3333,1742,27613
2025-05-27 14:00:00,1246.3333,1250.5333,1241.3667,1243.1667,1742,27613
2025-05-27 15:00:00,1243.1667,1245.5000,1239.0000,1240.0000,1742,27613
2025-05-28 09:00:00,1239.0000,1240.3333,1234.3333,1237.3333,1330,28361
2025-05-28 10:00:00,1237.3333,1239.7333,1230.2667,1235.6667,1330,28361
2025-05-28 11:00:00,1235.6667,1239.1333,1226.2000,1234.0000,1330,28361
2025-05-28 13:00:00,1234.0000,1237.4667,1224.5333,1232.3333,1330,28361
2025-05-28 14:00:00,1232.3333,1234.7333,1225.2667,1230.6667,1330,28361
2025-05-28 15:00:00,1230.6667,1232.0000,1226.0000,1229.0000,1330,28361
2025-05-29 09:00:00,1226.0000,1229.1667,1220.0000,1226.1667,2016,28444
2025-05-29 10:00:00,1226.1667,1231.7333,1215.3667,1226.3333,2016,28444
2025-05-29 11:00:00,1226.3333,1234.3000,1210.7333,1226.5000,2016,28444
2025-05-29 13:00:00,1226.5000,1234.4667,1210.9000,1226.6667,2016,28444
2025-05-29 14:00:00,1226.6667,1232.2333,1215.8667,1226.8333,2016,28444
2025-05-29 15:00:00,1226.8333,1230.0000,1220.8333,1227.0000,2016,28444
2025-05-30 09:00:00,1221.0000,1224.3333,1219.3333,1222.3333,1382,29323
2025-05-30 10:00:00,1222.3333,1227.2667,1219.3333,1223.6667,1382,29323
2025-05-30 11:00:00,1223.6667,1230.2000,1219.3333,1225.0000,1382,29323
2025-05-30 13:00:00,1225.0000,1231.5333,1220.6667,1226.3333,1382,29323
2025-05-30 14:00:00,1226.3333,1231.2667,1223.3333,1227.6667,1382,29323
2025-05-30 15:00:00,1227.6667,1231.0000,1226.0000,1229.0000,1382,29323
2025-06-03 09:00:00,1218.0000,1219.6667,1214.0000,1217.6667,780,29248
2025-06-03 10:00:00,1217.6667,1220.6667,1210.7333,1217.3333,780,29248
2025-06-03 11:00:00,1217.3333,1221.6667,1207.4667,1217.0000,780,29248
2025-06-03 13:00:00,1217.0000,1221.3333,1207.1333,1216.6667,780,29248
2025-06-03 14:00:00,1216.6667,1219.6667,1209.7333,1216.3333,780,29248
2025-06-03 15:00:00,1216.3333,1218.0000,1212.3333,1216.0000,780,29248
2025-06-04 09:00:00,1215.0000,1222.6667,1215.0000,1219.6667,2318,28234
2025-06-04 10:00:00,1219.6667,1229.7333,1219.6667,1224.3333,2318,28234
2025-06-04 11:00:00,1224.3333,1236.8000,1224.3333,1229.0000,2318,28234
2025-06-04 13:00:00,1229.0000,1241.4667,1229.0000,1233.6667,2318,28234
2025-06-04 14:00:00,1233.6667,1243.7333,1233.6667,1238.3333,2318,28234
2025-06-04 15:00:00,1238.3333,1246.0000,1238.3333,1243.0000,2318,28234
2025-06-05 09:00:00,1230.0000,1233.0000,1225.3333,1229.0000,1892,30194
2025-06-05 10:00:00,1229.0000,1234.4000,1221.4000,1228.0000,1892,30194
2025-06-05 11:00:00,1228.0000,1235.8000,1217.4667,1227.0000,1892,30194
2025-06-05 13:00:00,1227.0000,1234.8000,1216.4667,1226.0000,1892,30194
2025-06-05 14:00:00,1226.0000,1231.4000,1218.4000,1225.0000,1892,30194
2025-06-05 15:00:00,1225.0000,1228.0000,1220.3333,1224.0000,1892,30194
2025-06-06 09:00:00,1220.0000,1224.6667,1219.0000,1220.3333,1633,30118
2025-06-06 10:00:00,1220.3333,1228.4667,1218.5333,1220.6667,1633,30118
2025-06-06 11:00:00,1220.6667,1232.2667,1218.0667,1221.0000,1633,30118
2025-06-06 13:00:00,1221.0000,1232.6000,1218.4000,1221.3333,1633,30118
2025-06-06 14:00:00,1221.3333,1229.4667,1219.5333,1221.6667,1633,30118
2025-06-06 15:00:00,1221.6667,1226.3333,1220.6667,1222.0000,1633,30118
2025-06-09 09:00:00,1215.0000,1221.5000,1214.3333,1215.1667,1893,29526
2025-06-09 10:00:00,1215.1667,1226.7333,1213.9667,1215.3333,1893,29526
2025-06-09 11:00:00,1215.3333,1231.9667,1213.6000,1215.5000,1893,29526
2025-06-09 13:00:00,1215.5000,1232.1333,1213.7667,1215.6667,1893,29526
2025-06-09 14:00:00,1215.6667,1227.2333,1214.4667,1215.8333,1893,29526
2025-06-09 15:00:00,1215.8333,1222.3333,1215.1667,1216.0000,1893,29526
2025-06-10 09:00:00,1212.0000,1216.0000,1210.0000,1212.0000,1574,30932
2025-06-10 10:00:00,1212.0000,1219.2000,1208.4000,1212.0000,1574,30932
2025-06-10 11:00:00,1212.0000,1222.4000,1206.8000,1212.0000,1574,30932
2025-06-10 13:00:00,1212.0000,1222.4000,1206.8000,1212.0000,1574,30932
2025-06-10 14:00:00,1212.0000,1219.2000,1208.4000,1212.0000,1574,30932
2025-06-10 15:00:00,1212.0000,1216.0000,1210.0000,1212.0000,1574,30932
2025-06-11 09:00:00,1211.0000,1214.0000,1208.3333,1209.3333,7594,28117
2025-06-11 10:00:00,1209.3333,1214.7333,1205.8667,1207.6667,7594,28117
2025-06-11 11:00:00,1207.6667,1215.4667,1203.4000,1206.0000,7594,28117
2025-06-11 13:00:00,1206.0000,1213.8000,1201.7333,1204.3333,7594,28117
2025-06-11 14:00:00,1204.3333,1209.7333,1200.8667,1202.6667,7594,28117
2025-06-11 15:00:00,1202.6667,1205.6667,1200.0000,1201.0000,7594,28117
2025-06-12 09:00:00,1199.0000,1199.6667,1193.3333,1193.3333,2830,19954
2025-06-12 10:00:00,1193.3333,1194.5333,1187.6667,1187.6667,2830,19954
2025-06-12 11:00:00,1187.6667,1189.4000,1182.0000,1182.0000,2830,19954
2025-06-12 13:00:00,1182.0000,1183.7333,1176.3333,1176.3333,2830,19954
2025-06-12 14:00:00,1176.3333,1177.5333,1170.6667,1170.6667,2830,19954
2025-06-12 15:00:00,1170.6667,1171.3333,1165.0000,1165.0000,2830,19954
2025-06-13 09:00:00,1163.0000,1164.3333,1159.6667,1161.0000,1704,17197
2025-06-13 10:00:00,1161.0000,1163.4000,1156.6000,1159.0000,1704,17197
2025-06-13 11:00:00,1159.0000,1162.4667,1153.5333,1157.0000,1704,17197
2025-06-13 13:00:00,1157.0000,1160.4667,1151.5333,1155.0000,1704,17197
2025-06-13 14:00:00,1155.0000,1157.4000,1150.6000,1153.0000,1704,17197
2025-06-13 15:00:00,1153.0000,1154.3333,1149.6667,1151.0000,1704,17197
2025-06-16 09:00:00,1147.0000,1150.1667,1146.6667,1149.8333,826,14490
2025-06-16 10:00:00,1149.8333,1153.2667,1149.2333,1152.6667,826,14490
2025-06-16 11:00:00,1152.6667,1156.3667,1151.8000,1155.5000,826,14490
2025-06-16 13:00:00,1155.5000,1159.2000,1154.6333,1158.3333,826,14490
2025-06-16 14:00:00,1158.3333,1161.7667,1157.7333,1161.1667,826,14490
2025-06-16 15:00:00,1161.1667,1164.3333,1160.8333,1164.0000,826,14490
2025-06-17 09:00:00,1159.0000,1161.0000,1157.1667,1158.1667,402,13728
2025-06-17 10:00:00,1158.1667,1161.7667,1155.5333,1157.3333,402,13728
2025-06-17 11:00:00,1157.3333,1162.5333,1153.9000,1156.5000,402,13728
2025-06-17 13:00:00,1156.5000,1161.7000,1153.0667,1155.6667,402,13728
2025-06-17 14:00:00,1155.6667,1159.2667,1153.0333,1154.8333,402,13728
2025-06-17 15:00:00,1154.8333,1156.8333,1153.0000,1154.0000,402,13728
2025-06-18 09:00:00,1153.0000,1157.0000,1152.6667,1155.3333,488,12288
2025-06-18 10:00:00,1155.3333,1160.6667,1154.7333,1157.6667,488,12288
2025-06-18 11:00:00,1157.6667,1164.3333,1156.8000,1160.0000,488,12288
2025-06-18 13:00:00,1160.0000,1166.6667,1159.1333,1162.3333,488,12288
2025-06-18 14:00:00,1162.3333,1167.6667,1161.7333,1164.6667,488,12288
2025-06-18 15:00:00,1164.6667,1168.6667,1164.3333,1167.0000,488,12288
2025-06-19 09:00:00,1166.0000,1169.5000,1166.0000,1167.1667,321,11621
2025-06-19 10:00:00,1167.1667,1172.5333,1167.1667,1168.3333,321,11621
2025-06-19 11:00:00,1168.3333,1175.5667,1168.3333,1169.5000,321,11621
2025-06-19 13:00:00,1169.5000,1176.7333,1169.5000,1170.6667,321,11621
2025-06-19 14:00:00,1170.6667,1176.0333,1170.6667,1171.8333,321,11621
2025-06-19 15:00:00,1171.8333,1175.3333,1171.8333,1173.0000,321,11621
2025-06-20 09:00:00,1174.0000,1179.0000,1171.8333,1172.5000,327,10983
2025-06-20 10:00:00,1172.5000,1181.5000,1169.8000,1171.0000,327,10983
2025-06-20 11:00:00,1171.0000,1184.0000,1167.7667,1169.5000,327,10983
2025-06-20 13:00:00,1169.5000,1182.5000,1166.2667,1168.0000,327,10983
2025-06-20 14:00:00,1168.0000,1177.0000,1165.3000,1166.5000,327,10983
2025-06-20 15:00:00,1166.5000,1171.5000,1164.3333,1165.0000,327,10983
2025-06-23 09:00:00,1167.0000,1167.6667,1163.8333,1166.1667,256,10883
2025-06-23 10:00:00,1166.1667,1167.3667,1161.1333,1165.3333,256,10883
2025-06-23 11:00:00,1165.3333,1167.0667,1158.4333,1164.5000,256,10883
2025-06-23 13:00:00,1164.5000,1166.2333,1157.6000,1163.6667,256,10883
2025-06-23 14:00:00,1163.6667,1164.8667,1158.6333,1162.8333,256,10883
2025-06-23 15:00:00,1162.8333,1163.5000,1159.6667,1162.0000,256,10883
2025-06-24 09:00:00,1162.0000,1162.0000,1157.1667,1159.8333,261,10352
2025-06-24 10:00:00,1159.8333,1159.8333,1152.8667,1157.6667,261,10352
2025-06-24 11:00:00,1157.6667,1157.6667,1148.5667,1155.5000,261,10352
2025-06-24 13:00:00,1155.5000,1155.5000,1146.4000,1153.3333,261,10352
2025-06-24 14:00:00,1153.3333,1153.3333,1146.3667,1151.1667,261,10352
2025-06-24 15:00:00,1151.1667,1151.1667,1146.3333,1149.0000,261,10352
2025-06-25 09:00:00,1150.0000,1151.8333,1147.0000,1151.5000,184,9535
2025-06-25 10:00:00,1151.5000,1153.6000,1146.1000,1153.0000,184,9535
2025-06-25 11:00:00,1153.0000,1155.3667,1145.2000,1154.5000,184,9535
2025-06-25 13:00:00,1154.5000,1156.8667,1146.7000,1156.0000,184,9535
2025-06-25 14:00:00,1156.0000,1158.1000,1150.6000,1157.5000,184,9535
2025-06-25 15:00:00,1157.5000,1159.3333,1154.5000,1159.0000,184,9535
2025-06-26 09:00:00,1159.0000,1160.3333,1157.6667,1159.6667,305,8261
2025-06-26 10:00:00,1159.6667,1161.5333,1157.2667,1160.3333,305,8261
2025-06-26 11:00:00,1160.3333,1162.7333,1156.8667,1161.0000,305,8261
2025-06-26 13:00:00,1161.0000,1163.4000,1157.5333,1161.6667,305,8261
2025-06-26 14:00:00,1161.6667,1163.5333,1159.2667,1162.3333,305,8261
2025-06-26 15:00:00,1162.3333,1163.6667,1161.0000,1163.0000,305,8261
2025-06-27 09:00:00,1163.0000,1168.8333,1161.6667,1165.5000,342,6798
2025-06-27 10:00:00,1165.5000,1174.0000,1163.1000,1168.0000,342,6798
2025-06-27 11:00:00,1168.0000,1179.1667,1164.5333,1170.5000,342,6798
2025-06-27 13:00:00,1170.5000,1181.6667,1167.0333,1173.0000,342,6798
2025-06-27 14:00:00,1173.0000,1181.5000,1170.6000,1175.5000,342,6798
2025-06-27 15:00:00,1175.5000,1181.3333,1174.1667,1178.0000,342,6798
2025-06-30 09:00:00,1175.0000,1183.3333,1171.3333,1171.6667,420,5123
2025-06-30 10:00:00,1171.6667,1186.6667,1167.7333,1168.3333,420,5123
2025-06-30 11:00:00,1168.3333,1190.0000,1164.1333,1165.0000,420,5123
2025-06-30 13:00:00,1165.0000,1186.6667,1160.8000,1161.6667,420,5123
2025-06-30 14:00:00,1161.6667,1176.6667,1157.7333,1158.3333,420,5123
2025-06-30 15:00:00,1158.3333,1166.6667,1154.6667,1155.0000,420,5123
2025-07-01 09:00:00,1255.0000,1255.0000,1236.6667,1236.6667,17,5056
2025-07-01 10:00:00,1236.6667,1236.6667,1218.3333,1218.3333,17,5056
2025-07-01 11:00:00,1218.3333,1218.3333,1200.0000,1200.0000,17,5056
2025-07-01 13:00:00,1200.0000,1200.0000,1181.6667,1181.6667,17,5056
2025-07-01 14:00:00,1181.6667,1181.6667,1163.3333,1163.3333,17,5056
2025-07-01 15:00:00,1163.3333,1163.3333,1145.0000,1145.0000,17,5056
2025-07-02 09:00:00,1145.0000,1152.5000,1145.0000,1151.5000,94,4610
2025-07-02 10:00:00,1151.5000,1159.8000,1151.5000,1158.0000,94,4610
2025-07-02 11:00:00,1158.0000,1167.1000,1158.0000,1164.5000,94,4610
2025-07-02 13:00:00,1164.5000,1173.6000,1164.5000,1171.0000,94,4610
2025-07-02 14:00:00,1171.0000,1179.3000,1171.0000,1177.5000,94,4610
2025-07-02 15:00:00,1177.5000,1185.0000,1177.5000,1184.0000,94,4610
2025-07-03 09:00:00,1166.0000,1166.0000,1164.1667,1164.1667,15,4439
2025-07-03 10:00:00,1164.1667,1164.1667,1162.3333,1162.3333,15,4439
2025-07-03 11:00:00,1162.3333,1162.3333,1160.5000,1160.5000,15,4439
2025-07-03 13:00:00,1160.5000,1160.5000,1158.6667,1158.6667,15,4439
2025-07-03 14:00:00,1158.6667,1158.6667,1156.8333,1156.8333,15,4439
2025-07-03 15:00:00,1156.8333,1156.8333,1155.0000,1155.0000,15,4439
2025-07-04 09:00:00,1165.0000,1165.0000,1161.6667,1161.6667,49,4437
2025-07-04 10:00:00,1161.6667,1161.6667,1158.3333,1158.3333,49,4437
2025-07-04 11:00:00,1158.3333,1158.3333,1155.0000,1155.0000,49,4437
2025-07-04 13:00:00,1155.0000,1155.0000,1151.6667,1151.6667,49,4437
2025-07-04 14:00:00,1151.6667,1151.6667,1148.3333,1148.3333,49,4437
2025-07-04 15:00:00,1148.3333,1148.3333,1145.0000,1145.0000,49,4437
2025-07-07 09:00:00,1145.0000,1145.0000,1141.1667,1142.5000,38,4397
2025-07-07 10:00:00,1142.5000,1142.5000,1137.6000,1140.0000,38,4397
2025-07-07 11:00:00,1140.0000,1140.0000,1134.0333,1137.5000,38,4397
2025-07-07 13:00:00,1137.5000,1137.5000,1131.5333,1135.0000,38,4397
2025-07-07 14:00:00,1135.0000,1135.0000,1130.1000,1132.5000,38,4397
2025-07-07 15:00:00,1132.5000,1132.5000,1128.6667,1130.0000,38,4397
2025-07-08 09:00:00,1133.0000,1134.1667,1133.0000,1133.8333,184,3635
2025-07-08 10:00:00,1133.8333,1135.2667,1133.8333,1134.6667,184,3635
2025-07-08 11:00:00,1134.6667,1136.3667,1134.6667,1135.5000,184,3635
2025-07-08 13:00:00,1135.5000,1137.2000,1135.5000,1136.3333,184,3635
2025-07-08 14:00:00,1136.3333,1137.7667,1136.3333,1137.1667,184,3635
2025-07-08 15:00:00,1137.1667,1138.3333,1137.1667,1138.0000,184,3635
2025-07-09 09:00:00,1140.0000,1142.3333,1140.0000,1142.3333,20,3541
2025-07-09 10:00:00,1142.3333,1144.6667,1142.3333,1144.6667,20,3541
2025-07-09 11:00:00,1144.6667,1147.0000,1144.6667,1147.0000,20,3541
2025-07-09 13:00:00,1147.0000,1149.3333,1147.0000,1149.3333,20,3541
2025-07-09 14:00:00,1149.3333,1151.6667,1149.3333,1151.6667,20,3541
2025-07-09 15:00:00,1151.6667,1154.0000,1151.6667,1154.0000,20,3541
2025-07-10 09:00:00,1167.0000,1170.6667,1167.0000,1170.6667,42,3566
2025-07-10 10:00:00,1170.6667,1174.3333,1170.6667,1174.3333,42,3566
2025-07-10 11:00:00,1174.3333,1178.0000,1174.3333,1178.0000,42,3566
2025-07-10 13:00:00,1178.0000,1181.6667,1178.0000,1181.6667,42,3566
2025-07-10 14:00:00,1181.6667,1185.3333,1181.6667,1185.3333,42,3566
2025-07-10 15:00:00,1185.3333,1189.0000,1185.3333,1189.0000,42,3566
2025-07-11 09:00:00,1175.0000,1175.0000,1175.0000,1175.0000,155,2826
2025-07-11 10:00:00,1175.0000,1175.0000,1175.0000,1175.0000,155,2826
2025-07-11 11:00:00,1175.0000,1175.0000,1175.0000,1175.0000,155,2826
2025-07-11 13:00:00,1175.0000,1175.0000,1175.0000,1175.0000,155,2826
2025-07-11 14:00:00,1175.0000,1175.0000,1175.0000,1175.0000,155,2826
2025-07-11 15:00:00,1175.0000,1175.0000,1175.0000,1175.0000,155,2826
