datetime,open,high,low,close,volume,openinterest
2025-08-26 14:00:00,123.84999999999991,124.14999999999992,123.34999999999994,123.6,76,279916
2025-08-26 15:00:00,123.6,124.85,122.95000000000002,124.24999999999997,592,280658
2025-08-26 15:15:00,124.20000000000002,124.74999999999994,123.9,124.35000000000002,4,281237
2025-08-27 10:30:00,124.29999999999993,125.0,123.75,124.20000000000002,16174,282039
2025-08-27 11:30:00,124.24999999999997,124.80000000000004,123.19999999999993,123.79999999999995,6709,282085
2025-08-27 14:00:00,123.75,124.74999999999994,123.09999999999988,124.14999999999992,14586,282723
2025-08-27 15:00:00,124.19999999999987,125.10000000000005,123.55000000000004,124.49999999999989,1,283756
2025-08-27 15:15:00,124.44999999999993,124.69999999999999,123.94999999999996,124.29999999999993,14,284852
2025-08-28 10:30:00,124.05000000000001,124.85,123.50000000000009,124.05000000000001,17117,284138
2025-08-28 11:30:00,124.05000000000001,124.24999999999997,123.44999999999999,123.85000000000005,47,283056
2025-08-28 14:00:00,123.9,124.35000000000002,123.04999999999993,123.6,13913,283345
2025-08-28 15:00:00,123.5499999999999,124.15000000000006,122.80000000000001,123.50000000000009,3153,284637
2025-08-28 15:15:00,123.50000000000009,123.75,123.05000000000007,123.35000000000008,20,284284
2025-08-29 10:30:00,123.35000000000008,123.9500000000001,122.74999999999991,123.35000000000008,16384,287647
2025-08-29 11:30:00,123.35000000000008,124.05000000000001,122.69999999999996,123.40000000000003,1108,288820
2025-08-29 14:00:00,123.40000000000003,124.09999999999997,122.35,122.99999999999997,9733,289876
2025-08-29 15:00:00,122.95000000000002,123.75,122.2999999999999,123.09999999999988,869,290946
2025-08-29 15:15:00,123.04999999999993,123.34999999999994,122.69999999999996,122.95000000000002,4,290935
2025-09-01 10:30:00,122.95000000000002,124.80000000000004,121.25,123.55000000000004,24263,293744
2025-09-01 11:30:00,123.55000000000004,123.99999999999991,122.99999999999997,123.64999999999995,5760,296058
2025-09-01 14:00:00,123.70000000000005,124.14999999999992,123.25000000000003,123.85000000000005,10334,297225
2025-09-01 15:00:00,123.79999999999995,124.40000000000012,123.44999999999999,123.75,15,298691
2025-09-01 15:15:00,123.79999999999995,124.20000000000002,123.6,124.05000000000001,20,298272
2025-09-02 10:30:00,124.14999999999992,124.50000000000003,123.10000000000002,123.64999999999995,14645,298060
2025-09-02 11:30:00,123.70000000000005,124.30000000000007,123.15000000000012,123.79999999999995,404,298392
2025-09-02 14:00:00,123.75,124.20000000000002,123.35000000000008,123.75,9449,298353
2025-09-02 15:00:00,123.75,124.20000000000002,123.35000000000008,123.79999999999995,598,298319
2025-09-02 15:15:00,123.79999999999995,124.09999999999997,123.35000000000008,123.85000000000005,6,297981
2025-09-03 10:30:00,124.29999999999993,125.54999999999993,123.14999999999998,124.34999999999988,23509,300427
2025-09-03 11:30:00,124.39999999999998,124.85,123.40000000000003,123.9,735,301058
2025-09-03 14:00:00,123.8000000000001,124.44999999999993,123.49999999999994,123.9,8252,301008
2025-09-03 15:00:00,123.94999999999996,125.2000000000001,123.10000000000002,124.50000000000003,14392,304719
2025-09-03 15:15:00,124.44999999999993,124.80000000000004,124.20000000000002,124.35000000000002,44,307131
2025-09-04 10:30:00,124.75000000000009,125.65000000000012,124.49999999999989,125.30000000000001,20664,311109
2025-09-04 11:30:00,125.25000000000006,125.74999999999989,124.69999999999999,125.04999999999995,619,312015
2025-09-04 14:00:00,125.15,125.55000000000007,124.50000000000003,124.89999999999995,12760,311473
2025-09-04 15:00:00,124.95000000000005,125.80000000000013,124.54999999999998,125.10000000000005,213,313878
2025-09-04 15:15:00,125.19999999999996,125.40000000000006,124.90000000000009,125.0500000000001,8,313971
2025-09-05 10:30:00,125.0,125.90000000000003,123.9,124.59999999999994,20356,318179
2025-09-05 11:30:00,124.59999999999994,125.2000000000001,123.8000000000001,124.50000000000003,3564,313489
2025-09-05 14:00:00,124.45000000000007,125.04999999999995,123.04999999999993,123.79999999999995,13402,312944
2025-09-05 15:00:00,123.70000000000005,124.05000000000001,122.80000000000001,123.49999999999994,74,311383
2025-09-05 15:15:00,123.44999999999999,123.85000000000005,123.10000000000002,123.6,187,311087
2025-09-08 10:30:00,123.25000000000003,124.09999999999997,122.10000000000008,123.05000000000007,11,312479
2025-09-08 11:30:00,122.99999999999997,123.75,122.5,122.99999999999997,73,313872
2025-09-08 14:00:00,123.09999999999988,123.40000000000003,122.30000000000004,122.69999999999996,175,315321
2025-09-08 15:00:00,122.69999999999996,123.49999999999994,121.85000000000002,122.54999999999995,539,317645
2025-09-08 15:15:00,122.5500000000001,122.80000000000001,122.39999999999995,122.80000000000001,13,317167
2025-09-09 10:30:00,122.54999999999995,123.25000000000003,121.85000000000002,122.5,17629,318536
2025-09-09 11:30:00,122.60000000000005,122.99999999999997,121.89999999999998,122.45000000000005,143,319046
2025-09-09 14:00:00,122.45000000000005,123.14999999999998,121.79999999999993,122.35,301,319230
2025-09-09 15:00:00,122.35,122.69999999999996,121.50000000000006,122.04999999999998,45,320528
2025-09-09 15:15:00,122.05000000000013,122.24999999999994,121.89999999999998,122.05000000000013,28,320493
2025-09-10 10:30:00,121.95000000000007,122.85000000000011,120.75000000000003,121.70000000000002,2,321727
2025-09-10 11:30:00,121.60000000000011,122.5,120.75000000000003,121.35000000000005,348,322131
2025-09-10 14:00:00,121.55000000000001,122.04999999999998,120.54999999999993,120.94999999999999,9,323503
2025-09-10 15:00:00,120.99999999999994,121.39999999999986,120.0,120.69999999999993,525,325433
2025-09-10 15:15:00,120.69999999999993,121.1,120.25000000000006,120.64999999999998,1,326208
2025-09-11 10:30:00,120.95000000000013,121.35000000000005,119.54999999999998,120.50000000000011,21112,328672
2025-09-11 11:30:00,120.45000000000002,121.25,118.9500000000001,119.74999999999994,68,331887
2025-09-11 14:00:00,119.95000000000005,122.54999999999995,117.90000000000006,120.65000000000012,23,335269
2025-09-11 15:00:00,120.65000000000012,121.70000000000002,119.65000000000003,120.64999999999998,505,334854
2025-09-11 15:15:00,120.35000000000011,120.85000000000008,119.69999999999999,119.89999999999995,75,333879
2025-09-12 10:30:00,120.35000000000011,121.94999999999993,119.25000000000011,120.75000000000003,29450,333849
2025-09-12 11:30:00,120.75000000000003,121.29999999999995,120.34999999999997,120.60000000000002,741,332899
2025-09-12 14:00:00,120.64999999999998,121.54999999999987,120.39999999999992,120.84999999999994,14806,330187
2025-09-12 15:00:00,120.90000000000003,121.54999999999987,120.30000000000001,121.00000000000009,8745,327256
2025-09-12 15:15:00,120.99999999999994,121.35000000000005,120.90000000000003,121.1,7,326607
2025-09-15 10:30:00,121.15000000000009,123.05000000000007,120.04999999999995,121.89999999999998,2,330699
2025-09-15 11:30:00,122.00000000000003,122.59999999999991,121.00000000000009,121.70000000000002,24,330043
2025-09-15 14:00:00,121.70000000000002,122.5,121.25,121.95000000000007,2,330083
2025-09-15 15:00:00,121.90000000000012,122.60000000000005,121.1999999999999,121.84999999999988,365,331014
2025-09-15 15:15:00,121.89999999999998,122.15000000000003,121.25,121.50000000000006,62,329431
2025-09-16 10:30:00,120.85000000000008,121.70000000000002,119.65000000000003,120.85000000000008,23917,325996
2025-09-16 11:30:00,120.75000000000003,121.70000000000002,120.15,121.0499999999999,2,326773
2025-09-16 14:00:00,121.0499999999999,123.34999999999994,119.89999999999995,121.95000000000007,18614,331368
2025-09-16 15:00:00,121.90000000000012,123.64999999999995,120.80000000000013,122.24999999999994,77,341875
2025-09-16 15:15:00,122.19999999999999,122.54999999999995,121.65000000000006,122.04999999999998,4,342668
2025-09-17 10:30:00,122.19999999999999,122.80000000000001,121.25,121.99999999999989,19890,343187
2025-09-17 11:30:00,121.89999999999998,122.35,120.79999999999998,121.29999999999995,1182,346526
2025-09-17 14:00:00,121.50000000000006,122.99999999999997,120.84999999999994,122.25000000000009,250,349069
2025-09-17 15:00:00,122.30000000000004,123.45000000000013,121.59999999999997,122.75000000000006,718,353258
2025-09-17 15:15:00,122.74999999999991,122.89999999999992,122.45000000000005,122.65,23,351842
2025-09-18 10:30:00,122.19999999999999,122.99999999999997,121.55000000000001,122.00000000000003,17388,353636
2025-09-18 11:30:00,122.00000000000003,122.65,121.65000000000006,122.15000000000003,3216,353675
2025-09-18 14:00:00,122.00000000000003,123.04999999999993,121.34999999999991,122.35,11391,355025
2025-09-18 15:00:00,122.35000000000014,123.10000000000002,121.70000000000002,122.60000000000005,11,356141
2025-09-18 15:15:00,122.60000000000005,122.95000000000002,122.45000000000005,122.60000000000005,12,357740
2025-09-19 10:30:00,122.65,123.6,122.15000000000003,122.74999999999991,22502,361537
2025-09-19 11:30:00,122.80000000000001,123.10000000000002,122.35,122.5,3303,362973
2025-09-19 14:00:00,122.35,122.95000000000002,121.25,121.80000000000007,19468,362436
2025-09-19 15:00:00,121.80000000000007,123.44999999999999,119.50000000000003,121.50000000000006,6,353484
2025-09-19 15:15:00,121.55000000000001,121.79999999999993,120.90000000000003,121.59999999999997,33,354592
2025-09-22 10:30:00,121.25,123.10000000000002,120.45000000000002,121.95000000000007,16572,354032
2025-09-22 11:30:00,121.95000000000007,122.39999999999995,121.50000000000006,121.95000000000007,3672,356393
2025-09-22 14:00:00,121.89999999999998,122.39999999999995,121.20000000000005,121.79999999999993,8284,356813
2025-09-22 15:00:00,121.79999999999993,122.25000000000009,121.25,121.89999999999998,3,358308
2025-09-22 15:15:00,121.85000000000002,122.35,121.4,122.04999999999998,18,359448
2025-09-23 10:30:00,121.79999999999993,123.6,119.09999999999997,121.1,33639,348664
2025-09-23 11:30:00,121.1,121.65000000000006,120.24999999999991,120.99999999999994,1662,346772
2025-09-23 14:00:00,121.1,122.40000000000009,119.9499999999999,121.4,14171,348008
2025-09-23 15:00:00,121.4,122.09999999999994,120.34999999999997,121.29999999999995,62,348297
2025-09-23 15:15:00,121.29999999999995,121.75000000000011,120.49999999999997,120.90000000000003,26,347558
2025-09-24 10:30:00,121.50000000000006,121.85000000000002,120.19999999999996,120.94999999999999,14425,346359
2025-09-24 11:30:00,120.94999999999999,121.70000000000002,120.40000000000006,121.1,4232,345074
2025-09-24 14:00:00,121.1,122.00000000000003,120.09999999999991,121.05000000000004,13236,346651
2025-09-24 15:00:00,121.05000000000004,121.60000000000011,120.0500000000001,120.64999999999998,44,348664
2025-09-24 15:15:00,120.64999999999998,121.1,120.34999999999997,120.85000000000008,9,348922
2025-09-25 10:30:00,120.79999999999998,122.15000000000003,118.40000000000003,119.80000000000004,20,351388
2025-09-25 11:30:00,119.80000000000004,120.55000000000007,119.39999999999998,119.9499999999999,1071,351166
2025-09-25 14:00:00,120.0,120.89999999999989,119.05000000000001,119.75000000000009,987,351018
2025-09-25 15:00:00,119.80000000000004,121.95000000000007,118.6,120.79999999999998,5,349890
2025-09-25 15:15:00,120.75000000000003,121.59999999999997,120.09999999999991,120.84999999999994,8,351002
2025-09-26 10:30:00,121.05000000000004,122.00000000000003,120.2000000000001,121.05000000000004,25030,351365
2025-09-26 11:30:00,121.05000000000004,121.89999999999998,120.0,120.90000000000003,5614,350517
2025-09-26 14:00:00,120.90000000000003,121.3000000000001,120.45000000000002,120.94999999999999,308,351519
2025-09-26 15:00:00,120.99999999999994,121.95000000000007,120.49999999999997,121.29999999999995,1266,352038
2025-09-26 15:15:00,121.29999999999995,121.64999999999992,121.15000000000009,121.4,361,352353
2025-09-29 10:30:00,121.34999999999991,122.5,120.30000000000001,121.4,25942,353591
2025-09-29 11:30:00,121.4,122.4499999999999,120.55000000000007,121.64999999999992,16031,350897
2025-09-29 14:00:00,121.70000000000002,122.04999999999998,120.59999999999988,121.3000000000001,5880,349634
2025-09-29 15:00:00,121.25,122.25000000000009,120.59999999999988,121.55000000000001,6,350915
2025-09-29 15:15:00,121.55000000000001,121.95000000000007,121.29999999999995,121.74999999999997,56,351237
2025-09-30 10:30:00,121.50000000000006,122.90000000000006,120.55000000000007,121.89999999999998,21967,354488
2025-09-30 11:30:00,121.89999999999998,123.9,120.45000000000002,122.45000000000005,1583,355383
2025-09-30 14:00:00,122.45000000000005,123.55000000000004,121.75000000000011,122.40000000000009,17824,357236
2025-09-30 15:00:00,122.40000000000009,122.84999999999997,121.74999999999997,122.25000000000009,8181,354708
2025-09-30 15:15:00,122.30000000000004,122.85000000000011,121.64999999999992,122.15000000000003,20,353669
2025-10-09 10:30:00,122.19999999999999,124.50000000000003,120.64999999999998,122.80000000000001,22046,353130
2025-10-09 11:30:00,122.80000000000001,123.6999999999999,122.30000000000004,123.10000000000002,6973,353308
2025-10-09 14:00:00,123.10000000000002,123.70000000000005,122.4499999999999,123.14999999999998,955,354859
2025-10-09 15:00:00,123.14999999999998,123.75,122.19999999999999,122.90000000000006,380,354139
2025-10-09 15:15:00,122.90000000000006,123.44999999999999,122.69999999999996,123.14999999999998,9,354156
2025-10-10 10:30:00,123.29999999999998,124.35000000000002,122.30000000000004,123.25000000000003,24,353242
2025-10-10 11:30:00,123.25000000000003,123.84999999999991,122.69999999999996,123.25000000000003,14,353729
2025-10-10 14:00:00,123.25000000000003,123.79999999999995,122.39999999999995,122.94999999999987,3,352627
2025-10-10 15:00:00,122.94999999999987,123.8000000000001,122.30000000000004,122.95000000000002,107,349936
2025-10-10 15:15:00,122.99999999999997,123.49999999999994,122.74999999999991,123.29999999999998,23,349152
2025-10-13 10:30:00,124.05000000000001,125.49999999999997,122.80000000000001,124.39999999999998,23565,352619
2025-10-13 11:30:00,124.35000000000002,124.85,123.70000000000005,124.14999999999992,2735,353598
2025-10-13 14:00:00,124.09999999999997,125.0500000000001,123.20000000000007,124.00000000000006,7,354187
2025-10-13 15:00:00,124.00000000000006,124.35000000000002,123.10000000000002,123.94999999999996,225,351621
2025-10-13 15:15:00,123.84999999999991,124.24999999999997,123.55000000000004,123.79999999999995,17,351310
2025-10-14 10:30:00,123.44999999999999,123.9,122.19999999999999,123.19999999999993,17,351310
2025-10-14 11:30:00,123.19999999999993,124.09999999999997,122.69999999999996,123.29999999999998,243,355239
2025-10-14 14:00:00,123.39999999999989,125.59999999999988,122.15000000000003,124.24999999999997,136,367449
2025-10-14 15:00:00,124.24999999999997,125.34999999999997,123.50000000000009,124.34999999999988,148,369843
2025-10-14 15:15:00,124.34999999999988,124.54999999999998,123.9,123.94999999999996,62,370235
2025-10-15 10:30:00,123.75,124.54999999999998,122.80000000000001,123.79999999999995,19304,363059
2025-10-15 11:30:00,123.79999999999995,124.70000000000013,123.34999999999994,124.40000000000012,4936,364499
2025-10-15 14:00:00,124.30000000000007,124.85,123.50000000000009,123.94999999999996,610,362754
2025-10-15 15:00:00,123.94999999999996,124.54999999999998,123.14999999999998,124.05000000000001,1043,362797
2025-10-15 15:15:00,124.05000000000001,124.39999999999998,123.70000000000005,123.99999999999991,35,363743
2025-10-16 10:30:00,124.15000000000006,124.9499999999999,123.64999999999995,124.40000000000012,13173,365496
2025-10-16 11:30:00,124.40000000000012,124.80000000000004,124.05000000000001,124.54999999999998,2085,367417
2025-10-16 14:00:00,124.50000000000003,125.0,124.29999999999993,124.74999999999994,3751,368619
2025-10-16 15:00:00,124.74999999999994,125.19999999999996,124.00000000000006,124.75000000000009,246,368919
2025-10-16 15:15:00,124.75000000000009,124.85000000000014,124.45000000000007,124.60000000000008,15,368986
2025-10-17 10:30:00,124.69999999999999,125.25000000000006,124.15000000000006,124.49999999999989,1,369509
2025-10-17 11:30:00,124.54999999999998,125.09999999999991,123.84999999999991,124.24999999999997,674,368353
2025-10-17 14:00:00,124.44999999999993,125.10000000000005,124.19999999999987,124.85,6,369415
2025-10-17 15:00:00,124.7999999999999,125.30000000000001,124.34999999999988,124.80000000000004,4,374047
2025-10-17 15:15:00,124.80000000000004,125.19999999999996,124.64999999999989,125.15,22,375836
2025-10-20 10:30:00,124.59999999999994,125.49999999999997,123.39999999999989,124.35000000000002,24275,366023
2025-10-20 11:30:00,124.35000000000002,124.85,123.79999999999995,124.35000000000002,2120,364395
2025-10-20 14:00:00,124.05000000000001,124.60000000000008,123.94999999999996,124.20000000000002,5808,363991
2025-10-20 15:00:00,124.20000000000002,124.85,123.75,124.35000000000002,733,363090
2025-10-20 15:15:00,124.39999999999998,124.59999999999994,124.09999999999997,124.54999999999998,17,363463
2025-10-21 10:30:00,124.34999999999988,125.09999999999991,123.49999999999994,124.15000000000006,52,368157
2025-10-21 11:30:00,124.15000000000006,124.74999999999994,123.34999999999994,123.79999999999995,321,366023
2025-10-21 14:00:00,123.9,124.30000000000007,123.29999999999998,123.85000000000005,4,365119
2025-10-21 15:00:00,123.85000000000005,124.80000000000004,123.44999999999999,124.30000000000007,26,366713
2025-10-21 15:15:00,124.30000000000007,124.55000000000013,124.09999999999997,124.29999999999993,60,367867
2025-10-22 10:30:00,124.54999999999998,125.30000000000001,123.75,124.25000000000011,15616,372497
2025-10-22 11:30:00,124.30000000000007,124.7999999999999,123.8000000000001,124.24999999999997,786,371781
2025-10-22 14:00:00,124.00000000000006,124.54999999999998,123.85000000000005,124.40000000000012,244,371045
2025-10-22 15:00:00,124.40000000000012,125.15,123.8000000000001,124.45000000000007,7,370386
2025-10-22 15:15:00,124.50000000000003,124.69999999999999,124.00000000000006,124.09999999999997,7,370427
2025-10-23 10:30:00,123.9500000000001,125.15,123.20000000000007,124.20000000000002,16158,364825
2025-10-23 11:30:00,124.24999999999997,125.34999999999997,123.29999999999998,124.24999999999997,49,368404
2025-10-23 14:00:00,124.24999999999997,124.80000000000004,123.84999999999991,124.35000000000002,257,367598
2025-10-23 15:00:00,124.35000000000002,125.35000000000011,122.95000000000002,123.9500000000001,1904,360416
2025-10-23 15:15:00,123.9,124.20000000000002,123.75,123.9,19,358123
2025-10-24 10:30:00,123.75,124.44999999999993,123.10000000000002,123.9,16694,359647
2025-10-24 11:30:00,123.9,124.39999999999998,123.5499999999999,123.84999999999991,2,360628
2025-10-24 14:00:00,123.79999999999995,124.54999999999998,123.34999999999994,124.05000000000001,1,359268
2025-10-24 15:00:00,124.09999999999997,124.50000000000003,123.6,123.94999999999996,3,356953
2025-10-24 15:15:00,123.9,124.24999999999997,123.75,123.9,4,356379
2025-10-27 10:30:00,123.6,124.60000000000008,122.75000000000006,123.79999999999995,5,354361
2025-10-27 11:30:00,123.79999999999995,125.15,122.65,123.94999999999996,6,358969
2025-10-27 14:00:00,123.99999999999991,124.60000000000008,123.75,124.25000000000011,438,362804
2025-10-27 15:00:00,124.30000000000007,124.65000000000003,123.64999999999995,124.15000000000006,1609,363596
2025-10-27 15:15:00,124.20000000000002,124.55000000000013,123.79999999999995,124.29999999999993,6,363410
2025-10-28 10:30:00,124.59999999999994,125.79999999999998,123.6999999999999,124.90000000000009,31396,369473
2025-10-28 11:30:00,124.90000000000009,125.50000000000011,124.39999999999998,125.2000000000001,262,372343
2025-10-28 14:00:00,125.2000000000001,125.34999999999997,124.65000000000003,125.09999999999991,8856,375265
2025-10-28 15:00:00,125.09999999999991,125.60000000000002,124.89999999999995,125.19999999999996,2421,376929
2025-10-28 15:15:00,125.30000000000001,125.60000000000002,124.80000000000004,125.2000000000001,15,377441
2025-10-29 10:30:00,125.04999999999995,127.04999999999998,122.80000000000001,124.89999999999995,33172,382354
2025-10-29 11:30:00,124.89999999999995,125.84999999999994,124.20000000000002,125.19999999999996,5761,388267
2025-10-29 14:00:00,125.15,125.64999999999998,124.50000000000003,125.10000000000005,13826,391997
2025-10-29 15:00:00,125.15,125.70000000000007,124.65000000000003,125.25000000000006,2977,394431
2025-10-29 15:15:00,125.19999999999996,125.94999999999999,124.65000000000003,125.0,1,395388
2025-10-30 10:30:00,125.10000000000005,125.90000000000003,124.65000000000003,125.19999999999996,22000,393618
2025-10-30 11:30:00,125.25000000000006,126.05000000000004,124.60000000000008,125.49999999999997,2291,394705
2025-10-30 14:00:00,125.64999999999998,126.15000000000009,124.85,125.30000000000001,6119,393622
2025-10-30 15:00:00,125.30000000000001,126.1,124.89999999999995,125.49999999999997,926,394144
2025-10-30 15:15:00,125.49999999999997,125.94999999999999,125.34999999999997,125.60000000000002,1159,394379
2025-10-31 10:30:00,125.60000000000002,126.74999999999997,125.15,126.00000000000009,20847,392881
2025-10-31 11:30:00,126.05000000000004,126.29999999999995,125.30000000000001,125.84999999999994,2421,392217
2025-10-31 14:00:00,125.79999999999998,126.29999999999995,125.40000000000006,125.90000000000003,5023,391504
2025-10-31 15:00:00,125.90000000000003,126.55000000000001,125.45000000000002,126.05000000000004,52,392332
2025-10-31 15:15:00,126.05000000000004,126.29999999999995,125.90000000000003,126.15000000000009,1,391979
2025-11-03 10:30:00,126.1,126.64999999999992,125.04999999999995,126.25,18916,391948
2025-11-03 11:30:00,126.25,126.84999999999988,125.45000000000002,125.85000000000008,5626,394025
2025-11-03 14:00:00,125.85000000000008,126.25,125.60000000000002,125.99999999999994,8066,393389
2025-11-03 15:00:00,126.05000000000004,126.50000000000006,125.60000000000002,126.14999999999995,123,394649
2025-11-03 15:15:00,126.14999999999995,126.4,125.90000000000003,126.3000000000001,3,395154
2025-11-04 10:30:00,126.35000000000005,127.00000000000003,125.34999999999997,125.99999999999994,20054,396395
2025-11-04 11:30:00,125.99999999999994,126.44999999999996,125.70000000000007,126.1,1571,392137
2025-11-04 14:00:00,126.1,126.70000000000002,125.55000000000007,126.1,5716,390176
2025-11-04 15:00:00,126.1,126.65000000000006,125.75000000000003,126.29999999999995,130,389822
2025-11-04 15:15:00,126.25,126.50000000000006,126.1,126.29999999999995,49,390630
2025-11-05 10:30:00,126.55000000000001,127.60000000000005,125.49999999999997,126.50000000000006,18253,388433
2025-11-05 11:30:00,126.50000000000006,126.79999999999993,125.90000000000003,126.1,1037,386594
2025-11-05 14:00:00,126.14999999999995,126.55000000000001,125.84999999999994,126.25,3234,385389
2025-11-05 15:00:00,126.25,126.65000000000006,125.90000000000003,126.25,1218,385411
2025-11-05 15:15:00,126.25,126.50000000000006,125.94999999999999,126.1,1,385313
2025-11-06 10:30:00,126.14999999999995,126.95000000000007,125.55000000000007,126.0499999999999,15822,387726
2025-11-06 11:30:00,126.0499999999999,126.4,125.45000000000002,125.94999999999999,724,386350
2025-11-06 14:00:00,125.84999999999994,126.4,125.10000000000005,125.60000000000002,3874,384813
2025-11-06 15:00:00,125.60000000000002,126.4,125.09999999999991,125.75000000000003,7276,383662
2025-11-06 15:15:00,125.80000000000013,125.99999999999994,125.69999999999993,125.69999999999993,222,383124
2025-11-07 10:30:00,125.75000000000003,126.44999999999996,125.04999999999995,125.60000000000002,14180,383118
2025-11-07 11:30:00,125.60000000000002,126.05000000000004,125.15,125.79999999999998,475,382646
2025-11-07 14:00:00,125.69999999999993,126.1,125.2000000000001,125.75000000000003,1865,381420
2025-11-07 15:00:00,125.80000000000013,126.1,125.25000000000006,125.69999999999993,13,379765
2025-11-07 15:15:00,125.69999999999993,125.84999999999994,125.19999999999996,125.34999999999997,1,378028
2025-11-10 10:30:00,125.0,126.35000000000005,124.44999999999993,125.49999999999997,19264,376768
2025-11-10 11:30:00,125.54999999999993,126.05000000000004,125.0,125.60000000000002,1040,375264
2025-11-10 14:00:00,125.64999999999998,126.25,125.15,125.84999999999994,684,374346
2025-11-10 15:00:00,125.84999999999994,126.20000000000005,125.15,125.34999999999997,44,370594
2025-11-10 15:15:00,125.34999999999997,125.74999999999989,125.2000000000001,125.45000000000002,5,369791
2025-11-11 10:30:00,125.49999999999997,126.50000000000006,125.19999999999996,125.99999999999994,16505,367654
2025-11-11 11:30:00,125.99999999999994,126.34999999999991,125.34999999999997,125.64999999999998,213,363658
2025-11-11 14:00:00,125.65000000000012,126.0499999999999,125.30000000000001,125.75000000000003,1160,361575
2025-11-11 15:00:00,125.75000000000003,126.15000000000009,125.25000000000006,125.49999999999997,162,358899
2025-11-11 15:15:00,125.49999999999997,125.79999999999998,125.25000000000006,125.39999999999992,5,357336
2025-11-12 10:30:00,125.64999999999998,126.29999999999995,124.95000000000005,125.49999999999997,12759,355740
2025-11-12 11:30:00,125.49999999999997,126.44999999999996,124.9499999999999,125.89999999999989,2200,355199
2025-11-12 14:00:00,125.89999999999989,126.3000000000001,125.45000000000002,125.75000000000003,2645,355603
2025-11-12 15:00:00,125.75000000000003,126.05000000000004,125.15,125.49999999999997,4,353497
2025-11-12 15:15:00,125.49999999999997,125.79999999999998,125.15,125.49999999999997,8,352726
2025-11-13 10:30:00,125.55000000000007,126.00000000000009,124.75000000000009,125.39999999999992,14554,344154
2025-11-13 11:30:00,125.39999999999992,125.74999999999989,124.85,125.19999999999996,2455,340007
2025-11-13 14:00:00,125.15,125.60000000000002,125.0,125.24999999999991,8245,335419
2025-11-13 15:00:00,125.24999999999991,125.84999999999994,124.89999999999995,125.30000000000001,11,329661
2025-11-13 15:15:00,125.30000000000001,125.49999999999997,125.15,125.24999999999991,29,326670
2025-11-14 10:30:00,125.45000000000002,126.05000000000004,124.7999999999999,125.45000000000002,19067,321871
2025-11-14 11:30:00,125.45000000000002,125.79999999999998,125.2000000000001,125.50000000000011,1209,317123
2025-11-14 14:00:00,125.45000000000002,125.90000000000003,124.69999999999999,125.15,4393,310999
2025-11-14 15:00:00,125.15,125.70000000000007,124.80000000000004,125.49999999999997,2,308386
2025-11-14 15:15:00,125.40000000000006,125.75000000000003,125.25000000000006,125.40000000000006,15,308862
2025-11-17 10:30:00,125.49999999999997,126.80000000000007,124.74999999999994,125.84999999999994,22525,306534
2025-11-17 11:30:00,125.84999999999994,126.25,125.39999999999992,125.84999999999994,2921,305037
2025-11-17 14:00:00,125.94999999999999,126.25,125.34999999999997,125.85000000000008,7276,301934
2025-11-17 15:00:00,125.85000000000008,126.25,125.39999999999992,125.84999999999994,365,298029
2025-11-17 15:15:00,125.79999999999998,126.1,125.39999999999992,125.79999999999998,5,297541
2025-11-18 10:30:00,125.90000000000003,126.70000000000002,125.15,125.79999999999998,18820,292875
2025-11-18 11:30:00,125.75000000000003,126.29999999999995,125.35000000000011,125.84999999999994,1620,289197
2025-11-18 14:00:00,125.90000000000003,126.55000000000001,125.34999999999997,125.79999999999998,6570,285310
2025-11-18 15:00:00,125.79999999999998,126.15000000000009,125.60000000000002,125.79999999999998,1910,279976
2025-11-18 15:15:00,125.79999999999998,126.1,125.64999999999998,125.79999999999998,17,278320
2025-11-19 10:30:00,125.79999999999998,126.29999999999995,124.59999999999994,125.25000000000006,18390,267931
2025-11-19 11:30:00,125.25000000000006,125.64999999999998,124.95000000000005,125.45000000000002,2177,259353
2025-11-19 14:00:00,125.45000000000002,125.99999999999994,125.10000000000005,125.45000000000002,6455,252498
2025-11-19 15:00:00,125.45000000000002,125.75000000000003,125.10000000000005,125.40000000000006,54,244936
2025-11-19 15:15:00,125.45000000000002,125.64999999999998,125.30000000000001,125.45000000000002,14,243324
2025-11-20 10:30:00,125.40000000000006,127.00000000000003,124.35000000000002,125.80000000000013,7,241585
2025-11-20 11:30:00,125.80000000000013,126.50000000000006,124.89999999999995,125.60000000000002,1355,230129
2025-11-20 14:00:00,125.49999999999997,125.99999999999994,124.90000000000009,125.69999999999993,146,221225
2025-11-20 15:00:00,125.69999999999993,125.99999999999994,125.14999999999986,125.64999999999998,29,212117
2025-11-20 15:15:00,125.69999999999993,125.99999999999994,125.49999999999997,125.49999999999997,66,210015
2025-11-21 10:30:00,122.90000000000006,124.05000000000001,122.25000000000009,123.24999999999989,2,241530
2025-11-21 11:30:00,123.24999999999989,123.75,122.84999999999997,123.29999999999998,28,249539
2025-11-21 14:00:00,123.29999999999998,123.75,122.65,123.35000000000008,1008,256504
2025-11-21 15:00:00,123.35000000000008,123.8000000000001,122.80000000000001,123.19999999999993,359,268317
2025-11-21 15:15:00,123.19999999999993,123.49999999999994,122.95000000000002,123.34999999999994,46,270532
2025-11-24 10:30:00,123.10000000000002,124.30000000000007,122.5,123.50000000000009,53,290596
2025-11-24 11:30:00,123.50000000000009,123.9,122.99999999999997,123.6,324,304783
2025-11-24 14:00:00,123.6,123.9,123.05000000000007,123.25000000000003,552,312255
2025-11-24 15:00:00,123.19999999999993,123.64999999999995,122.75000000000006,123.25000000000003,634,321847
2025-11-24 15:15:00,123.25000000000003,123.49999999999994,123.05000000000007,123.39999999999989,4,325010
2025-11-25 10:30:00,123.20000000000007,124.00000000000006,122.39999999999995,123.04999999999993,22,346041
2025-11-25 11:30:00,122.99999999999997,123.29999999999998,122.35,122.69999999999996,267,349396
2025-11-25 14:00:00,122.69999999999996,123.35000000000008,122.35,122.84999999999997,1922,354859
2025-11-25 15:00:00,122.90000000000006,123.35000000000008,122.14999999999989,122.75000000000006,89,361265
2025-11-25 15:15:00,122.7000000000001,122.84999999999997,122.30000000000004,122.39999999999995,12,363657
2025-11-26 10:30:00,122.39999999999995,123.19999999999993,121.00000000000009,121.84999999999988,29347,365062
2025-11-26 11:30:00,121.79999999999993,122.2999999999999,121.4500000000001,121.70000000000002,96,364907
2025-11-26 14:00:00,121.74999999999997,122.40000000000009,121.4,122.15000000000003,133,365302
2025-11-26 15:00:00,122.15000000000003,122.89999999999992,120.70000000000007,121.50000000000006,2039,363061
2025-11-26 15:15:00,121.55000000000001,122.00000000000003,120.69999999999993,121.14999999999995,75,361542
2025-11-27 10:30:00,121.55000000000001,122.35,120.54999999999993,121.54999999999987,29111,361059
2025-11-27 11:30:00,121.54999999999987,121.94999999999993,121.05000000000004,121.55000000000001,3265,359451
2025-11-27 14:00:00,121.44999999999996,122.00000000000003,120.90000000000003,121.4500000000001,5850,358587
2025-11-27 15:00:00,121.4500000000001,121.70000000000002,120.94999999999999,121.25,34,357120
2025-11-27 15:15:00,121.3000000000001,121.4500000000001,121.0499999999999,121.25,128,357193
2025-11-28 10:30:00,121.35000000000005,122.24999999999994,120.94999999999999,121.79999999999993,18901,357328
2025-11-28 11:30:00,121.74999999999997,122.19999999999999,121.15000000000009,121.55000000000001,1913,356200
2025-11-28 14:00:00,121.55000000000001,122.04999999999998,121.25,121.65000000000006,6335,355674
2025-11-28 15:00:00,121.65000000000006,122.24999999999994,121.3000000000001,121.80000000000007,777,354045
2025-11-28 15:15:00,121.80000000000007,121.94999999999993,121.60000000000011,121.94999999999993,42,353550
2025-12-01 10:30:00,121.80000000000007,123.50000000000009,120.64999999999998,122.35,21213,353136
2025-12-01 11:30:00,122.35,122.59999999999991,121.74999999999997,122.04999999999998,3330,352656
2025-12-01 14:00:00,122.04999999999998,122.54999999999995,121.74999999999997,121.89999999999998,5946,350750
2025-12-01 15:00:00,121.89999999999998,123.05000000000007,121.1999999999999,122.09999999999994,4795,348199
2025-12-01 15:15:00,122.09999999999994,122.35,121.89999999999998,122.00000000000003,18,347792
2025-12-02 10:30:00,122.04999999999998,122.60000000000005,121.64999999999992,121.85000000000002,1,348163
2025-12-02 11:30:00,121.85000000000002,122.39999999999995,121.1,122.00000000000003,4,349398
2025-12-02 14:00:00,121.79999999999993,122.54999999999995,121.4500000000001,122.09999999999994,307,350716
2025-12-02 15:00:00,122.09999999999994,122.7000000000001,121.4,122.10000000000008,2320,351962
2025-12-02 15:15:00,122.04999999999998,122.2999999999999,121.79999999999993,122.10000000000008,30,352963
2025-12-03 10:30:00,122.19999999999999,122.60000000000005,121.34999999999991,121.79999999999993,26003,356170
2025-12-03 11:30:00,121.79999999999993,122.30000000000004,121.35000000000005,121.89999999999998,4262,358790
2025-12-03 14:00:00,121.85000000000002,122.45000000000005,121.55000000000001,121.95000000000007,1670,362721
2025-12-03 15:00:00,121.95000000000007,122.25000000000009,121.60000000000011,122.00000000000003,681,365756
2025-12-03 15:15:00,122.00000000000003,122.15000000000003,121.75000000000011,121.90000000000012,45,366924
2025-12-04 10:30:00,121.44999999999996,122.84999999999997,118.29999999999998,120.19999999999996,4,365178
2025-12-04 11:30:00,120.19999999999996,120.74999999999989,119.55000000000013,120.19999999999996,376,363832
2025-12-04 14:00:00,120.19999999999996,121.69999999999987,119.54999999999998,121.05000000000004,1295,362562
2025-12-04 15:00:00,121.1,122.04999999999998,119.50000000000003,120.39999999999992,1768,360162
2025-12-04 15:15:00,120.44999999999987,121.14999999999995,119.7999999999999,120.75000000000003,73,358191
2025-12-05 10:30:00,120.94999999999999,121.74999999999997,119.64999999999989,120.79999999999998,33061,357414
2025-12-05 11:30:00,120.79999999999998,121.29999999999995,119.9499999999999,120.64999999999998,2671,356948
2025-12-05 14:00:00,120.64999999999998,122.24999999999994,119.85,121.44999999999996,948,357001
2025-12-05 15:00:00,121.4,122.15000000000003,120.60000000000002,121.20000000000005,2062,355348
2025-12-05 15:15:00,121.25,121.4,120.94999999999999,121.15000000000009,21,354313
2025-12-08 10:30:00,121.44999999999996,121.90000000000012,120.40000000000006,121.34999999999991,28913,352574
2025-12-08 11:30:00,121.34999999999991,122.04999999999998,120.40000000000006,121.25,31,352530
2025-12-08 14:00:00,121.25,123.25000000000003,120.0,121.55000000000001,12787,352571
2025-12-08 15:00:00,121.55000000000001,122.10000000000008,120.60000000000002,121.4,76,350746
2025-12-08 15:15:00,121.4,121.94999999999993,121.1,121.64999999999992,3,351420
2025-12-09 10:30:00,122.04999999999998,122.65,121.25,121.89999999999998,21152,351230
2025-12-09 11:30:00,121.89999999999998,122.65,121.50000000000006,122.24999999999994,2831,351139
2025-12-09 14:00:00,122.30000000000004,122.80000000000001,121.89999999999998,122.14999999999989,4891,351539
2025-12-09 15:00:00,122.14999999999989,122.5,121.49999999999991,122.00000000000003,215,351021
2025-12-09 15:15:00,122.04999999999998,122.25000000000009,121.69999999999987,121.95000000000007,27,350408
2025-12-10 10:30:00,121.65000000000006,123.04999999999993,121.20000000000005,122.39999999999995,20075,350268
2025-12-10 11:30:00,122.39999999999995,122.69999999999996,121.99999999999989,122.35,497,351024
2025-12-10 14:00:00,122.5,122.84999999999997,121.85000000000002,122.25000000000009,671,350318
2025-12-10 15:00:00,122.25000000000009,122.65,121.34999999999991,121.89999999999998,10438,349853
2025-12-10 15:15:00,121.89999999999998,122.35,121.64999999999992,122.04999999999998,45,350252
2025-12-11 10:30:00,122.24999999999994,123.05000000000007,121.14999999999995,122.39999999999995,32212,354187
2025-12-11 11:30:00,122.39999999999995,122.5,121.74999999999997,122.15000000000003,2424,355294
2025-12-11 14:00:00,122.24999999999994,122.5,121.89999999999998,122.19999999999999,10466,356926
2025-12-11 15:00:00,122.19999999999999,122.75000000000006,121.84999999999988,122.19999999999999,2206,358101
2025-12-11 15:15:00,122.24999999999994,122.60000000000005,121.89999999999998,122.14999999999989,8,357066
2025-12-12 10:30:00,122.65,123.64999999999995,120.84999999999994,122.15000000000003,32132,354736
2025-12-12 11:30:00,122.15000000000003,122.84999999999997,120.79999999999998,121.59999999999997,2396,350576
2025-12-12 14:00:00,121.70000000000002,122.35,120.94999999999999,121.59999999999997,10273,349051
2025-12-12 15:00:00,121.59999999999997,122.25000000000009,121.14999999999995,121.64999999999992,284,347848
2025-12-12 15:15:00,121.64999999999992,121.94999999999993,121.50000000000006,121.65000000000006,15,347266
2025-12-15 10:30:00,122.00000000000003,122.84999999999997,119.85,120.90000000000003,29948,351633
2025-12-15 11:30:00,120.84999999999994,121.55000000000001,120.15,120.99999999999994,4066,349362
2025-12-15 14:00:00,120.99999999999994,121.4500000000001,120.45000000000002,121.0499999999999,9322,350538
2025-12-15 15:00:00,121.0499999999999,121.94999999999993,120.0,120.85000000000008,11162,351492
2025-12-15 15:15:00,120.85000000000008,121.4,120.49999999999997,120.85000000000008,13,351093
2025-12-16 10:30:00,121.14999999999995,122.04999999999998,119.95000000000005,121.14999999999995,29766,350303
2025-12-16 11:30:00,121.14999999999995,122.09999999999994,120.69999999999993,121.54999999999987,228,352239
2025-12-16 14:00:00,121.55000000000001,122.04999999999998,120.84999999999994,121.29999999999995,5026,353045
2025-12-16 15:00:00,121.29999999999995,121.70000000000002,120.70000000000007,121.14999999999995,1637,354620
2025-12-16 15:15:00,121.14999999999995,121.4,120.94999999999999,121.1,34,355318
2025-12-17 10:30:00,121.34999999999991,122.04999999999998,120.90000000000003,121.54999999999987,18083,353449
2025-12-17 11:30:00,121.54999999999987,122.19999999999999,121.14999999999995,121.70000000000002,3765,354605
2025-12-17 14:00:00,121.95000000000007,122.24999999999994,121.4,121.74999999999997,9875,355717
2025-12-17 15:00:00,121.75000000000011,122.30000000000004,121.1999999999999,121.60000000000011,8382,357023
2025-12-17 15:15:00,121.60000000000011,121.95000000000007,121.29999999999995,121.64999999999992,21,357720
2025-12-18 10:30:00,121.70000000000002,122.65,120.84999999999994,122.00000000000003,23288,358202
2025-12-18 11:30:00,122.00000000000003,122.54999999999995,121.55000000000001,122.15000000000003,4309,360454
2025-12-18 14:00:00,122.19999999999999,122.39999999999995,121.70000000000002,121.90000000000012,5396,361737
2025-12-18 15:00:00,121.95000000000007,122.4499999999999,121.25,121.79999999999993,830,362988
2025-12-18 15:15:00,121.79999999999993,122.00000000000003,121.4,121.60000000000011,4,362074
2025-12-19 10:30:00,121.70000000000002,122.19999999999999,121.1,121.44999999999996,17860,366389
2025-12-19 11:30:00,121.44999999999996,121.79999999999993,120.99999999999994,121.20000000000005,2555,368251
2025-12-19 14:00:00,121.29999999999995,121.74999999999997,120.90000000000003,121.29999999999995,2,371218
2025-12-19 15:00:00,121.34999999999991,121.74999999999997,120.99999999999994,121.50000000000006,299,372857
2025-12-19 15:15:00,121.50000000000006,122.25000000000009,120.90000000000003,121.80000000000007,14,374285
2025-12-22 10:30:00,121.59999999999997,122.24999999999994,120.40000000000006,121.1,23824,375728
2025-12-22 11:30:00,121.14999999999995,121.55000000000001,120.55000000000007,120.90000000000003,10068,375881
2025-12-22 14:00:00,120.90000000000003,121.79999999999993,119.64999999999989,120.70000000000007,2527,371185
2025-12-22 15:00:00,120.70000000000007,121.4,120.34999999999997,120.99999999999994,775,368780
2025-12-22 15:15:00,120.99999999999994,121.44999999999996,120.55000000000007,121.20000000000005,5,368175
2025-12-23 10:30:00,121.25,123.29999999999998,119.39999999999998,121.55000000000001,28190,377202
2025-12-23 11:30:00,121.55000000000001,121.94999999999993,120.85000000000008,121.50000000000006,1618,383510
2025-12-23 14:00:00,121.50000000000006,122.00000000000003,121.14999999999995,121.70000000000002,10801,388853
2025-12-23 15:00:00,121.74999999999997,122.24999999999994,120.99999999999994,121.70000000000002,7553,394867
2025-12-23 15:15:00,121.70000000000002,122.04999999999998,121.49999999999991,121.94999999999993,2,394267
2025-12-24 10:30:00,121.85000000000002,122.39999999999995,121.1999999999999,121.80000000000007,21830,393047
2025-12-24 11:30:00,121.85000000000002,122.30000000000004,121.49999999999991,121.89999999999998,12275,396190
2025-12-24 14:00:00,121.89999999999998,122.35,121.25,121.95000000000007,6422,397028
2025-12-24 15:00:00,121.95000000000007,122.25000000000009,121.50000000000006,121.89999999999998,616,397931
2025-12-24 15:15:00,121.89999999999998,122.15000000000003,121.70000000000002,122.04999999999998,75,398023
2025-12-25 10:30:00,121.99999999999989,122.5,121.44999999999996,121.99999999999989,19498,400192
2025-12-25 11:30:00,121.99999999999989,122.19999999999999,121.54999999999987,121.85000000000002,7700,402529
2025-12-25 14:00:00,121.74999999999997,122.24999999999994,121.70000000000002,121.95000000000007,167,402480
2025-12-25 15:00:00,121.95000000000007,122.39999999999995,121.55000000000001,121.99999999999989,657,403440
2025-12-25 15:15:00,121.99999999999989,122.24999999999994,121.80000000000007,122.04999999999998,25,404012
2025-12-26 10:30:00,122.10000000000008,123.40000000000003,120.90000000000003,122.15000000000003,24141,411814
2025-12-26 11:30:00,122.15000000000003,122.80000000000001,121.95000000000007,122.39999999999995,2183,413723
2025-12-26 14:00:00,122.45000000000005,122.84999999999997,122.20000000000013,122.5,7210,414949
2025-12-26 15:00:00,122.5,123.14999999999998,121.89999999999998,122.5,3317,414120
2025-12-26 15:15:00,122.5,122.7000000000001,122.35,122.5,7,414762
2025-12-29 10:30:00,122.15000000000003,125.09999999999991,119.14999999999992,121.49999999999991,18,396770
2025-12-29 11:30:00,121.49999999999991,122.39999999999995,120.84999999999994,121.75000000000011,490,393410
2025-12-29 14:00:00,121.80000000000007,122.10000000000008,121.1,121.4,497,392579
2025-12-29 15:00:00,121.35000000000005,121.94999999999993,121.05000000000004,121.44999999999996,552,388083
2025-12-29 15:15:00,121.44999999999996,121.70000000000002,121.15000000000009,121.34999999999991,2,386620
2025-12-30 10:30:00,121.44999999999996,121.94999999999993,120.60000000000002,121.35000000000005,24704,383560
2025-12-30 11:30:00,121.29999999999995,122.04999999999998,120.99999999999994,121.70000000000002,1649,379915
2025-12-30 14:00:00,121.70000000000002,122.15000000000003,120.85000000000008,121.44999999999996,11337,378424
2025-12-30 15:00:00,121.50000000000006,121.89999999999998,120.85000000000008,121.25,326,378283
2025-12-30 15:15:00,121.25,121.59999999999997,121.00000000000009,121.25,11,377607
2025-12-31 10:30:00,121.55000000000001,122.80000000000001,119.05000000000001,120.34999999999997,25208,377697
2025-12-31 11:30:00,120.34999999999997,120.99999999999994,119.80000000000004,120.60000000000002,724,377189
2025-12-31 14:00:00,120.60000000000002,121.14999999999995,120.15,120.79999999999998,7,374506
2025-12-31 15:00:00,120.79999999999998,121.64999999999992,120.19999999999996,120.90000000000003,1420,371431
2025-12-31 15:15:00,120.94999999999999,121.44999999999996,120.55000000000007,120.99999999999994,69,371556
2026-01-05 10:30:00,121.1999999999999,122.5,120.24999999999991,121.50000000000006,25645,374211
2026-01-05 11:30:00,121.50000000000006,121.89999999999998,121.1,121.64999999999992,13779,373206
2026-01-05 14:00:00,121.64999999999992,121.89999999999998,121.14999999999995,121.44999999999996,3561,373715
2026-01-05 15:00:00,121.44999999999996,121.85000000000002,121.1,121.44999999999996,528,374078
2026-01-05 15:15:00,121.50000000000006,121.74999999999997,121.20000000000005,121.50000000000006,82,374440
2026-01-06 10:30:00,120.84999999999994,121.85000000000002,119.95000000000005,121.1999999999999,32560,378288
2026-01-06 11:30:00,121.25,121.95000000000007,120.45000000000002,121.20000000000005,12681,379169
2026-01-06 14:00:00,121.20000000000005,121.94999999999993,120.75000000000003,121.50000000000006,1300,378914
2026-01-06 15:00:00,121.49999999999991,121.94999999999993,120.79999999999998,121.39999999999986,28,381039
2026-01-06 15:15:00,121.34999999999991,121.49999999999991,121.20000000000005,121.3000000000001,10,381049
2026-01-07 10:30:00,121.25,122.30000000000004,119.80000000000004,121.4,24643,383453
2026-01-07 11:30:00,121.35000000000005,122.00000000000003,120.60000000000002,121.34999999999991,4280,383664
2026-01-07 14:00:00,121.34999999999991,122.09999999999994,120.85000000000008,121.49999999999991,11524,381822
2026-01-07 15:00:00,121.44999999999996,122.15000000000003,120.49999999999997,121.4,791,379002
2026-01-07 15:15:00,121.4,121.50000000000006,120.89999999999989,121.1,37,378610
2026-01-08 10:30:00,121.3000000000001,121.94999999999993,120.75000000000003,121.34999999999991,142,378943
2026-01-08 11:30:00,121.34999999999991,122.24999999999994,120.60000000000002,121.44999999999996,916,377914
2026-01-08 14:00:00,121.55000000000001,122.2999999999999,121.1,121.59999999999997,5,378505
2026-01-08 15:00:00,121.64999999999992,122.15000000000003,121.25,121.95000000000007,138,376620
2026-01-08 15:15:00,121.89999999999998,122.04999999999998,121.74999999999997,121.90000000000012,62,376450
2026-01-09 10:30:00,122.30000000000004,122.69999999999996,121.29999999999995,121.95000000000007,20648,375351
2026-01-09 11:30:00,121.95000000000007,122.74999999999991,121.50000000000006,122.19999999999999,319,376341
2026-01-09 14:00:00,122.15000000000003,122.75000000000006,121.70000000000002,122.19999999999999,1272,378170
2026-01-09 15:00:00,122.25000000000009,122.5,121.70000000000002,122.04999999999998,1064,377548
2026-01-09 15:15:00,122.00000000000003,122.19999999999999,121.85000000000002,121.95000000000007,22,376774
2026-01-12 10:30:00,121.89999999999998,122.95000000000002,121.34999999999991,122.14999999999989,4,376132
2026-01-12 11:30:00,122.14999999999989,122.54999999999995,121.70000000000002,122.10000000000008,801,374041
2026-01-12 14:00:00,122.04999999999998,122.60000000000005,121.4500000000001,122.05000000000013,22,372466
2026-01-12 15:00:00,122.10000000000008,122.75000000000006,121.44999999999996,122.04999999999998,7,369804
2026-01-12 15:15:00,122.04999999999998,122.35,121.85000000000002,122.19999999999999,41,369490
2026-01-13 10:30:00,122.35,122.90000000000006,121.75000000000011,122.30000000000004,51,371438
2026-01-13 11:30:00,122.30000000000004,122.7000000000001,121.85000000000002,122.30000000000004,92,371110
2026-01-13 14:00:00,122.30000000000004,122.65,122.09999999999994,122.30000000000004,282,371024
2026-01-13 15:00:00,122.35,122.95000000000002,121.79999999999993,122.19999999999999,1962,371684
2026-01-13 15:15:00,122.19999999999999,122.39999999999995,122.10000000000008,122.24999999999994,32,371099
2026-01-14 10:30:00,121.94999999999993,122.65,121.50000000000006,122.10000000000008,65,369707
2026-01-14 11:30:00,122.10000000000008,122.59999999999991,121.55000000000001,122.39999999999995,311,370572
2026-01-14 14:00:00,122.4499999999999,123.10000000000002,121.59999999999997,122.5,1188,372448
2026-01-14 15:00:00,122.39999999999995,123.49999999999994,121.74999999999997,122.69999999999996,684,371781
2026-01-14 15:15:00,122.74999999999991,123.29999999999998,122.30000000000004,122.80000000000001,2594,369922
2026-01-15 10:30:00,122.90000000000006,123.65000000000009,122.30000000000004,123.00000000000011,4,368539
2026-01-15 11:30:00,123.00000000000011,123.79999999999995,121.79999999999993,122.65,1343,370388
2026-01-15 14:00:00,122.69999999999996,123.05000000000007,122.25000000000009,122.65,353,369321
2026-01-15 15:00:00,122.65,123.29999999999998,122.04999999999998,122.80000000000001,481,369518
2026-01-15 15:15:00,122.80000000000001,124.35000000000002,121.90000000000012,122.74999999999991,11,370937
2026-01-16 10:30:00,122.5500000000001,123.25000000000003,121.80000000000007,122.45000000000005,23154,372060
2026-01-16 11:30:00,122.45000000000005,123.44999999999999,121.64999999999992,122.54999999999995,1508,374971
2026-01-16 14:00:00,122.54999999999995,122.94999999999987,122.15000000000003,122.59999999999991,395,376370
2026-01-16 15:00:00,122.59999999999991,122.89999999999992,122.24999999999994,122.69999999999996,925,377400
2026-01-16 15:15:00,122.65,122.79999999999987,122.35,122.59999999999991,14,377682
2026-01-19 10:30:00,122.80000000000001,123.70000000000005,121.80000000000007,122.65,19396,379663
2026-01-19 11:30:00,122.65,122.99999999999997,122.45000000000005,122.80000000000001,439,379241
2026-01-19 14:00:00,122.80000000000001,123.14999999999998,122.45000000000005,122.69999999999996,3955,377983
2026-01-19 15:00:00,122.74999999999991,122.99999999999997,122.39999999999995,122.54999999999995,158,376807
2026-01-19 15:15:00,122.5500000000001,122.80000000000001,122.35,122.5500000000001,15,376430
2026-01-20 10:30:00,122.39999999999995,123.20000000000007,121.95000000000007,122.59999999999991,4,380157
2026-01-20 11:30:00,122.59999999999991,123.00000000000011,122.39999999999995,122.74999999999991,403,381830
2026-01-20 14:00:00,122.74999999999991,123.10000000000002,122.5,122.80000000000001,115,384966
2026-01-20 15:00:00,122.80000000000001,123.44999999999999,122.40000000000009,123.10000000000002,1962,388701
2026-01-20 15:15:00,122.99999999999997,123.25000000000003,122.80000000000001,123.05000000000007,14,389029
2026-01-21 10:30:00,123.00000000000011,123.50000000000009,122.30000000000004,122.84999999999997,3,390125
2026-01-21 11:30:00,122.84999999999997,123.15000000000012,122.5,122.84999999999997,155,390493
2026-01-21 14:00:00,123.05000000000007,123.75,122.69999999999996,123.29999999999998,837,391040
2026-01-21 15:00:00,123.29999999999998,123.65000000000009,122.89999999999992,123.29999999999998,1970,391325
2026-01-21 15:15:00,123.25000000000003,123.39999999999989,122.99999999999997,123.20000000000007,39,390533
2026-01-22 10:30:00,123.10000000000002,123.64999999999995,122.75000000000006,123.14999999999998,1,390195
2026-01-22 11:30:00,123.14999999999998,123.49999999999994,122.7000000000001,123.14999999999998,303,391592
2026-01-22 14:00:00,123.19999999999993,123.44999999999999,122.95000000000002,123.25000000000003,3,392192
2026-01-22 15:00:00,123.29999999999998,123.6999999999999,122.85000000000011,123.15000000000012,1238,391629
2026-01-22 15:15:00,123.20000000000007,123.29999999999998,123.04999999999993,123.15000000000012,67,391295
2026-01-23 10:30:00,123.15000000000012,123.6,122.65,123.05000000000007,18276,394548
2026-01-23 11:30:00,123.10000000000002,123.5499999999999,122.75000000000006,123.25000000000003,296,393967
2026-01-23 14:00:00,123.44999999999999,123.75,122.80000000000001,123.35000000000008,855,396143
2026-01-23 15:00:00,123.35000000000008,123.8000000000001,122.69999999999996,123.25000000000003,552,395173
2026-01-23 15:15:00,123.25000000000003,123.44999999999999,122.90000000000006,123.14999999999998,15,394939
2026-01-26 10:30:00,123.14999999999998,124.10000000000011,122.30000000000004,123.14999999999998,1,394889
2026-01-26 11:30:00,123.14999999999998,123.70000000000005,122.89999999999992,123.14999999999998,58,393685
2026-01-26 14:00:00,123.14999999999998,123.55000000000004,122.95000000000002,123.35000000000008,5,392735
2026-01-26 15:00:00,123.35000000000008,123.9,122.90000000000006,123.34999999999994,295,392665
2026-01-26 15:15:00,123.34999999999994,123.5499999999999,123.14999999999998,123.30000000000013,33,392640
2026-01-27 10:30:00,123.35000000000008,124.14999999999992,122.69999999999996,123.44999999999999,18507,395989
2026-01-27 11:30:00,123.44999999999999,123.70000000000005,123.05000000000007,123.35000000000008,916,394505
2026-01-27 14:00:00,123.35000000000008,123.5499999999999,123.10000000000002,123.29999999999998,122,393331
2026-01-27 15:00:00,123.29999999999998,124.20000000000002,122.80000000000001,123.5499999999999,1700,392526
2026-01-27 15:15:00,123.5499999999999,123.75,123.20000000000007,123.44999999999999,6,392242
2026-01-28 10:30:00,123.45000000000013,123.79999999999995,122.75000000000006,123.40000000000003,13332,392081
2026-01-28 11:30:00,123.35000000000008,123.50000000000009,122.95000000000002,123.15000000000012,1874,390368
2026-01-28 14:00:00,123.20000000000007,123.8000000000001,122.59999999999991,123.30000000000013,1581,389222
2026-01-28 15:00:00,123.30000000000013,123.75,122.89999999999992,123.40000000000003,2766,388847
2026-01-28 15:15:00,123.34999999999994,123.44999999999999,123.10000000000002,123.39999999999989,20,388428
2026-01-29 10:30:00,123.65000000000009,124.65000000000003,122.95000000000002,124.05000000000001,21439,394140
2026-01-29 11:30:00,124.00000000000006,124.29999999999993,123.65000000000009,124.00000000000006,2611,398654
2026-01-29 14:00:00,123.94999999999996,124.24999999999997,123.25000000000003,123.6999999999999,8482,398460
2026-01-29 15:00:00,123.6999999999999,124.35000000000002,122.95000000000002,123.75,8580,398469
2026-01-29 15:15:00,123.75,124.14999999999992,123.55000000000004,123.75,49,397826
2026-01-30 10:30:00,123.70000000000005,124.59999999999994,123.44999999999999,123.99999999999991,19908,401846
2026-01-30 11:30:00,124.05000000000001,124.54999999999998,123.55000000000004,123.94999999999996,11884,401742
2026-01-30 14:00:00,123.9,124.24999999999997,123.55000000000004,124.09999999999997,8750,399860
2026-01-30 15:00:00,124.09999999999997,124.29999999999993,123.79999999999995,124.10000000000011,459,398726
2026-01-30 15:15:00,124.10000000000011,124.44999999999993,123.85000000000005,124.20000000000002,46,399753
2026-02-02 10:30:00,124.34999999999988,125.25000000000006,123.5499999999999,124.15000000000006,1,397703
2026-02-02 11:30:00,124.20000000000002,124.69999999999999,123.25000000000003,123.64999999999995,48,394137
2026-02-02 14:00:00,123.64999999999995,124.35000000000002,123.40000000000003,124.05000000000001,739,390814
2026-02-02 15:00:00,123.85000000000005,124.20000000000002,123.64999999999995,123.8000000000001,2484,388046
2026-02-02 15:15:00,123.85000000000005,124.15000000000006,123.49999999999994,123.9,14,387006
2026-02-03 10:30:00,123.85000000000005,124.09999999999997,122.65,123.49999999999994,20315,387921
2026-02-03 11:30:00,123.40000000000003,123.85000000000005,122.99999999999997,123.44999999999999,4055,387694
2026-02-03 14:00:00,123.50000000000009,124.00000000000006,122.94999999999987,123.6,7742,389061
2026-02-03 15:00:00,123.6,123.9,123.29999999999998,123.64999999999995,1097,388630
2026-02-03 15:15:00,123.64999999999995,123.79999999999995,123.49999999999994,123.55000000000004,46,388123
2026-02-04 10:30:00,123.64999999999995,124.60000000000008,122.99999999999997,124.00000000000006,25389,383251
2026-02-04 11:30:00,124.00000000000006,124.40000000000012,123.44999999999999,123.94999999999996,4204,377698
2026-02-04 14:00:00,123.94999999999996,124.40000000000012,123.40000000000003,123.94999999999996,9231,374163
2026-02-04 15:00:00,123.94999999999996,124.24999999999997,123.65000000000009,123.9,297,369507
2026-02-04 15:15:00,123.9,124.20000000000002,123.64999999999995,123.9,84,367882
2026-02-05 10:30:00,123.85000000000005,124.39999999999998,123.29999999999998,124.05000000000001,2,365843
2026-02-05 11:30:00,124.05000000000001,124.50000000000003,123.29999999999998,123.9,261,362603
2026-02-05 14:00:00,123.9,124.54999999999998,123.35000000000008,123.94999999999996,3,366486
2026-02-05 15:00:00,123.94999999999996,124.39999999999998,123.8000000000001,124.14999999999992,495,367309
2026-02-05 15:15:00,124.14999999999992,124.50000000000003,123.94999999999996,124.09999999999997,23,367388
2026-02-06 10:30:00,124.54999999999998,125.19999999999996,124.09999999999997,124.59999999999994,4,366431
2026-02-06 11:30:00,124.59999999999994,125.0,124.35000000000002,124.74999999999994,379,364714
2026-02-06 14:00:00,124.65000000000003,124.89999999999995,124.35000000000002,124.59999999999994,12,362889
2026-02-06 15:00:00,124.59999999999994,125.15,124.20000000000002,124.85,642,364238
2026-02-06 15:15:00,124.85,125.0500000000001,124.60000000000008,124.75000000000009,838,363522
2026-02-09 10:30:00,124.54999999999998,125.24999999999991,124.09999999999997,124.69999999999999,25869,356322
2026-02-09 11:30:00,124.74999999999994,125.10000000000005,124.09999999999997,124.45000000000007,2802,352239
2026-02-09 14:00:00,124.45000000000007,124.75000000000009,124.35000000000002,124.50000000000003,6417,347643
2026-02-09 15:00:00,124.50000000000003,125.24999999999991,123.9,124.59999999999994,5,343748
2026-02-09 15:15:00,124.64999999999989,125.0,124.50000000000003,124.64999999999989,34,342781
2026-02-10 10:30:00,124.65000000000003,125.0500000000001,124.05000000000001,124.64999999999989,16747,335281
2026-02-10 11:30:00,124.59999999999994,125.15,124.14999999999992,124.60000000000008,3671,324588
2026-02-10 14:00:00,124.59999999999994,124.80000000000004,124.29999999999993,124.65000000000003,7986,317989
2026-02-10 15:00:00,124.65000000000003,125.0,124.35000000000002,124.69999999999999,1396,313472
2026-02-10 15:15:00,124.65000000000003,125.0,124.54999999999998,124.69999999999999,31,313265
2026-02-11 10:30:00,124.59999999999994,125.69999999999993,124.14999999999992,124.90000000000009,26533,313865
2026-02-11 11:30:00,124.90000000000009,125.19999999999996,124.35000000000002,124.95000000000005,3215,307137
2026-02-11 14:00:00,124.95000000000005,125.34999999999997,124.65000000000003,125.10000000000005,7177,300842
2026-02-11 15:00:00,125.0500000000001,125.34999999999997,124.60000000000008,124.80000000000004,2296,292149
2026-02-11 15:15:00,124.80000000000004,125.0500000000001,124.60000000000008,124.90000000000009,3,289625
2026-02-12 10:30:00,124.35000000000002,124.74999999999994,123.79999999999995,124.35000000000002,8172,295318
2026-02-12 11:30:00,124.35000000000002,124.74999999999994,123.94999999999996,124.39999999999998,1794,296218
2026-02-12 14:00:00,124.39999999999998,124.9499999999999,124.04999999999987,124.59999999999994,1196,295255
2026-02-12 15:00:00,124.59999999999994,125.04999999999995,124.20000000000002,124.49999999999989,160,292878
2026-02-12 15:15:00,124.49999999999989,124.90000000000009,124.14999999999992,124.39999999999998,77,290836
2026-02-13 10:30:00,124.50000000000003,124.69999999999999,122.40000000000009,123.65000000000009,36244,292162
2026-02-13 11:30:00,123.65000000000009,124.85,121.85000000000002,123.40000000000003,13883,285937
2026-02-13 14:00:00,123.50000000000009,123.8000000000001,122.85000000000011,123.40000000000003,9712,280337
2026-02-13 15:00:00,123.40000000000003,124.40000000000012,122.80000000000001,123.85000000000005,226,273749
2026-02-13 15:15:00,123.85000000000005,124.54999999999998,123.49999999999994,123.94999999999996,4,271578
2026-02-24 10:30:00,124.24999999999997,125.79999999999998,123.00000000000011,124.24999999999997,41203,358645
2026-02-24 11:30:00,124.24999999999997,124.85,123.9500000000001,124.59999999999994,16014,375177
2026-02-24 14:00:00,124.59999999999994,124.89999999999995,124.20000000000002,124.65000000000003,9907,392025
2026-02-24 15:00:00,124.65000000000003,124.90000000000009,123.99999999999991,124.54999999999998,18,405778
2026-02-24 15:15:00,124.54999999999998,124.74999999999994,124.15000000000006,124.30000000000007,10,408529
2026-02-25 10:30:00,124.69999999999999,125.50000000000011,123.94999999999996,124.49999999999989,27128,432372
2026-02-25 11:30:00,124.49999999999989,124.85,124.05000000000001,124.45000000000007,10621,437519
2026-02-25 14:00:00,124.39999999999998,124.74999999999994,123.5499999999999,124.05000000000001,14502,445230
2026-02-25 15:00:00,124.00000000000006,124.35000000000002,123.64999999999995,123.99999999999991,2066,451045
2026-02-25 15:15:00,124.05000000000001,124.35000000000002,123.9,124.15000000000006,15,451092
2026-02-26 10:30:00,123.79999999999995,124.69999999999999,122.59999999999991,123.70000000000005,27564,448808
2026-02-26 11:30:00,123.70000000000005,124.25000000000011,122.99999999999997,123.49999999999994,14116,443759
2026-02-26 14:00:00,123.6,123.94999999999996,123.25000000000003,123.6,2009,443045
2026-02-26 15:00:00,123.6,124.25000000000011,123.20000000000007,123.94999999999996,749,442868
2026-02-26 15:15:00,123.9,124.14999999999992,123.64999999999995,123.9,57,443974
2026-02-27 10:30:00,124.05000000000001,124.24999999999997,123.19999999999993,123.70000000000005,19237,439196
2026-02-27 11:30:00,123.70000000000005,124.20000000000002,123.34999999999994,123.9,975,437647
2026-02-27 14:00:00,123.9,124.45000000000007,123.44999999999999,124.00000000000006,4730,437179
2026-02-27 15:00:00,124.00000000000006,124.60000000000008,123.39999999999989,123.99999999999991,77,438578
2026-02-27 15:15:00,123.99999999999991,124.20000000000002,123.70000000000005,123.9,7,438627
2026-03-02 10:30:00,124.14999999999992,125.0500000000001,123.64999999999995,124.45000000000007,3,440278
2026-03-02 11:30:00,124.45000000000007,125.04999999999995,124.10000000000011,124.60000000000008,102,445214
2026-03-02 14:00:00,124.65000000000003,124.85,124.29999999999993,124.39999999999998,11,447711
2026-03-02 15:00:00,124.45000000000007,124.60000000000008,124.24999999999997,124.39999999999998,199,450159
2026-03-02 15:15:00,124.39999999999998,124.65000000000003,124.30000000000007,124.50000000000003,19,451748
2026-03-03 10:30:00,124.54999999999998,125.04999999999995,123.9,124.55000000000013,5,452554
2026-03-03 11:30:00,124.55000000000013,124.85,124.15000000000006,124.34999999999988,52,453546
2026-03-03 14:00:00,124.34999999999988,124.69999999999999,124.10000000000011,124.35000000000002,274,454003
2026-03-03 15:00:00,124.29999999999993,124.74999999999994,124.20000000000002,124.35000000000002,2,455329
2026-03-03 15:15:00,124.39999999999998,124.54999999999998,124.24999999999997,124.35000000000002,43,456704
2026-03-04 10:30:00,124.35000000000002,124.69999999999999,123.75,124.15000000000006,180,457507
2026-03-04 11:30:00,124.15000000000006,124.80000000000004,123.55000000000004,124.09999999999997,225,460844
2026-03-04 14:00:00,124.09999999999997,124.54999999999998,123.9,124.19999999999987,30,465248
2026-03-04 15:00:00,124.20000000000002,124.45000000000007,123.99999999999991,124.29999999999993,2843,470306
2026-03-04 15:15:00,124.24999999999997,124.39999999999998,123.9500000000001,124.10000000000011,21,469767
2026-03-05 10:30:00,124.24999999999997,124.64999999999989,123.70000000000005,124.20000000000002,3,475071
2026-03-05 11:30:00,124.20000000000002,124.65000000000003,123.75,124.15000000000006,204,475385
2026-03-05 14:00:00,124.15000000000006,124.65000000000003,123.9500000000001,124.24999999999997,3,475799
2026-03-05 15:00:00,124.24999999999997,124.60000000000008,123.9,124.09999999999997,112,476775
2026-03-05 15:15:00,124.20000000000002,124.35000000000002,124.05000000000001,124.30000000000007,6,477107
2026-03-06 10:30:00,124.29999999999993,124.89999999999995,123.6,124.15000000000006,1,482814
2026-03-06 11:30:00,124.15000000000006,124.45000000000007,123.9500000000001,124.15000000000006,330,482183
2026-03-06 14:00:00,124.14999999999992,124.74999999999994,123.6,124.09999999999997,3,485623
2026-03-06 15:00:00,124.15000000000006,124.35000000000002,123.9,124.20000000000002,127,486466
2026-03-06 15:15:00,124.20000000000002,124.54999999999998,123.85000000000005,124.24999999999997,26,486343
2026-03-09 10:30:00,123.9500000000001,124.80000000000004,122.10000000000008,123.25000000000003,31328,477448
2026-03-09 11:30:00,123.25000000000003,123.6,122.7000000000001,123.25000000000003,152,473630
2026-03-09 14:00:00,123.25000000000003,123.79999999999995,122.65,123.40000000000003,12910,470037
2026-03-09 15:00:00,123.29999999999998,123.70000000000005,122.90000000000006,123.20000000000007,1156,468506
2026-03-09 15:15:00,123.20000000000007,123.55000000000004,123.05000000000007,123.34999999999994,18,469915
2026-03-10 10:30:00,123.75,124.35000000000002,122.60000000000005,123.44999999999999,21333,465960
2026-03-10 11:30:00,123.49999999999994,123.9,122.5,122.99999999999997,3727,462539
2026-03-10 14:00:00,122.99999999999997,123.65000000000009,122.65,123.19999999999993,6965,461289
2026-03-10 15:00:00,123.19999999999993,123.70000000000005,122.75000000000006,123.29999999999998,823,459577
2026-03-10 15:15:00,123.29999999999998,123.44999999999999,123.10000000000002,123.30000000000013,7,457847
2026-03-11 10:30:00,122.90000000000006,123.75,122.59999999999991,123.24999999999989,21246,457433
2026-03-11 11:30:00,123.25000000000003,123.64999999999995,122.80000000000001,123.19999999999993,11573,457008
2026-03-11 14:00:00,123.04999999999993,123.49999999999994,122.85000000000011,123.10000000000002,8177,456325
2026-03-11 15:00:00,123.10000000000002,123.40000000000003,122.90000000000006,123.25000000000003,14,454948
2026-03-11 15:15:00,123.19999999999993,123.29999999999998,123.04999999999993,123.15000000000012,37,453765
2026-03-12 10:30:00,123.05000000000007,123.94999999999996,122.39999999999995,123.29999999999998,16832,455043
2026-03-12 11:30:00,123.29999999999998,123.5499999999999,122.99999999999997,123.25000000000003,1240,454755
2026-03-12 14:00:00,123.25000000000003,123.70000000000005,122.80000000000001,123.20000000000007,2719,452727
2026-03-12 15:00:00,123.25000000000003,124.05000000000001,122.69999999999996,123.44999999999999,12061,453040
2026-03-12 15:15:00,123.44999999999999,123.64999999999995,123.25000000000003,123.40000000000003,26,451970
2026-03-13 10:30:00,123.14999999999998,123.55000000000004,122.69999999999996,123.04999999999993,14968,449981
2026-03-13 11:30:00,123.04999999999993,123.40000000000003,122.69999999999996,123.10000000000002,1031,447708
2026-03-13 14:00:00,123.10000000000002,123.29999999999998,122.5,122.80000000000001,10354,448519
2026-03-13 15:00:00,122.85000000000011,123.10000000000002,122.35,122.74999999999991,10,450003
2026-03-13 15:15:00,122.74999999999991,122.84999999999997,122.39999999999995,122.54999999999995,56,449111
2026-03-16 10:30:00,122.4499999999999,123.44999999999999,120.85000000000008,122.15000000000003,33873,450464
2026-03-16 11:30:00,122.15000000000003,122.65,121.70000000000002,122.19999999999999,16571,451957
2026-03-16 14:00:00,122.19999999999999,122.5500000000001,121.79999999999993,122.25000000000009,1780,453041
2026-03-16 15:00:00,122.19999999999999,122.45000000000005,121.85000000000002,122.09999999999994,8282,453021
2026-03-16 15:15:00,122.15000000000003,122.65,121.94999999999993,122.35,86,453277
2026-03-17 10:30:00,122.40000000000009,122.89999999999992,121.80000000000007,122.19999999999999,18372,453531
2026-03-17 11:30:00,122.24999999999994,122.60000000000005,121.89999999999998,122.2999999999999,10863,453435
2026-03-17 14:00:00,122.2999999999999,122.54999999999995,121.89999999999998,122.15000000000003,9681,455201
2026-03-17 15:00:00,122.19999999999999,122.74999999999991,121.85000000000002,122.35,6492,455770
2026-03-17 15:15:00,122.35,122.54999999999995,122.25000000000009,122.35,64,455405
2026-03-18 10:30:00,122.30000000000004,122.84999999999997,121.85000000000002,122.5,1,456021
2026-03-18 11:30:00,122.5,122.99999999999997,122.00000000000003,122.59999999999991,118,457124
2026-03-18 14:00:00,122.59999999999991,123.00000000000011,122.04999999999998,122.59999999999991,247,457339
2026-03-18 15:00:00,122.59999999999991,122.84999999999997,122.45000000000005,122.69999999999996,174,458797
2026-03-18 15:15:00,122.69999999999996,122.84999999999997,122.54999999999995,122.69999999999996,33,458988
2026-03-19 10:30:00,122.40000000000009,123.85000000000005,121.49999999999991,122.90000000000006,89,458345
2026-03-19 11:30:00,122.84999999999997,123.44999999999999,122.45000000000005,123.14999999999998,163,460852
2026-03-19 14:00:00,123.14999999999998,123.49999999999994,122.80000000000001,123.10000000000002,5,461717
2026-03-19 15:00:00,123.10000000000002,123.39999999999989,122.7000000000001,122.95000000000002,1481,465222
2026-03-19 15:15:00,122.99999999999997,123.19999999999993,122.65,122.74999999999991,38,465993
2026-03-20 10:30:00,122.80000000000001,123.50000000000009,122.00000000000003,122.65,22161,466808
2026-03-20 11:30:00,122.7000000000001,122.99999999999997,122.35,122.59999999999991,3064,463602
2026-03-20 14:00:00,122.59999999999991,122.95000000000002,122.25000000000009,122.60000000000005,5763,463887
2026-03-20 15:00:00,122.54999999999995,122.95000000000002,122.09999999999994,122.65,108,463102
2026-03-20 15:15:00,122.65,122.89999999999992,122.39999999999995,122.69999999999996,1290,462789
2026-03-23 10:30:00,122.95000000000002,123.70000000000005,121.70000000000002,122.45000000000005,31702,460524
2026-03-23 11:30:00,122.45000000000005,122.75000000000006,121.70000000000002,122.2999999999999,3669,459998
2026-03-23 14:00:00,122.24999999999994,122.80000000000001,121.54999999999987,122.19999999999999,20983,457399
2026-03-23 15:00:00,122.19999999999999,122.95000000000002,121.55000000000001,122.15000000000003,248,458356
2026-03-23 15:15:00,122.19999999999999,122.80000000000001,121.89999999999998,122.24999999999994,72,457013
2026-03-24 10:30:00,122.20000000000013,123.10000000000002,121.34999999999991,122.24999999999994,24865,457592
2026-03-24 11:30:00,122.24999999999994,122.99999999999997,121.74999999999997,122.5,5611,457176
2026-03-24 14:00:00,122.4499999999999,122.99999999999997,121.99999999999989,122.5,11289,456339
2026-03-24 15:00:00,122.59999999999991,122.84999999999997,122.25000000000009,122.69999999999996,779,455094
2026-03-24 15:15:00,122.69999999999996,122.74999999999991,122.30000000000004,122.5,3,454480
2026-03-25 10:30:00,122.54999999999995,123.10000000000002,122.30000000000004,122.84999999999997,20900,456049
2026-03-25 11:30:00,122.84999999999997,123.09999999999988,122.39999999999995,122.80000000000001,364,455765
2026-03-25 14:00:00,122.84999999999997,123.14999999999998,122.45000000000005,122.85000000000011,801,456323
2026-03-25 15:00:00,122.85000000000011,122.95000000000002,122.35,122.45000000000005,853,453925
2026-03-25 15:15:00,122.45000000000005,122.75000000000006,122.35,122.5,16,454143
2026-03-26 10:30:00,122.54999999999995,123.64999999999995,121.89999999999998,123.00000000000011,23473,455164
2026-03-26 11:30:00,123.00000000000011,123.35000000000008,122.7000000000001,122.95000000000002,2380,454726
2026-03-26 14:00:00,122.95000000000002,123.19999999999993,122.65,122.85000000000011,5313,453668
2026-03-26 15:00:00,122.90000000000006,123.15000000000012,122.60000000000005,122.84999999999997,2830,453209
2026-03-26 15:15:00,122.84999999999997,122.89999999999992,122.69999999999996,122.75000000000006,470,452697
2026-03-27 10:30:00,122.54999999999995,123.25000000000003,122.15000000000003,122.60000000000005,20073,450404
2026-03-27 11:30:00,122.65,123.04999999999993,122.30000000000004,122.65,10392,450478
2026-03-27 14:00:00,122.65,123.00000000000011,122.04999999999998,122.45000000000005,6752,451280
2026-03-27 15:00:00,122.45000000000005,122.65,122.09999999999994,122.45000000000005,1358,452005
2026-03-27 15:15:00,122.45000000000005,122.60000000000005,122.15000000000003,122.35,23,452818
2026-03-30 10:30:00,122.65,123.49999999999994,121.70000000000002,122.80000000000001,30636,454600
2026-03-30 11:30:00,122.75000000000006,122.99999999999997,122.25000000000009,122.5,3857,456204
2026-03-30 14:00:00,122.5,122.89999999999992,122.10000000000008,122.5,10439,456510
2026-03-30 15:00:00,122.74999999999991,123.04999999999993,122.25000000000009,122.85000000000011,3684,459998
2026-03-30 15:15:00,122.85000000000011,123.20000000000007,122.65,122.99999999999997,2060,463813
2026-03-31 10:30:00,123.05000000000007,123.70000000000005,122.40000000000009,122.99999999999997,25384,471281
2026-03-31 11:30:00,123.05000000000007,123.49999999999994,122.54999999999995,123.10000000000002,9298,473576
2026-03-31 14:00:00,123.10000000000002,123.34999999999994,122.75000000000006,123.05000000000007,8033,474484
2026-03-31 15:00:00,123.05000000000007,123.35000000000008,122.5500000000001,122.99999999999997,666,474951
2026-03-31 15:15:00,122.99999999999997,123.29999999999998,122.75000000000006,122.95000000000002,11,475882
2026-04-01 10:30:00,122.85000000000011,123.40000000000003,122.25000000000009,122.74999999999991,24027,480856
2026-04-01 11:30:00,122.74999999999991,123.44999999999999,122.00000000000003,122.7000000000001,8133,479624
2026-04-01 14:00:00,122.7000000000001,123.10000000000002,122.04999999999998,122.5500000000001,10970,477661
2026-04-01 15:00:00,122.40000000000009,122.84999999999997,122.04999999999998,122.45000000000005,3948,472430
2026-04-01 15:15:00,122.35,122.54999999999995,122.19999999999999,122.30000000000004,24,469323
2026-04-02 10:30:00,122.5,123.09999999999988,121.65000000000006,122.30000000000004,27007,466675
2026-04-02 11:30:00,122.35000000000014,122.64999999999986,122.10000000000008,122.45000000000005,13157,463415
2026-04-02 14:00:00,122.39999999999995,122.90000000000006,122.04999999999998,122.25000000000009,13782,463460
2026-04-02 15:00:00,122.25000000000009,123.04999999999993,121.70000000000002,122.35,75,460676
2026-04-02 15:15:00,122.2999999999999,122.5500000000001,121.94999999999993,122.25000000000009,25,458425
2026-04-03 10:30:00,122.19999999999999,122.80000000000001,121.89999999999998,122.4499999999999,25883,457314
2026-04-03 11:30:00,122.4499999999999,122.69999999999996,122.04999999999998,122.39999999999995,12867,456395
2026-04-03 14:00:00,122.35,122.99999999999997,122.09999999999994,122.60000000000005,9905,457062
2026-04-03 15:00:00,122.60000000000005,123.10000000000002,121.85000000000002,122.45000000000005,19751,455518
2026-04-03 15:15:00,122.45000000000005,123.04999999999993,122.09999999999994,122.69999999999996,8,455047
2026-04-07 10:30:00,122.5,124.29999999999993,121.59999999999997,122.65,24250,453495
2026-04-07 11:30:00,122.65,123.44999999999999,122.30000000000004,122.99999999999997,10414,453033
2026-04-07 14:00:00,122.99999999999997,123.45000000000013,122.7000000000001,122.95000000000002,6157,455995
2026-04-07 15:00:00,122.95000000000002,123.19999999999993,122.69999999999996,122.95000000000002,51,457465
2026-04-07 15:15:00,122.99999999999997,123.30000000000013,122.80000000000001,122.99999999999997,13,458058
2026-04-08 10:30:00,122.95000000000002,123.6,122.69999999999996,123.25000000000003,3,464493
2026-04-08 11:30:00,123.25000000000003,123.50000000000009,123.04999999999993,123.20000000000007,166,465826
2026-04-08 14:00:00,123.25000000000003,123.6,122.95000000000002,123.40000000000003,3,468133
2026-04-08 15:00:00,123.34999999999994,123.70000000000005,122.95000000000002,123.30000000000013,469,469128
2026-04-08 15:15:00,123.30000000000013,123.75,123.20000000000007,123.55000000000004,63,470646
2026-04-09 10:30:00,123.55000000000004,124.09999999999997,122.69999999999996,123.20000000000007,16090,470648
2026-04-09 11:30:00,123.20000000000007,123.55000000000004,122.60000000000005,122.95000000000002,1909,470566
2026-04-09 14:00:00,122.90000000000006,123.34999999999994,122.69999999999996,123.14999999999998,1636,471243
2026-04-09 15:00:00,123.14999999999998,124.20000000000002,121.99999999999989,123.14999999999998,100,470806
2026-04-09 15:15:00,123.14999999999998,123.44999999999999,122.80000000000001,123.05000000000007,58,471991
2026-04-10 10:30:00,122.95000000000002,124.35000000000002,122.4499999999999,123.35000000000008,30596,478602
2026-04-10 11:30:00,123.35000000000008,123.85000000000005,122.90000000000006,123.44999999999999,15010,477359
2026-04-10 14:00:00,123.49999999999994,123.84999999999991,122.99999999999997,123.45000000000013,1324,479265
2026-04-10 15:00:00,123.45000000000013,123.8000000000001,122.80000000000001,123.34999999999994,1465,480533
2026-04-10 15:15:00,123.34999999999994,123.6,123.10000000000002,123.35000000000008,18,481107
2026-04-13 10:30:00,123.35000000000008,124.64999999999989,122.35,123.6999999999999,30161,484358
2026-04-13 11:30:00,123.75,123.9500000000001,123.34999999999994,123.49999999999994,12822,483656
2026-04-13 14:00:00,123.44999999999999,123.9,123.25000000000003,123.5499999999999,7604,484797
2026-04-13 15:00:00,123.5499999999999,123.75,123.04999999999993,123.34999999999994,1166,483773
2026-04-13 15:15:00,123.34999999999994,123.79999999999995,123.10000000000002,123.5499999999999,124,483826
2026-04-14 10:30:00,123.39999999999989,124.69999999999999,122.5,123.79999999999995,35179,483914
2026-04-14 11:30:00,123.79999999999995,124.7999999999999,123.29999999999998,124.24999999999997,2068,488081
2026-04-14 14:00:00,124.24999999999997,125.30000000000001,123.75,124.69999999999999,2748,501816
2026-04-14 15:00:00,124.69999999999999,125.0500000000001,124.09999999999997,124.29999999999993,129,505496
2026-04-14 15:15:00,124.29999999999993,124.54999999999998,123.94999999999996,124.25000000000011,6436,505841
2026-04-15 10:30:00,123.9,124.69999999999999,123.65000000000009,124.30000000000007,1,507468
2026-04-15 11:30:00,124.30000000000007,124.85,124.05000000000001,124.30000000000007,86,507017
2026-04-15 14:00:00,124.24999999999997,124.89999999999995,123.55000000000004,124.20000000000002,41,513983
2026-04-15 15:00:00,124.20000000000002,124.65000000000003,123.79999999999995,124.30000000000007,701,516660
2026-04-15 15:15:00,124.30000000000007,124.49999999999989,124.14999999999992,124.44999999999993,53,517048
2026-04-16 10:30:00,124.05000000000001,124.69999999999999,123.5499999999999,124.14999999999992,26238,518335
2026-04-16 11:30:00,124.14999999999992,124.89999999999995,123.75,124.45000000000007,3395,522623
2026-04-16 14:00:00,124.45000000000007,124.75000000000009,124.05000000000001,124.35000000000002,7039,523964
2026-04-16 15:00:00,124.35000000000002,124.80000000000004,123.64999999999995,124.10000000000011,33,525296
2026-04-16 15:15:00,124.10000000000011,124.34999999999988,123.84999999999991,123.94999999999996,38,525717
2026-04-17 10:30:00,124.09999999999997,125.04999999999995,123.70000000000005,124.59999999999994,16725,531400
2026-04-17 11:30:00,124.59999999999994,124.85,124.09999999999997,124.45000000000007,10564,533910
2026-04-17 14:00:00,124.54999999999998,124.74999999999994,124.30000000000007,124.69999999999999,323,537202
2026-04-17 15:00:00,124.65000000000003,125.49999999999997,124.30000000000007,125.09999999999991,542,541783
2026-04-17 15:15:00,125.04999999999995,125.35000000000011,124.69999999999999,125.15,13,542591
2026-04-20 10:30:00,125.34999999999997,126.1,124.39999999999998,125.04999999999995,26106,543584
2026-04-20 11:30:00,125.10000000000005,125.40000000000006,124.85,125.09999999999991,9022,543026
2026-04-20 14:00:00,125.09999999999991,125.45000000000002,124.80000000000004,125.0500000000001,1289,541998
2026-04-20 15:00:00,125.10000000000005,125.34999999999997,124.89999999999995,125.15,166,542559
2026-04-20 15:15:00,125.15,125.34999999999997,124.89999999999995,125.15,29,542707
2026-04-21 10:30:00,125.24999999999991,125.94999999999999,124.89999999999995,125.60000000000002,20400,550171
2026-04-21 11:30:00,125.64999999999998,125.79999999999998,125.19999999999996,125.55000000000007,8814,551681
2026-04-21 14:00:00,125.49999999999997,125.79999999999998,125.15,125.55000000000007,2555,551835
2026-04-21 15:00:00,125.55000000000007,125.90000000000003,124.89999999999995,125.39999999999992,1064,550990
2026-04-21 15:15:00,125.39999999999992,125.60000000000002,125.10000000000005,125.39999999999992,11,550404
2026-04-22 10:30:00,125.70000000000007,126.35000000000005,125.10000000000005,126.00000000000009,20514,554488
2026-04-22 11:30:00,126.00000000000009,126.50000000000006,125.19999999999996,125.64999999999998,1730,554691
2026-04-22 14:00:00,125.79999999999998,125.99999999999994,125.25000000000006,125.50000000000011,7883,555591
2026-04-22 15:00:00,125.50000000000011,126.25,125.09999999999991,125.79999999999998,1,557235
2026-04-22 15:15:00,125.74999999999989,125.94999999999999,125.59999999999988,125.70000000000007,56,557555
2026-04-23 10:30:00,125.60000000000002,126.15000000000009,124.90000000000009,125.34999999999997,30,555611
2026-04-23 11:30:00,125.34999999999997,125.65000000000012,125.04999999999995,125.15,354,556425
2026-04-23 14:00:00,125.24999999999991,125.60000000000002,124.85,125.30000000000001,253,557458
2026-04-23 15:00:00,125.30000000000001,125.60000000000002,125.04999999999995,125.24999999999991,545,556912
2026-04-23 15:15:00,125.24999999999991,125.60000000000002,124.64999999999989,125.10000000000005,27,555426
2026-04-24 10:30:00,125.24999999999991,126.0499999999999,124.54999999999998,125.25000000000006,22537,559552
2026-04-24 11:30:00,125.2000000000001,125.54999999999993,124.89999999999995,125.25000000000006,1403,559006
2026-04-24 14:00:00,125.10000000000005,125.60000000000002,124.65000000000003,125.0,4892,558996
2026-04-24 15:00:00,125.0,125.60000000000002,124.09999999999997,124.89999999999995,586,558701
2026-04-24 15:15:00,124.89999999999995,125.10000000000005,124.54999999999998,124.59999999999994,32,559690
2026-04-27 10:30:00,124.40000000000012,125.49999999999997,123.9,124.55000000000013,25233,557113
2026-04-27 11:30:00,124.55000000000013,125.34999999999997,123.65000000000009,124.39999999999998,18380,555982
2026-04-27 14:00:00,124.44999999999993,124.85,123.79999999999995,124.24999999999997,633,551468
2026-04-27 15:00:00,124.24999999999997,124.85,123.20000000000007,123.85000000000005,299,544627
2026-04-27 15:15:00,123.79999999999995,124.50000000000003,123.50000000000009,124.00000000000006,18,540839
2026-04-28 10:30:00,124.35000000000002,124.74999999999994,123.35000000000008,123.75,38478,536018
2026-04-28 11:30:00,123.6999999999999,124.20000000000002,123.40000000000003,123.9500000000001,13290,534158
2026-04-28 14:00:00,124.05000000000001,124.35000000000002,123.44999999999999,124.00000000000006,6134,533568
2026-04-28 15:00:00,124.00000000000006,124.49999999999989,123.79999999999995,124.14999999999992,3,532833
2026-04-28 15:15:00,124.14999999999992,124.39999999999998,123.8000000000001,124.05000000000001,111,532087
2026-04-29 10:30:00,124.05000000000001,124.65000000000003,123.25000000000003,124.05000000000001,23681,530519
2026-04-29 11:30:00,124.05000000000001,124.44999999999993,123.5499999999999,123.99999999999991,12971,527926
2026-04-29 14:00:00,123.9,124.35000000000002,123.75,124.10000000000011,2552,527001
2026-04-29 15:00:00,124.10000000000011,124.60000000000008,123.64999999999995,124.15000000000006,390,526212
2026-04-29 15:15:00,124.15000000000006,124.40000000000012,123.9500000000001,124.29999999999993,37,525488
2026-04-30 10:30:00,124.05000000000001,124.65000000000003,123.25000000000003,124.20000000000002,24728,526353
2026-04-30 11:30:00,124.20000000000002,124.50000000000003,123.5499999999999,123.9,777,525148
2026-04-30 14:00:00,123.9,124.15000000000006,123.35000000000008,123.6999999999999,6528,525949
2026-04-30 15:00:00,123.75,124.19999999999987,123.49999999999994,124.09999999999997,5,521635
2026-04-30 15:15:00,124.05000000000001,124.44999999999993,123.65000000000009,124.00000000000006,44,521162
2026-05-06 10:30:00,122.7000000000001,124.69999999999999,122.5,124.15000000000006,32733,519495
2026-05-06 11:30:00,124.09999999999997,124.65000000000003,123.29999999999998,123.85000000000005,3755,516155
2026-05-06 14:00:00,123.79999999999995,124.69999999999999,123.04999999999993,123.99999999999991,11399,513301
2026-05-06 15:00:00,123.99999999999991,124.39999999999998,123.70000000000005,124.19999999999987,3724,512848
2026-05-06 15:15:00,124.19999999999987,124.29999999999993,123.6,123.85000000000005,6,512971
2026-05-07 10:30:00,123.94999999999996,124.60000000000008,123.29999999999998,124.09999999999997,17049,511399
2026-05-07 11:30:00,124.15000000000006,124.54999999999998,123.44999999999999,124.04999999999987,13198,510177
2026-05-07 14:00:00,123.99999999999991,124.29999999999993,123.49999999999994,123.75,5134,508225
2026-05-07 15:00:00,123.8000000000001,124.24999999999997,123.5499999999999,123.9,526,506768
2026-05-07 15:15:00,123.9,124.15000000000006,123.6999999999999,123.9,8,504717
2026-05-08 10:30:00,124.00000000000006,124.95000000000005,123.6,124.29999999999993,64,508856
2026-05-08 11:30:00,124.29999999999993,124.80000000000004,123.85000000000005,124.14999999999992,103,509196
2026-05-08 14:00:00,124.09999999999997,124.45000000000007,123.75,124.09999999999997,2,506442
2026-05-08 15:00:00,124.14999999999992,124.35000000000002,123.8000000000001,123.94999999999996,244,505146
2026-05-08 15:15:00,123.9,124.20000000000002,123.6,123.85000000000005,13,502925
2026-05-11 10:30:00,123.55000000000004,124.39999999999998,122.74999999999991,123.6,31753,499713
2026-05-11 11:30:00,123.6,124.30000000000007,123.25000000000003,123.9,14205,498310
2026-05-11 14:00:00,123.99999999999991,124.69999999999999,123.44999999999999,124.09999999999997,11788,500587
2026-05-11 15:00:00,124.14999999999992,124.60000000000008,124.00000000000006,124.44999999999993,203,499668
2026-05-11 15:15:00,124.44999999999993,124.65000000000003,124.20000000000002,124.54999999999998,3,498815
2026-05-12 10:30:00,124.50000000000003,124.85,124.00000000000006,124.30000000000007,1,495396
2026-05-12 11:30:00,124.30000000000007,124.89999999999995,124.00000000000006,124.59999999999994,41,493506
2026-05-12 14:00:00,124.64999999999989,125.0500000000001,124.24999999999997,124.80000000000004,5,492209
2026-05-12 15:00:00,124.80000000000004,125.15,124.50000000000003,124.80000000000004,44,489300
2026-05-12 15:15:00,124.80000000000004,125.0500000000001,124.45000000000007,124.74999999999994,2,488325
2026-05-13 10:30:00,124.85,125.54999999999993,124.24999999999997,124.80000000000004,28307,493677
2026-05-13 11:30:00,124.80000000000004,124.95000000000005,124.45000000000007,124.74999999999994,11899,492877
2026-05-13 14:00:00,124.74999999999994,125.15,124.39999999999998,124.80000000000004,9712,493279
2026-05-13 15:00:00,124.7999999999999,125.15,124.60000000000008,124.80000000000004,24,492203
2026-05-13 15:15:00,124.75000000000009,125.04999999999995,124.65000000000003,124.89999999999995,14,492519
2026-05-14 10:30:00,124.85,125.34999999999997,124.39999999999998,124.80000000000004,24477,491617
2026-05-14 11:30:00,124.85000000000014,125.15,124.54999999999998,124.85,13365,489263
2026-05-14 14:00:00,124.85,125.19999999999996,124.09999999999997,124.54999999999998,5769,488142
2026-05-14 15:00:00,124.50000000000003,124.80000000000004,124.24999999999997,124.65000000000003,1919,482599
2026-05-14 15:15:00,124.69999999999999,124.85,124.29999999999993,124.65000000000003,103,482763
2026-05-15 10:30:00,124.95000000000005,125.60000000000002,124.15000000000006,125.09999999999991,34211,490848
2026-05-15 11:30:00,125.09999999999991,125.19999999999996,124.69999999999999,124.9499999999999,5892,489071
2026-05-15 14:00:00,124.9499999999999,125.30000000000001,124.44999999999993,124.85,167,487544
2026-05-15 15:00:00,124.7999999999999,125.35000000000011,124.15000000000006,124.64999999999989,1129,485979
2026-05-15 15:15:00,124.64999999999989,125.0,124.15000000000006,124.39999999999998,8,484039
2026-05-18 10:30:00,124.05000000000001,125.0,123.65000000000009,124.49999999999989,32208,472415
2026-05-18 11:30:00,124.49999999999989,125.04999999999995,124.00000000000006,124.35000000000002,19668,467437
2026-05-18 14:00:00,124.35000000000002,125.04999999999995,123.75,124.44999999999993,13498,463593
2026-05-18 15:00:00,124.49999999999989,125.39999999999992,124.05000000000001,125.0,1436,458715
2026-05-18 15:15:00,124.95000000000005,125.25000000000006,124.54999999999998,124.9499999999999,1,456590
2026-05-19 10:30:00,125.39999999999992,125.99999999999994,124.49999999999989,125.45000000000002,25094,454189
2026-05-19 11:30:00,125.40000000000006,126.14999999999995,125.10000000000005,125.84999999999994,18098,446669
2026-05-19 14:00:00,125.84999999999994,126.3000000000001,125.24999999999991,125.60000000000002,13923,438177
2026-05-19 15:00:00,125.60000000000002,126.15000000000009,125.24999999999991,125.90000000000003,12123,427871
2026-05-19 15:15:00,125.90000000000003,126.1,125.64999999999998,125.84999999999994,18,425977
2026-05-20 10:30:00,125.60000000000002,126.25,125.04999999999995,125.69999999999993,1,421689
2026-05-20 11:30:00,125.60000000000002,126.44999999999996,125.24999999999991,125.95000000000013,337,417705
2026-05-20 14:00:00,125.85000000000008,126.35000000000005,125.64999999999998,125.90000000000003,274,415598
2026-05-20 15:00:00,125.60000000000002,125.84999999999994,125.30000000000001,125.55000000000007,1,406906
2026-05-20 15:15:00,125.55000000000007,125.64999999999998,125.34999999999997,125.45000000000002,634,405888
2026-05-21 10:30:00,125.64999999999998,126.44999999999996,124.59999999999994,125.30000000000001,22447,398648
2026-05-21 11:30:00,125.30000000000001,126.1,124.29999999999993,125.19999999999996,21695,387982
2026-05-21 14:00:00,125.15,125.54999999999993,124.44999999999993,124.69999999999999,12,379405
2026-05-21 15:00:00,124.59999999999994,125.2000000000001,124.35000000000002,124.85,996,371847
2026-05-21 15:15:00,124.85,125.24999999999991,124.54999999999998,124.89999999999995,11,368741
2026-05-22 10:30:00,124.85,125.49999999999997,124.20000000000002,124.85,30400,345467
2026-05-22 11:30:00,124.85,125.25000000000006,124.39999999999998,124.89999999999995,19999,328093
2026-05-22 14:00:00,124.89999999999995,125.15,124.54999999999998,124.95000000000005,12315,318892
2026-05-22 15:00:00,124.95000000000005,125.24999999999991,124.60000000000008,124.69999999999999,161,293903
2026-05-22 15:15:00,124.69999999999999,124.95000000000005,124.65000000000003,124.75000000000009,81,289377
2026-05-25 10:30:00,126.25,126.85000000000002,125.09999999999991,126.15000000000009,31698,399089
2026-05-25 11:30:00,126.20000000000005,126.84999999999988,125.60000000000002,126.20000000000005,956,413694
2026-05-25 14:00:00,126.20000000000005,126.55000000000001,126.05000000000004,126.35000000000005,3,419733
2026-05-25 15:00:00,126.25,126.80000000000007,125.90000000000003,126.44999999999996,1117,436100
2026-05-25 15:15:00,126.44999999999996,126.65000000000006,126.1999999999999,126.35000000000005,4,439381
2026-05-26 10:30:00,126.4,127.19999999999999,125.84999999999994,126.35000000000005,323,470902
2026-05-26 11:30:00,126.4,126.75000000000011,126.15000000000009,126.49999999999991,158,483497
2026-05-26 14:00:00,126.55000000000001,126.85000000000002,126.15000000000009,126.50000000000006,1243,492454
2026-05-26 15:00:00,126.4500000000001,126.74999999999997,126.1999999999999,126.49999999999991,62,501097
2026-05-26 15:15:00,126.49999999999991,126.64999999999992,126.14999999999995,126.3000000000001,35,503760
2026-05-27 10:30:00,126.49999999999991,127.35,126.1,126.74999999999997,44789,529084
2026-05-27 11:30:00,126.79999999999993,127.19999999999999,126.35000000000005,126.80000000000007,10454,535349
2026-05-27 14:00:00,126.85000000000002,127.10000000000008,126.59999999999997,126.85000000000002,11400,539911
2026-05-27 15:00:00,126.75000000000011,127.74999999999991,126.35000000000005,127.19999999999999,2859,548504
2026-05-27 15:15:00,127.04999999999998,127.35,126.84999999999988,127.04999999999998,6,552402
2026-05-28 10:30:00,127.10000000000008,128.10000000000002,126.4500000000001,127.24999999999994,32430,560787
2026-05-28 11:30:00,127.19999999999999,127.65,126.65000000000006,127.10000000000008,10915,566245
2026-05-28 14:00:00,127.10000000000008,127.40000000000009,126.79999999999993,127.30000000000004,15804,566931
2026-05-28 15:00:00,127.15000000000003,127.69999999999996,126.85000000000002,127.30000000000004,39,572888
2026-05-28 15:15:00,127.30000000000004,127.4499999999999,127.04999999999998,127.19999999999999,19,572577
2026-05-29 10:30:00,127.00000000000003,128.35000000000008,126.3000000000001,127.39999999999995,33274,579741
2026-05-29 11:30:00,127.4499999999999,128.05000000000007,126.80000000000007,127.40000000000009,20944,582461
2026-05-29 14:00:00,127.39999999999995,127.89999999999992,127.00000000000003,127.35,5244,583119
2026-05-29 15:00:00,127.35,127.99999999999997,127.00000000000003,127.69999999999996,1015,586736
2026-05-29 15:15:00,127.65,127.84999999999997,127.39999999999995,127.5,6,586069
2026-06-01 10:30:00,127.75000000000006,128.6,127.25000000000009,128.10000000000002,3,590854
2026-06-01 11:30:00,128.10000000000002,128.6,127.60000000000005,127.99999999999997,38,590171
2026-06-01 14:00:00,127.99999999999997,128.45,127.64999999999986,128.09999999999988,1204,590045
2026-06-01 15:00:00,128.09999999999988,128.6500000000001,127.69999999999996,128.05000000000007,1489,592155
2026-06-01 15:15:00,127.99999999999997,128.2499999999999,127.74999999999991,127.89999999999992,78,591276
2026-06-02 10:30:00,127.99999999999997,128.79999999999995,127.4499999999999,127.99999999999997,3,595439
2026-06-02 11:30:00,127.99999999999997,128.3999999999999,127.69999999999996,128.04999999999993,5,596211
2026-06-02 14:00:00,128.10000000000002,128.55000000000004,127.65,128.19999999999993,133,600066
2026-06-02 15:00:00,128.14999999999998,128.6,127.90000000000006,128.25000000000003,1754,604241
2026-06-02 15:15:00,128.25000000000003,128.50000000000009,128.10000000000002,128.30000000000013,94,605093
2026-06-03 10:30:00,128.10000000000002,128.94999999999996,127.10000000000008,127.99999999999997,33301,608871
2026-06-03 11:30:00,127.99999999999997,128.29999999999998,127.5,127.89999999999992,16336,607136
2026-06-03 14:00:00,127.89999999999992,128.34999999999994,127.40000000000009,127.89999999999992,1193,609497
2026-06-03 15:00:00,127.89999999999992,128.20000000000007,127.64999999999986,127.95000000000002,344,610499
2026-06-03 15:15:00,127.95000000000002,128.14999999999998,127.80000000000001,127.99999999999997,14,610109
2026-06-04 10:30:00,128.19999999999993,128.3999999999999,127.19999999999999,127.80000000000001,23121,607883
2026-06-04 11:30:00,127.80000000000001,128.79999999999995,127.09999999999994,128.14999999999998,177,610565
2026-06-04 14:00:00,128.09999999999988,128.40000000000003,127.99999999999997,128.14999999999998,1,614272
2026-06-04 15:00:00,128.14999999999998,128.70000000000005,127.75000000000006,128.25000000000003,1461,621830
2026-06-04 15:15:00,128.25000000000003,128.35000000000008,128.10000000000002,128.20000000000007,169,624416
2026-06-05 10:30:00,127.99999999999997,128.70000000000005,127.24999999999994,127.99999999999997,1,622035
2026-06-05 11:30:00,127.99999999999997,128.64999999999995,127.25000000000009,128.0000000000001,106,616064
2026-06-05 14:00:00,127.95000000000002,128.2499999999999,127.5500000000001,127.95000000000002,1243,614260
2026-06-05 15:00:00,127.90000000000006,128.70000000000005,127.20000000000013,127.94999999999987,28,622850
2026-06-05 15:15:00,127.99999999999997,128.14999999999998,127.75000000000006,127.99999999999997,6,623739
2026-06-08 10:30:00,127.75000000000006,128.75,126.59999999999997,127.60000000000005,39451,612117
2026-06-08 11:30:00,127.60000000000005,128.50000000000009,126.94999999999993,127.99999999999997,22782,612456
2026-06-08 14:00:00,127.99999999999997,128.64999999999995,126.65000000000006,127.45000000000005,3269,608422
2026-06-08 15:00:00,127.45000000000005,128.25000000000003,126.89999999999998,127.7000000000001,761,610393
2026-06-08 15:15:00,127.7000000000001,127.84999999999997,127.35,127.54999999999995,36,610427
2026-06-09 10:30:00,127.45000000000005,128.04999999999993,127.04999999999998,127.4499999999999,23477,613051
2026-06-09 11:30:00,127.4499999999999,127.7000000000001,127.00000000000003,127.30000000000004,3414,610648
2026-06-09 14:00:00,127.24999999999994,127.65,126.85000000000002,127.25000000000009,10758,608333
2026-06-09 15:00:00,127.30000000000004,127.69999999999996,126.89999999999998,127.24999999999994,8097,611014
2026-06-09 15:15:00,127.24999999999994,127.60000000000005,126.74999999999997,127.04999999999998,4,611376
2026-06-10 10:30:00,127.19999999999999,127.74999999999991,126.60000000000011,127.24999999999994,24074,609541
2026-06-10 11:30:00,127.24999999999994,128.15000000000012,125.94999999999999,127.00000000000003,27561,599362
2026-06-10 14:00:00,126.95000000000007,127.60000000000005,126.55000000000001,127.24999999999994,7509,595756
2026-06-10 15:00:00,127.19999999999999,127.80000000000001,126.15000000000009,126.85000000000002,870,590586
2026-06-10 15:15:00,126.85000000000002,127.04999999999998,126.39999999999986,126.69999999999987,1,588385
2026-06-11 10:30:00,126.49999999999991,127.54999999999995,125.85000000000008,126.60000000000011,35001,582952
2026-06-11 11:30:00,126.60000000000011,127.24999999999994,126.1,126.70000000000002,8938,577038
2026-06-11 14:00:00,126.70000000000002,127.24999999999994,126.14999999999995,126.79999999999993,13850,573603
2026-06-11 15:00:00,126.89999999999998,127.59999999999991,125.75000000000003,126.55000000000001,2059,566981
2026-06-11 15:15:00,126.65000000000006,126.94999999999993,126.4,126.70000000000002,35,564874
2026-06-12 10:30:00,126.89999999999998,127.5,126.25,127.00000000000003,23722,562306
2026-06-12 11:30:00,127.04999999999998,127.45000000000005,126.35000000000005,126.99999999999989,6402,558777
2026-06-12 14:00:00,126.94999999999993,127.54999999999995,126.29999999999995,126.95000000000007,14139,554681
2026-06-12 15:00:00,126.85000000000002,127.65,126.20000000000005,127.04999999999998,1815,551220
2026-06-12 15:15:00,127.09999999999994,127.5,126.75000000000011,127.04999999999998,62,551271
2026-06-15 10:30:00,126.85000000000002,127.84999999999997,126.25,127.04999999999998,29783,547394
2026-06-15 11:30:00,127.04999999999998,127.39999999999995,126.54999999999987,126.94999999999993,6544,545275
2026-06-15 14:00:00,127.04999999999998,127.24999999999994,126.70000000000002,126.95000000000007,8648,543927
2026-06-15 15:00:00,126.85000000000002,127.45000000000005,126.55000000000001,127.14999999999989,315,542854
2026-06-15 15:15:00,127.14999999999989,127.30000000000004,126.89999999999998,127.19999999999999,100,542719
2026-06-16 10:30:00,127.15000000000003,128.05000000000007,126.49999999999991,127.40000000000009,23874,543190
2026-06-16 11:30:00,127.40000000000009,127.7000000000001,127.00000000000003,127.24999999999994,1441,541181
2026-06-16 14:00:00,127.2999999999999,127.69999999999996,126.69999999999987,127.25000000000009,618,541750
2026-06-16 15:00:00,127.19999999999999,128.45,126.14999999999995,127.39999999999995,3238,544635
2026-06-16 15:15:00,127.30000000000004,127.60000000000005,127.04999999999998,127.24999999999994,2162,544765
2026-06-17 10:30:00,127.19999999999999,128.0000000000001,126.79999999999993,127.30000000000004,21062,551309
2026-06-17 11:30:00,127.30000000000004,127.89999999999992,126.79999999999993,127.39999999999995,521,553149
2026-06-17 14:00:00,127.39999999999995,127.80000000000001,126.95000000000007,127.39999999999995,9976,553369
2026-06-17 15:00:00,127.35,127.84999999999997,127.04999999999998,127.5500000000001,3771,554131
2026-06-17 15:15:00,127.60000000000005,127.90000000000006,127.39999999999995,127.75000000000006,3,555445
2026-06-18 10:30:00,127.65,128.10000000000002,127.19999999999999,127.65,1,558298
2026-06-18 11:30:00,127.59999999999991,127.95000000000002,126.99999999999989,127.5,416,560238
2026-06-18 14:00:00,127.5,127.7000000000001,127.24999999999994,127.39999999999995,544,561708
2026-06-18 15:00:00,127.45000000000005,127.75000000000006,127.04999999999998,127.40000000000009,584,563718
2026-06-18 15:15:00,127.40000000000009,127.59999999999991,127.25000000000009,127.35000000000014,31,564408
2026-06-22 10:30:00,127.35,127.95000000000002,126.20000000000005,127.24999999999994,19782,564350
2026-06-22 11:30:00,127.24999999999994,127.65,126.74999999999997,127.15000000000003,616,562676
2026-06-22 14:00:00,127.19999999999999,128.40000000000003,126.25,127.5,8041,562909
2026-06-22 15:00:00,127.5,127.90000000000006,127.10000000000008,127.5,105,566188
2026-06-22 15:15:00,127.5,127.65,127.15000000000003,127.40000000000009,36,566160
2026-06-23 10:30:00,127.15000000000003,127.85000000000011,126.4,127.04999999999998,20510,566260
2026-06-23 11:30:00,127.04999999999998,127.25000000000009,126.74999999999997,126.99999999999989,10928,566668
2026-06-23 14:00:00,126.94999999999993,127.35,126.70000000000002,127.09999999999994,11627,564845
2026-06-23 15:00:00,127.09999999999994,127.5,126.70000000000002,127.00000000000003,13235,561007
2026-06-23 15:15:00,127.04999999999998,127.24999999999994,126.70000000000002,127.00000000000003,10,560462
2026-06-24 10:30:00,127.10000000000008,127.59999999999991,126.55000000000001,127.09999999999994,19002,563648
2026-06-24 11:30:00,127.09999999999994,127.54999999999995,126.64999999999992,127.10000000000008,15799,564749
2026-06-24 14:00:00,127.04999999999998,127.40000000000009,126.70000000000002,127.00000000000003,5553,566148
2026-06-24 15:00:00,127.00000000000003,127.35,126.70000000000002,126.89999999999998,2081,567757
2026-06-24 15:15:00,126.89999999999998,127.24999999999994,126.60000000000011,126.84999999999988,26,566979
2026-06-25 10:30:00,127.35,128.14999999999998,126.4,127.5,26273,570506
2026-06-25 11:30:00,127.5,127.99999999999997,127.19999999999999,127.54999999999995,4087,573390
2026-06-25 14:00:00,127.54999999999995,128.05000000000007,126.70000000000002,127.24999999999994,19927,570558
2026-06-25 15:00:00,127.19999999999999,127.69999999999996,126.94999999999993,127.45000000000005,290,568110
2026-06-25 15:15:00,127.5,127.69999999999996,127.14999999999989,127.45000000000005,7,567286
2026-06-26 10:30:00,127.35,128.14999999999998,126.95000000000007,127.5,21806,568390
2026-06-26 11:30:00,127.5,128.19999999999993,127.04999999999998,127.65,16407,573464
2026-06-26 14:00:00,127.65,127.95000000000002,127.45000000000005,127.7000000000001,8667,574960
2026-06-26 15:00:00,127.7000000000001,128.19999999999993,127.14999999999989,127.65,3354,577819
2026-06-26 15:15:00,127.65,127.84999999999997,127.45000000000005,127.69999999999996,38,577939
2026-06-29 10:30:00,127.84999999999997,129.09999999999997,126.94999999999993,128.14999999999998,57,588394
2026-06-29 11:30:00,128.14999999999998,128.49999999999994,127.54999999999995,127.95000000000002,22,585876
2026-06-29 14:00:00,127.99999999999997,128.40000000000003,127.59999999999991,127.99999999999997,112,587427
2026-06-29 15:00:00,127.99999999999997,128.29999999999998,127.65,128.04999999999993,539,590024
2026-06-29 15:15:00,127.99999999999997,128.29999999999998,127.84999999999997,128.19999999999993,1,591449
2026-06-30 10:30:00,128.25000000000003,129.00000000000006,126.95000000000007,127.69999999999996,26350,595400
2026-06-30 11:30:00,127.69999999999996,127.99999999999997,127.45000000000005,127.60000000000005,16155,593329
2026-06-30 14:00:00,127.60000000000005,128.05000000000007,127.40000000000009,127.75000000000006,5422,593015
2026-06-30 15:00:00,127.75000000000006,128.25000000000003,127.24999999999994,127.7000000000001,1,593316
2026-06-30 15:15:00,127.65,127.90000000000006,127.45000000000005,127.75000000000006,37,593320
2026-07-01 10:30:00,127.5,128.10000000000002,126.55000000000001,127.14999999999989,24207,593026
2026-07-01 11:30:00,127.14999999999989,127.65,126.50000000000006,127.00000000000003,644,586342
2026-07-01 14:00:00,127.00000000000003,127.69999999999996,126.4500000000001,127.15000000000003,20609,582704
2026-07-01 15:00:00,127.09999999999994,127.4499999999999,126.70000000000002,126.94999999999993,232,572680
2026-07-01 15:15:00,126.89999999999998,127.14999999999989,126.74999999999997,126.94999999999993,25,570471
2026-07-02 10:30:00,127.10000000000008,127.4499999999999,126.60000000000011,127.19999999999999,4,565350
2026-07-02 11:30:00,127.19999999999999,127.80000000000001,126.60000000000011,127.19999999999999,12,564029
2026-07-02 14:00:00,127.24999999999994,127.45000000000005,127.05000000000013,127.30000000000004,15,564180
2026-07-02 15:00:00,127.30000000000004,127.69999999999996,127.00000000000003,127.35,504,563060
2026-07-02 15:15:00,127.35,127.60000000000005,127.04999999999998,127.35,18,562600
2026-07-03 10:30:00,127.59999999999991,127.80000000000001,126.74999999999997,127.25000000000009,21538,559496
2026-07-03 11:30:00,127.25000000000009,127.65,126.70000000000002,127.04999999999998,10354,557463
2026-07-03 14:00:00,127.00000000000003,127.5,126.70000000000002,127.09999999999994,3331,558740
2026-07-03 15:00:00,127.00000000000003,127.54999999999995,126.70000000000002,127.00000000000003,856,556473
2026-07-03 15:15:00,127.00000000000003,127.19999999999999,126.74999999999997,126.94999999999993,30,556049
