datetime,open,high,low,close,volume,openinterest
2017-01-17 00:00:00,96.5,96.83,96.485,96.6,35413,0
2017-01-18 00:00:00,96.65,96.945,96.585,96.65,30467,0
2017-01-19 00:00:00,96.525,97.05,96.405,96.94,37479,0
2017-01-20 00:00:00,96.94,97.375,96.85,97.235,38971,0
2017-01-23 00:00:00,97.2,97.31,97.03,97.085,18444,0
2017-01-24 00:00:00,97.185,97.345,96.26,96.27,27081,0
2017-01-25 00:00:00,94.565,94.765,94.29,94.6,53533,0
2017-01-26 00:00:00,94.56,94.67,94.17,94.27,28293,0
2017-02-03 00:00:00,94.27,94.52,92.96,93.495,48312,0
2017-02-06 00:00:00,93.32,93.765,93.305,93.365,43533,0
2017-02-07 00:00:00,93.2,93.805,93.125,93.68,60748,0
2017-02-08 00:00:00,93.73,94.18,93.725,94.18,57771,0
2017-02-09 00:00:00,94.37,94.635,94.21,94.55,54471,0
2017-02-10 00:00:00,94.49,94.52,94.265,94.355,40869,0
2017-02-13 00:00:00,94.315,94.79,94.22,94.75,44641,0
2017-02-14 00:00:00,94.69,94.9,94.315,94.495,62949,0
2017-02-15 00:00:00,94.335,94.45,94.18,94.305,50508,0
2017-02-16 00:00:00,94.34,95.145,94.305,95.145,52308,0
2017-02-17 00:00:00,95.025,95.375,94.92,95.12,66495,0
2017-02-20 00:00:00,95.295,95.66,95.215,95.625,51492,0
2017-02-21 00:00:00,95.55,95.55,94.975,95.06,55177,0
2017-02-22 00:00:00,94.805,95.67,94.805,95.62,65649,0
2017-02-23 00:00:00,95.6,95.93,95.42,95.61,60564,0
2017-02-24 00:00:00,95.61,95.96,95.38,95.655,64745,0
2017-02-27 00:00:00,95.76,96.115,95.5,95.565,55850,0
2017-02-28 00:00:00,95.5,95.915,95.45,95.83,49942,0
2017-03-01 00:00:00,95.7,95.74,95.15,95.175,63650,0
2017-03-02 00:00:00,95.095,95.3,94.96,95.115,49569,0
2017-03-03 00:00:00,95.115,95.32,94.935,94.975,44542,0
2017-03-06 00:00:00,95.0,95.085,94.86,94.935,37014,0
2017-03-07 00:00:00,94.91,95.195,94.865,95.155,44347,0
2017-03-08 00:00:00,95.16,95.235,94.635,94.675,54665,0
2017-03-09 00:00:00,94.61,95.04,94.485,94.55,59041,0
2017-03-10 00:00:00,94.505,94.75,94.47,94.685,40887,0
2017-03-13 00:00:00,94.65,95.68,94.6,95.48,63019,0
2017-03-14 00:00:00,95.38,95.61,95.295,95.55,53879,0
2017-03-15 00:00:00,95.55,95.71,95.37,95.67,48927,0
2017-03-16 00:00:00,95.91,96.68,95.815,96.355,109383,0
2017-03-17 00:00:00,96.25,96.525,96.15,96.28,42851,0
2017-03-20 00:00:00,96.3,96.545,96.12,96.365,43778,0
2017-03-21 00:00:00,96.2,96.62,96.01,96.58,54341,0
2017-03-22 00:00:00,96.66,96.765,96.425,96.58,42864,0
2017-03-23 00:00:00,96.6,96.775,96.305,96.7,49448,0
2017-03-24 00:00:00,96.655,97.45,96.57,97.315,65277,0
2017-03-27 00:00:00,97.315,97.44,97.11,97.31,41506,0
2017-03-28 00:00:00,97.4,97.48,96.87,96.91,55238,0
2017-03-29 00:00:00,96.87,97.285,96.73,96.905,52717,0
2017-03-30 00:00:00,96.91,96.99,96.59,96.85,60013,0
2017-03-31 00:00:00,96.87,97.15,96.66,96.84,55970,0
2017-04-05 00:00:00,97.01,97.225,96.325,96.54,55792,0
2017-04-06 00:00:00,96.495,96.82,96.435,96.81,45997,0
2017-04-07 00:00:00,96.825,97.165,96.815,97.16,58611,0
2017-04-10 00:00:00,97.095,97.12,96.735,96.835,48719,0
2017-04-11 00:00:00,96.775,97.0,96.62,96.935,49011,0
2017-04-12 00:00:00,97.055,97.18,96.725,96.77,45579,0
2017-04-13 00:00:00,96.91,97.075,96.58,96.905,54506,0
2017-04-14 00:00:00,96.9,97.0,96.46,96.49,45223,0
2017-04-17 00:00:00,96.37,96.58,96.025,96.065,58016,0
2017-04-18 00:00:00,95.945,96.255,95.845,96.15,49868,0
2017-04-19 00:00:00,96.27,96.37,96.07,96.275,45194,0
2017-04-20 00:00:00,96.15,96.35,95.96,96.225,44695,0
2017-04-21 00:00:00,96.1,96.24,95.725,95.835,49903,0
2017-04-24 00:00:00,95.69,95.78,95.27,95.39,53953,0
2017-04-25 00:00:00,95.39,95.96,95.385,95.88,52088,0
2017-04-26 00:00:00,95.795,96.08,95.755,95.93,48499,0
2017-04-27 00:00:00,95.95,96.25,95.825,96.095,49323,0
2017-04-28 00:00:00,96.045,96.105,95.795,95.91,42757,0
2017-05-02 00:00:00,95.9,96.13,95.67,95.775,45897,0
2017-05-03 00:00:00,95.655,95.775,95.33,95.665,49962,0
2017-05-04 00:00:00,95.64,95.78,95.18,95.18,51021,0
2017-05-05 00:00:00,95.22,95.36,95.065,95.235,43937,0
2017-05-08 00:00:00,95.2,95.325,94.79,94.84,37729,0
2017-05-09 00:00:00,94.755,95.075,94.66,94.7,39396,0
2017-05-10 00:00:00,94.79,94.94,94.105,94.255,40789,0
2017-05-11 00:00:00,93.785,94.41,93.62,94.315,60856,0
2017-05-12 00:00:00,94.3,94.64,93.97,93.995,65956,0
2017-05-15 00:00:00,94.3,94.75,94.28,94.515,65247,0
2017-05-16 00:00:00,94.455,94.505,94.15,94.325,56179,0
2017-05-17 00:00:00,94.36,94.525,94.065,94.445,64620,0
2017-05-18 00:00:00,94.68,94.875,94.5,94.705,67671,0
2017-05-19 00:00:00,94.65,94.755,94.38,94.66,66374,0
2017-05-22 00:00:00,94.52,94.595,94.085,94.085,60470,0
2017-05-23 00:00:00,94.08,94.335,94.025,94.065,54121,0
2017-05-24 00:00:00,94.065,94.41,93.915,94.305,64775,0
2017-05-25 00:00:00,94.4,94.535,94.21,94.395,54373,0
2017-05-26 00:00:00,94.305,94.35,94.105,94.3,45340,0
2017-05-31 00:00:00,94.42,94.74,94.39,94.71,44116,0
2017-06-01 00:00:00,94.6,94.85,94.505,94.81,47424,0
2017-06-02 00:00:00,94.79,94.85,94.575,94.78,45473,0
2017-06-05 00:00:00,94.785,95.18,94.785,95.01,46525,0
2017-06-06 00:00:00,94.995,95.11,94.765,94.835,47613,0
2017-06-07 00:00:00,94.73,95.01,94.49,94.94,75352,0
2017-06-08 00:00:00,94.94,95.03,94.78,94.86,45876,0
2017-06-09 00:00:00,94.87,95.11,94.8,94.955,45807,0
2017-06-12 00:00:00,95.05,95.45,95.05,95.34,47067,0
2017-06-13 00:00:00,95.58,95.645,95.335,95.435,42871,0
2017-06-14 00:00:00,95.35,95.625,95.27,95.525,46119,0
2017-06-15 00:00:00,95.65,95.86,95.305,95.43,61794,0
2017-06-16 00:00:00,95.33,95.46,95.2,95.345,44074,0
2017-06-19 00:00:00,95.46,95.985,95.46,95.93,48991,0
2017-06-20 00:00:00,96.065,96.095,95.765,95.835,47822,0
2017-06-21 00:00:00,95.8,95.9,95.44,95.485,56934,0
2017-06-22 00:00:00,95.445,95.525,95.205,95.225,60833,0
2017-06-23 00:00:00,95.28,95.505,95.27,95.42,44345,0
2017-06-26 00:00:00,95.49,95.79,95.425,95.75,46936,0
2017-06-27 00:00:00,95.8,95.93,95.645,95.705,42363,0
2017-06-28 00:00:00,95.6,95.8,95.55,95.585,43551,0
2017-06-29 00:00:00,95.52,95.69,95.35,95.415,49394,0
2017-06-30 00:00:00,95.3,95.33,95.14,95.275,51518,0
2017-07-03 00:00:00,95.31,95.39,94.9,94.9,49337,0
2017-07-04 00:00:00,94.85,95.065,94.85,94.995,39771,0
2017-07-05 00:00:00,94.92,95.265,94.905,95.235,48825,0
2017-07-06 00:00:00,95.295,95.465,95.23,95.35,43286,0
2017-07-07 00:00:00,95.25,95.435,95.105,95.115,49234,0
2017-07-10 00:00:00,95.15,95.3,95.05,95.095,39517,0
2017-07-11 00:00:00,95.075,95.35,95.06,95.19,45964,0
2017-07-12 00:00:00,95.28,95.48,95.19,95.27,49165,0
2017-07-13 00:00:00,95.375,95.575,95.31,95.405,47810,0
2017-07-14 00:00:00,95.35,95.4,95.25,95.395,30873,0
2017-07-17 00:00:00,95.44,95.66,95.35,95.41,45520,0
2017-07-18 00:00:00,95.3,95.3,95.03,95.135,42281,0
2017-07-19 00:00:00,95.2,95.28,95.07,95.1,40537,0
2017-07-20 00:00:00,95.18,95.375,95.165,95.34,34370,0
2017-07-21 00:00:00,95.38,95.44,95.195,95.22,30053,0
2017-07-24 00:00:00,95.255,95.355,95.225,95.335,26075,0
2017-07-25 00:00:00,95.335,95.385,95.085,95.12,35911,0
2017-07-26 00:00:00,95.01,95.09,94.85,94.85,34048,0
2017-07-27 00:00:00,94.95,95.09,94.755,95.05,48243,0
2017-07-28 00:00:00,95.04,95.07,94.905,94.96,24772,0
2017-07-31 00:00:00,94.98,94.98,94.66,94.685,34672,0
2017-08-01 00:00:00,94.665,94.77,94.5,94.55,37342,0
2017-08-02 00:00:00,94.685,94.77,94.585,94.645,33191,0
2017-08-03 00:00:00,94.645,94.79,94.56,94.72,33168,0
2017-08-04 00:00:00,94.75,94.875,94.68,94.74,29973,0
2017-08-07 00:00:00,94.6,94.64,94.355,94.385,30420,0
2017-08-08 00:00:00,94.325,94.575,94.325,94.455,27606,0
2017-08-09 00:00:00,94.415,94.565,94.4,94.505,18986,0
2017-08-10 00:00:00,94.41,94.555,94.405,94.49,31123,0
2017-08-11 00:00:00,94.61,94.76,94.61,94.65,29224,0
2017-08-14 00:00:00,94.64,94.96,94.52,94.95,41076,0
2017-08-15 00:00:00,95.04,95.085,94.905,94.975,31551,0
2017-08-16 00:00:00,94.88,94.97,94.84,94.945,28872,0
2017-08-17 00:00:00,94.98,94.985,94.8,94.955,28689,0
2017-08-18 00:00:00,95.015,95.11,94.905,94.92,30682,0
2017-08-21 00:00:00,94.86,94.89,94.73,94.825,26797,0
2017-08-22 00:00:00,94.825,94.87,94.64,94.815,34500,0
2017-08-23 00:00:00,94.85,94.95,94.735,94.74,32640,0
2017-08-24 00:00:00,94.77,94.785,94.585,94.695,32232,0
2017-08-25 00:00:00,94.64,94.735,94.575,94.61,24391,0
2017-08-28 00:00:00,94.635,94.67,94.505,94.505,27437,0
2017-08-29 00:00:00,94.46,94.695,94.42,94.68,28107,0
2017-08-30 00:00:00,94.65,94.78,94.575,94.77,30471,0
2017-08-31 00:00:00,94.71,94.87,94.705,94.85,27128,0
2017-09-01 00:00:00,94.8,94.85,94.725,94.725,20612,0
2017-09-04 00:00:00,94.68,94.805,94.625,94.695,25078,0
2017-09-05 00:00:00,94.67,94.68,94.495,94.495,32628,0
2017-09-06 00:00:00,94.57,94.74,94.55,94.71,32073,0
2017-09-07 00:00:00,94.715,95.01,94.695,94.995,35339,0
2017-09-08 00:00:00,95.13,95.26,95.03,95.155,38237,0
2017-09-11 00:00:00,95.125,95.195,95.045,95.045,26565,0
2017-09-12 00:00:00,95.0,95.225,94.955,95.13,34371,0
2017-09-13 00:00:00,95.12,95.16,94.98,94.995,29465,0
2017-09-14 00:00:00,95.0,95.405,94.99,95.39,46483,0
2017-09-15 00:00:00,95.4,95.465,95.285,95.355,29439,0
2017-09-18 00:00:00,95.38,95.395,95.05,95.08,36782,0
2017-09-19 00:00:00,95.075,95.22,95.065,95.185,24753,0
2017-09-20 00:00:00,95.22,95.23,95.05,95.12,27744,0
2017-09-21 00:00:00,95.075,95.2,94.77,94.97,35365,0
2017-09-22 00:00:00,94.985,95.14,94.985,95.115,22040,0
2017-09-25 00:00:00,95.18,95.335,95.17,95.23,27234,0
2017-09-26 00:00:00,95.21,95.26,95.155,95.225,19052,0
2017-09-27 00:00:00,95.18,95.18,95.07,95.16,24695,0
2017-09-28 00:00:00,95.235,95.3,95.205,95.26,22633,0
2017-09-29 00:00:00,95.3,95.33,95.14,95.19,19494,0
2017-10-10 00:00:00,94.92,94.995,94.845,94.935,21234,0
2017-10-11 00:00:00,94.925,94.985,94.83,94.885,23448,0
2017-10-12 00:00:00,94.89,94.95,94.605,94.615,31493,0
2017-10-13 00:00:00,94.68,94.77,94.615,94.615,22901,0
2017-10-16 00:00:00,94.43,94.44,94.26,94.315,31054,0
2017-10-17 00:00:00,94.27,94.385,93.89,93.995,46056,0
2017-10-18 00:00:00,94.14,94.17,93.865,94.04,41795,0
2017-10-19 00:00:00,94.16,94.5,94.075,94.175,45421,0
2017-10-20 00:00:00,94.15,94.315,94.07,94.08,32433,0
2017-10-23 00:00:00,94.06,94.205,93.935,94.16,32747,0
2017-10-24 00:00:00,94.155,94.22,94.06,94.145,20919,0
2017-10-25 00:00:00,94.06,94.075,93.57,93.575,46180,0
2017-10-26 00:00:00,93.62,93.78,93.32,93.77,51865,0
2017-10-27 00:00:00,93.75,93.76,93.26,93.275,37233,0
2017-10-30 00:00:00,93.07,93.085,92.23,92.56,81935,0
2017-10-31 00:00:00,92.745,92.88,92.51,92.68,58772,0
2017-11-01 00:00:00,92.725,93.085,92.71,92.935,51549,0
2017-11-02 00:00:00,92.9,93.07,92.78,92.83,40290,0
2017-11-03 00:00:00,92.805,92.985,92.645,92.905,45611,0
2017-11-06 00:00:00,92.88,93.105,92.81,93.065,32679,0
2017-11-07 00:00:00,93.03,93.06,92.575,92.7,43740,0
2017-11-08 00:00:00,92.7,92.97,92.51,92.85,41189,0
2017-11-09 00:00:00,92.855,92.99,92.685,92.735,25553,0
2017-11-10 00:00:00,92.735,92.82,92.555,92.69,19422,0
2017-11-13 00:00:00,92.75,92.75,92.085,92.125,49940,0
2017-11-14 00:00:00,92.15,92.45,91.83,92.445,77340,0
2017-11-15 00:00:00,92.485,92.59,92.31,92.43,51001,0
2017-11-16 00:00:00,92.51,92.825,92.48,92.725,47756,0
2017-11-17 00:00:00,92.695,92.795,92.56,92.695,35073,0
2017-11-20 00:00:00,92.73,92.88,92.425,92.605,51677,0
2017-11-21 00:00:00,92.45,92.65,92.22,92.555,67800,0
2017-11-22 00:00:00,92.27,92.34,92.01,92.05,55862,0
2017-11-23 00:00:00,92.075,92.355,92.035,92.105,48063,0
2017-11-24 00:00:00,92.305,92.55,92.22,92.48,44399,0
2017-11-27 00:00:00,92.565,92.605,92.35,92.42,36510,0
2017-11-28 00:00:00,92.45,92.575,92.22,92.3,44992,0
2017-11-29 00:00:00,92.29,93.03,92.21,92.975,53986,0
2017-11-30 00:00:00,92.855,93.12,92.695,93.04,45815,0
2017-12-01 00:00:00,92.91,93.195,92.845,92.98,52469,0
2017-12-04 00:00:00,92.945,93.1,92.7,92.99,44809,0
2017-12-05 00:00:00,93.13,93.27,92.81,92.95,55371,0
2017-12-06 00:00:00,92.97,93.11,92.745,92.985,43523,0
2017-12-07 00:00:00,93.04,93.085,92.81,92.89,36200,0
2017-12-08 00:00:00,92.95,92.965,92.63,92.675,40358,0
2017-12-11 00:00:00,92.67,92.715,92.375,92.48,50294,0
2017-12-12 00:00:00,92.34,92.555,92.265,92.395,42978,0
2017-12-13 00:00:00,92.365,92.535,92.315,92.445,35122,0
2017-12-14 00:00:00,92.6,92.755,92.55,92.63,39281,0
2017-12-15 00:00:00,92.65,92.98,92.64,92.905,39611,0
2017-12-18 00:00:00,92.985,93.12,92.78,92.86,31245,0
2017-12-19 00:00:00,92.865,92.985,92.77,92.82,33751,0
2017-12-20 00:00:00,92.75,92.905,92.705,92.875,31808,0
2017-12-21 00:00:00,92.83,92.9,92.71,92.895,31143,0
2017-12-22 00:00:00,92.905,93.235,92.87,93.22,37665,0
2017-12-25 00:00:00,93.21,93.295,93.05,93.08,31172,0
2017-12-26 00:00:00,93.095,93.135,92.915,92.94,29362,0
2017-12-27 00:00:00,92.95,93.03,92.905,92.99,18054,0
2017-12-28 00:00:00,93.035,93.25,93.005,93.09,22210,0
2017-12-29 00:00:00,93.09,93.23,92.885,93.165,32403,0
2018-01-02 00:00:00,93.17,93.2,92.63,92.64,40041,0
2018-01-03 00:00:00,92.65,92.755,92.555,92.635,28411,0
2018-01-04 00:00:00,92.48,92.545,92.27,92.465,29409,0
2018-01-05 00:00:00,92.5,92.575,92.4,92.45,20664,0
2018-01-08 00:00:00,92.505,92.69,92.35,92.655,30429,0
2018-01-09 00:00:00,92.635,92.735,92.57,92.645,22677,0
2018-01-10 00:00:00,92.48,92.615,92.34,92.34,35541,0
2018-01-11 00:00:00,92.34,92.41,92.015,92.13,39029,0
2018-01-12 00:00:00,92.16,92.325,92.14,92.275,22852,0
2018-01-15 00:00:00,92.15,92.15,91.855,92.04,39065,0
2018-01-16 00:00:00,92.1,92.175,91.92,91.97,25907,0
2018-01-17 00:00:00,91.905,92.065,91.72,91.75,40029,0
2018-01-18 00:00:00,91.7,91.74,91.475,91.495,38472,0
2018-01-19 00:00:00,91.5,91.665,91.43,91.505,34971,0
2018-01-22 00:00:00,91.52,91.82,91.43,91.79,33299,0
2018-01-23 00:00:00,91.85,91.925,91.715,91.755,27618,0
2018-01-24 00:00:00,91.805,91.95,91.7,91.77,31312,0
2018-01-25 00:00:00,91.69,91.89,91.635,91.885,27857,0
2018-01-26 00:00:00,91.945,91.975,91.83,91.905,30142,0
2018-01-29 00:00:00,91.835,92.01,91.735,91.865,34080,0
2018-01-30 00:00:00,91.85,91.885,91.76,91.785,27214,0
2018-01-31 00:00:00,91.845,91.995,91.825,91.94,28355,0
2018-02-01 00:00:00,91.94,92.195,91.89,92.13,30405,0
2018-02-02 00:00:00,92.055,92.11,91.965,91.97,23987,0
2018-02-05 00:00:00,91.95,92.0,91.67,91.755,28439,0
2018-02-06 00:00:00,92.03,92.25,91.955,92.095,35934,0
2018-02-07 00:00:00,91.955,92.1,91.92,92.09,21827,0
2018-02-08 00:00:00,92.16,92.22,91.755,91.77,23964,0
2018-02-09 00:00:00,91.77,92.095,91.725,92.05,26413,0
2018-02-12 00:00:00,92.07,92.13,91.93,92.13,21443,0
2018-02-13 00:00:00,92.125,92.2,92.0,92.02,16386,0
2018-02-14 00:00:00,92.075,92.075,91.905,91.94,10893,0
2018-02-22 00:00:00,91.815,91.83,91.645,91.7,18211,0
2018-02-23 00:00:00,91.725,91.85,91.705,91.795,15358,0
2018-02-26 00:00:00,91.845,92.39,91.81,92.305,33335,0
2018-02-27 00:00:00,92.3,92.735,92.225,92.66,40368,0
2018-02-28 00:00:00,92.58,92.78,92.56,92.645,29641,0
2018-03-01 00:00:00,92.72,92.845,92.615,92.655,29054,0
2018-03-02 00:00:00,92.69,92.7,92.575,92.635,21627,0
2018-03-05 00:00:00,92.64,92.73,92.485,92.63,24608,0
2018-03-06 00:00:00,92.625,92.99,92.575,92.99,37247,0
2018-03-07 00:00:00,92.94,93.04,92.865,92.965,27364,0
2018-03-08 00:00:00,93.13,93.15,92.875,92.94,26075,0
2018-03-09 00:00:00,92.9,93.095,92.77,92.93,32605,0
2018-03-12 00:00:00,92.99,93.07,92.89,93.01,21086,0
2018-03-13 00:00:00,92.96,92.97,92.645,92.695,33870,0
2018-03-14 00:00:00,92.835,92.84,92.555,92.67,34203,0
2018-03-15 00:00:00,92.7,92.865,92.69,92.81,24868,0
2018-03-16 00:00:00,92.82,92.975,92.79,92.83,27126,0
2018-03-19 00:00:00,92.82,92.94,92.725,92.92,25039,0
2018-03-20 00:00:00,92.9,93.25,92.87,93.225,38676,0
2018-03-21 00:00:00,93.21,93.28,93.14,93.175,27989,0
2018-03-22 00:00:00,93.25,93.475,93.11,93.395,40213,0
2018-03-23 00:00:00,93.9,94.225,93.785,93.97,47675,0
2018-03-26 00:00:00,93.85,93.89,93.72,93.8,25864,0
2018-03-27 00:00:00,93.635,93.78,93.59,93.78,27651,0
2018-03-28 00:00:00,93.97,94.05,93.745,93.75,27664,0
2018-03-29 00:00:00,93.765,93.765,93.515,93.68,28717,0
2018-03-30 00:00:00,93.68,93.9,93.565,93.635,26886,0
2018-04-02 00:00:00,93.535,93.715,93.43,93.65,27826,0
2018-04-03 00:00:00,93.77,93.805,93.365,93.47,36378,0
2018-04-04 00:00:00,93.53,93.64,93.46,93.55,27093,0
2018-04-09 00:00:00,93.7,93.93,93.625,93.81,31967,0
2018-04-10 00:00:00,93.75,93.785,93.425,93.52,36523,0
2018-04-11 00:00:00,93.4,93.765,93.305,93.74,41084,0
2018-04-12 00:00:00,93.71,93.9,93.54,93.9,36336,0
2018-04-13 00:00:00,93.765,93.945,93.66,93.88,43616,0
2018-04-16 00:00:00,93.9,94.365,93.83,94.355,47199,0
2018-04-17 00:00:00,94.37,94.43,94.19,94.34,36901,0
2018-04-18 00:00:00,95.07,95.775,95.02,95.345,81675,0
2018-04-19 00:00:00,95.2,95.28,94.94,95.12,45076,0
2018-04-20 00:00:00,95.005,95.215,94.94,95.075,34191,0
2018-04-23 00:00:00,95.01,95.02,94.71,94.805,34792,0
2018-04-24 00:00:00,94.88,95.02,94.8,94.93,33461,0
2018-04-25 00:00:00,94.9,94.93,94.55,94.575,34648,0
2018-04-26 00:00:00,94.515,94.745,94.435,94.685,40552,0
2018-04-27 00:00:00,94.66,94.775,94.49,94.5,31173,0
2018-05-02 00:00:00,94.59,94.63,94.34,94.39,29883,0
2018-05-03 00:00:00,94.45,94.68,94.45,94.59,30908,0
2018-05-04 00:00:00,94.68,94.77,94.575,94.77,26336,0
2018-05-07 00:00:00,94.79,94.8,94.395,94.405,29156,0
2018-05-08 00:00:00,94.35,94.52,94.0,94.035,45335,0
2018-05-09 00:00:00,93.945,94.03,93.87,93.885,29578,0
2018-05-10 00:00:00,93.895,94.15,93.85,94.125,31200,0
2018-05-11 00:00:00,94.21,94.3,94.05,94.1,32227,0
2018-05-14 00:00:00,94.16,94.22,93.99,94.105,28138,0
2018-05-15 00:00:00,93.945,94.095,93.74,94.04,34708,0
2018-05-16 00:00:00,93.855,94.15,93.81,94.12,29990,0
2018-05-17 00:00:00,94.155,94.18,93.855,93.915,22960,0
2018-05-18 00:00:00,93.86,94.195,93.835,94.145,14734,0
2018-05-21 00:00:00,94.01,94.36,93.995,94.3,27254,0
2018-05-22 00:00:00,94.34,94.68,94.33,94.66,34173,0
2018-05-23 00:00:00,94.675,94.705,94.54,94.67,25976,0
2018-05-24 00:00:00,94.785,94.825,94.575,94.575,28814,0
2018-05-25 00:00:00,94.6,95.105,94.515,95.085,34605,0
2018-05-28 00:00:00,95.05,95.11,94.87,94.89,30847,0
2018-05-29 00:00:00,94.895,95.125,94.775,95.06,33716,0
2018-05-30 00:00:00,95.34,95.35,95.08,95.15,36494,0
2018-05-31 00:00:00,95.075,95.165,94.76,94.78,37371,0
2018-06-01 00:00:00,94.8,95.0,94.8,94.865,29384,0
2018-06-04 00:00:00,94.8,94.805,94.565,94.64,27962,0
2018-06-05 00:00:00,94.63,94.725,94.47,94.53,25420,0
2018-06-06 00:00:00,94.53,94.715,94.46,94.52,35533,0
2018-06-07 00:00:00,94.435,94.5,94.285,94.46,27928,0
2018-06-08 00:00:00,94.495,94.77,94.495,94.705,30326,0
2018-06-11 00:00:00,94.68,94.78,94.59,94.705,23764,0
2018-06-12 00:00:00,94.67,94.67,94.34,94.35,29882,0
2018-06-13 00:00:00,94.47,94.65,94.42,94.63,30249,0
2018-06-14 00:00:00,94.62,95.045,94.615,94.93,41727,0
2018-06-15 00:00:00,95.15,95.22,95.02,95.105,28753,0
2018-06-19 00:00:00,95.2,95.59,95.085,95.47,43234,0
2018-06-20 00:00:00,95.45,95.465,95.02,95.045,42141,0
2018-06-21 00:00:00,95.155,95.5,95.08,95.395,36816,0
2018-06-22 00:00:00,95.43,95.68,95.245,95.56,47627,0
2018-06-25 00:00:00,95.5,95.575,95.26,95.3,44585,0
2018-06-26 00:00:00,95.37,95.47,95.225,95.33,28509,0
2018-06-27 00:00:00,95.2,95.65,95.2,95.56,37692,0
2018-06-28 00:00:00,95.61,95.82,95.61,95.715,33504,0
2018-06-29 00:00:00,95.865,96.16,95.85,95.875,40782,0
2018-07-02 00:00:00,95.96,96.14,95.83,96.09,29589,0
2018-07-03 00:00:00,96.17,96.205,95.81,95.835,40757,0
2018-07-04 00:00:00,95.8,95.88,95.68,95.77,29208,0
2018-07-05 00:00:00,95.91,96.04,95.79,95.83,33865,0
2018-07-06 00:00:00,95.81,95.895,95.47,95.605,40570,0
2018-07-09 00:00:00,95.58,95.655,95.425,95.48,31661,0
2018-07-10 00:00:00,95.42,95.635,95.37,95.54,35403,0
2018-07-11 00:00:00,95.705,95.865,95.575,95.83,39986,0
2018-07-12 00:00:00,95.79,95.795,95.6,95.75,27839,0
2018-07-13 00:00:00,95.7,96.035,95.695,95.955,35031,0
2018-07-16 00:00:00,96.2,96.265,96.02,96.1,29987,0
2018-07-17 00:00:00,96.045,96.185,96.005,96.075,30135,0
2018-07-18 00:00:00,96.13,96.245,96.0,96.085,34697,0
2018-07-19 00:00:00,95.95,96.4,95.795,96.39,49064,0
2018-07-20 00:00:00,96.485,96.6,95.435,95.605,74365,0
2018-07-23 00:00:00,95.7,95.85,95.575,95.65,42289,0
2018-07-24 00:00:00,95.29,95.43,95.215,95.29,38767,0
2018-07-25 00:00:00,95.24,95.48,95.235,95.415,25656,0
2018-07-26 00:00:00,95.315,95.62,95.29,95.495,38880,0
2018-07-27 00:00:00,95.56,95.62,95.42,95.55,28376,0
2018-07-30 00:00:00,95.6,95.65,95.45,95.52,29492,0
2018-07-31 00:00:00,95.68,95.935,95.615,95.9,32863,0
2018-08-01 00:00:00,95.8,96.12,95.745,96.1,38129,0
2018-08-02 00:00:00,96.07,96.255,95.835,95.98,45857,0
2018-08-03 00:00:00,95.995,96.285,95.89,96.17,37611,0
2018-08-06 00:00:00,96.205,96.23,96.015,96.08,34834,0
2018-08-07 00:00:00,96.03,96.2,95.88,95.895,42846,0
2018-08-08 00:00:00,95.79,95.93,95.565,95.62,35607,0
2018-08-09 00:00:00,95.66,95.68,95.24,95.36,36897,0
2018-08-10 00:00:00,95.4,95.485,95.165,95.385,35640,0
2018-08-13 00:00:00,95.335,95.415,94.86,95.13,38351,0
2018-08-14 00:00:00,95.13,95.405,95.025,95.325,29872,0
2018-08-15 00:00:00,95.43,95.455,95.025,95.115,23097,0
2018-08-16 00:00:00,95.13,95.265,94.605,94.675,44760,0
2018-08-17 00:00:00,94.605,94.76,94.135,94.485,50628,0
2018-08-20 00:00:00,94.49,94.68,94.225,94.59,37184,0
2018-08-21 00:00:00,94.55,94.72,94.305,94.595,40855,0
2018-08-22 00:00:00,94.68,94.875,94.625,94.75,36039,0
2018-08-23 00:00:00,94.815,94.91,94.62,94.755,33345,0
2018-08-24 00:00:00,94.85,94.975,94.525,94.645,39849,0
2018-08-27 00:00:00,94.57,94.73,94.41,94.62,31320,0
2018-08-28 00:00:00,94.565,94.845,94.455,94.815,38663,0
2018-08-29 00:00:00,94.78,94.88,94.69,94.84,26741,0
2018-08-30 00:00:00,94.88,95.125,94.81,95.045,30827,0
2018-08-31 00:00:00,95.0,95.17,94.98,95.12,32390,0
2018-09-03 00:00:00,95.07,95.13,94.86,94.925,27801,0
2018-09-04 00:00:00,94.935,94.975,94.72,94.795,28549,0
2018-09-05 00:00:00,94.83,94.91,94.68,94.69,32240,0
2018-09-06 00:00:00,94.69,94.855,94.635,94.745,29769,0
2018-09-07 00:00:00,94.75,94.805,94.52,94.685,30362,0
2018-09-10 00:00:00,94.625,94.675,94.365,94.42,28497,0
2018-09-11 00:00:00,94.405,94.425,93.915,94.145,47682,0
2018-09-12 00:00:00,94.155,94.385,94.15,94.335,30071,0
2018-09-13 00:00:00,94.27,94.475,94.17,94.37,33736,0
2018-09-14 00:00:00,94.35,94.515,94.295,94.485,34254,0
2018-09-17 00:00:00,94.55,94.64,94.505,94.55,21642,0
2018-09-18 00:00:00,94.575,94.635,94.305,94.39,28756,0
2018-09-19 00:00:00,94.34,94.415,94.205,94.225,29080,0
2018-09-20 00:00:00,94.125,94.18,93.9,93.94,31576,0
2018-09-21 00:00:00,93.93,94.2,93.875,94.185,31207,0
2018-09-25 00:00:00,94.17,94.27,94.115,94.21,18273,0
2018-09-26 00:00:00,94.2,94.47,94.13,94.46,24421,0
2018-09-27 00:00:00,94.52,94.735,94.42,94.725,29076,0
2018-09-28 00:00:00,94.705,94.865,94.665,94.785,23225,0
2018-10-08 00:00:00,94.82,94.84,94.515,94.675,30534,0
2018-10-09 00:00:00,94.685,94.89,94.6,94.77,32763,0
2018-10-10 00:00:00,94.78,94.845,94.68,94.805,24676,0
2018-10-11 00:00:00,94.94,95.22,94.92,95.165,37403,0
2018-10-12 00:00:00,95.125,95.225,95.025,95.12,27104,0
2018-10-15 00:00:00,95.1,95.195,94.965,94.995,23493,0
2018-10-16 00:00:00,94.955,95.25,94.885,95.235,35080,0
2018-10-17 00:00:00,95.2,95.35,95.09,95.165,39415,0
2018-10-18 00:00:00,95.29,95.535,95.255,95.49,35887,0
2018-10-19 00:00:00,95.55,95.565,95.185,95.32,37817,0
2018-10-22 00:00:00,95.18,95.205,95.035,95.15,32057,0
2018-10-23 00:00:00,95.04,95.345,95.035,95.33,35539,0
2018-10-24 00:00:00,95.28,95.5,95.23,95.47,35714,0
2018-10-25 00:00:00,95.625,95.695,95.47,95.535,30383,0
2018-10-26 00:00:00,95.48,95.62,95.435,95.56,26244,0
2018-10-29 00:00:00,95.605,95.88,95.545,95.78,32775,0
2018-10-30 00:00:00,95.82,95.87,95.595,95.75,32337,0
2018-10-31 00:00:00,95.69,95.92,95.555,95.81,38603,0
2018-11-01 00:00:00,95.85,95.985,95.655,95.95,39511,0
2018-11-02 00:00:00,95.71,95.795,95.45,95.5,46483,0
2018-11-05 00:00:00,95.49,95.655,95.435,95.575,41665,0
2018-11-06 00:00:00,95.595,95.865,95.53,95.81,41438,0
2018-11-07 00:00:00,95.81,96.04,95.76,95.985,33942,0
2018-11-08 00:00:00,95.92,96.155,95.865,96.095,34604,0
2018-11-09 00:00:00,95.995,96.175,95.945,96.005,33683,0
2018-11-12 00:00:00,96.06,96.075,95.9,95.965,32938,0
2018-11-13 00:00:00,96.045,96.125,95.915,96.06,32732,0
2018-11-14 00:00:00,96.425,96.52,96.365,96.48,32019,0
2018-11-15 00:00:00,96.45,96.58,96.37,96.56,25705,0
2018-11-16 00:00:00,96.62,97.045,96.515,96.97,25128,0
2018-11-19 00:00:00,96.975,97.18,96.71,96.785,39810,0
2018-11-20 00:00:00,96.755,96.905,96.62,96.705,35172,0
2018-11-21 00:00:00,96.8,96.985,96.635,96.83,41342,0
2018-11-22 00:00:00,96.79,96.9,96.54,96.595,36660,0
2018-11-23 00:00:00,96.585,96.71,96.475,96.67,33956,0
2018-11-26 00:00:00,96.75,96.83,96.36,96.465,42826,0
2018-11-27 00:00:00,96.42,96.67,96.335,96.63,36655,0
2018-11-28 00:00:00,96.65,96.745,96.57,96.645,27650,0
2018-11-29 00:00:00,96.79,96.92,96.715,96.84,34320,0
2018-11-30 00:00:00,96.925,96.935,96.63,96.68,32092,0
2018-12-03 00:00:00,96.49,96.835,96.44,96.83,35077,0
2018-12-04 00:00:00,96.96,97.2,96.915,97.06,46144,0
2018-12-05 00:00:00,97.295,97.4,96.97,97.025,48917,0
2018-12-06 00:00:00,97.18,97.22,96.98,97.18,37037,0
2018-12-07 00:00:00,97.105,97.21,96.92,97.17,40239,0
2018-12-10 00:00:00,97.34,97.41,97.215,97.285,35563,0
2018-12-11 00:00:00,97.27,97.39,97.225,97.245,25649,0
2018-12-12 00:00:00,97.2,97.41,97.155,97.3,33869,0
2018-12-13 00:00:00,97.19,97.225,96.68,96.69,62469,0
2018-12-14 00:00:00,96.7,96.83,96.535,96.56,48894,0
2018-12-17 00:00:00,96.58,96.675,96.25,96.26,41239,0
2018-12-18 00:00:00,96.26,96.525,96.25,96.47,37545,0
2018-12-19 00:00:00,96.575,96.72,96.4,96.685,44204,0
2018-12-20 00:00:00,96.915,97.075,96.74,97.05,45315,0
2018-12-21 00:00:00,96.955,97.165,96.855,96.9,44537,0
2018-12-24 00:00:00,96.905,97.01,96.775,96.8,29997,0
2018-12-25 00:00:00,96.92,97.14,96.92,97.045,33881,0
2018-12-26 00:00:00,97.0,97.325,96.935,97.295,44069,0
2018-12-27 00:00:00,97.095,97.365,97.03,97.31,37799,0
2018-12-28 00:00:00,97.33,97.775,97.33,97.735,37916,0
2019-01-02 00:00:00,97.825,98.165,97.75,98.105,33706,0
2019-01-03 00:00:00,98.23,98.255,97.98,98.16,34453,0
2019-01-04 00:00:00,98.3,98.37,97.8,97.945,63928,0
2019-01-07 00:00:00,97.82,98.06,97.755,97.935,40811,0
2019-01-08 00:00:00,97.98,98.465,97.96,98.455,45168,0
2019-01-09 00:00:00,98.35,98.39,98.12,98.29,49151,0
2019-01-10 00:00:00,98.305,98.435,97.925,98.015,49442,0
2019-01-11 00:00:00,97.925,98.13,97.885,98.045,37082,0
2019-01-14 00:00:00,98.14,98.18,97.75,97.845,42420,0
2019-01-15 00:00:00,97.79,97.88,97.575,97.8,42806,0
2019-01-16 00:00:00,97.86,98.32,97.86,98.295,43475,0
2019-01-17 00:00:00,98.225,98.41,98.195,98.33,36063,0
2019-01-18 00:00:00,98.225,98.39,98.06,98.08,43786,0
2019-01-21 00:00:00,97.995,98.085,97.845,97.96,40255,0
2019-01-22 00:00:00,97.815,98.075,97.775,98.03,34974,0
2019-01-23 00:00:00,98.145,98.145,97.73,97.77,54335,0
2019-01-24 00:00:00,97.79,97.96,97.735,97.8,39409,0
2019-01-25 00:00:00,97.665,97.75,97.58,97.635,36358,0
2019-01-28 00:00:00,97.6,97.775,97.39,97.68,45564,0
2019-01-29 00:00:00,97.78,97.975,97.725,97.905,39824,0
2019-01-30 00:00:00,98.0,98.05,97.85,98.04,34571,0
2019-01-31 00:00:00,98.04,98.23,97.96,98.03,37801,0
2019-02-01 00:00:00,98.055,98.12,97.9,97.91,25569,0
2019-02-11 00:00:00,98.0,98.42,97.95,98.285,32297,0
2019-02-12 00:00:00,98.265,98.445,98.2,98.235,41289,0
2019-02-13 00:00:00,98.17,98.28,98.1,98.15,38048,0
2019-02-14 00:00:00,98.105,98.26,97.845,97.92,39585,0
2019-02-15 00:00:00,97.965,98.225,97.81,97.96,42778,0
2019-02-18 00:00:00,97.88,97.98,97.765,97.785,29340,0
2019-02-19 00:00:00,97.76,98.195,97.745,98.005,31757,0
2019-02-20 00:00:00,98.02,98.13,97.935,98.09,20751,0
2019-02-21 00:00:00,97.6,97.73,97.37,97.73,37227,0
2019-02-22 00:00:00,97.695,97.7,97.465,97.55,31686,0
2019-02-25 00:00:00,97.495,97.495,97.055,97.2,42579,0
2019-02-26 00:00:00,97.18,97.21,96.69,96.92,57914,0
2019-02-27 00:00:00,97.02,97.19,96.915,97.105,48717,0
2019-02-28 00:00:00,97.18,97.26,96.865,96.945,42701,0
2019-03-01 00:00:00,96.94,96.99,96.74,96.755,40388,0
2019-03-04 00:00:00,96.73,97.145,96.63,97.045,53760,0
2019-03-05 00:00:00,97.04,97.205,97.01,97.12,46216,0
2019-03-06 00:00:00,97.12,97.34,97.11,97.235,45901,0
2019-03-07 00:00:00,97.315,97.735,97.315,97.73,46308,0
2019-03-08 00:00:00,97.85,97.985,97.715,97.755,52578,0
2019-03-11 00:00:00,97.86,97.945,97.65,97.67,36158,0
2019-03-12 00:00:00,97.61,97.83,97.565,97.725,40445,0
2019-03-13 00:00:00,97.77,97.88,97.72,97.805,35345,0
2019-03-14 00:00:00,97.78,97.795,97.535,97.55,39060,0
2019-03-15 00:00:00,97.515,97.8,97.31,97.66,55270,0
2019-03-18 00:00:00,97.62,97.635,97.45,97.505,33886,0
2019-03-19 00:00:00,97.505,97.69,97.375,97.385,42155,0
2019-03-20 00:00:00,97.46,97.555,97.365,97.43,36977,0
2019-03-21 00:00:00,97.55,97.705,97.53,97.635,35798,0
2019-03-22 00:00:00,97.62,97.845,97.61,97.79,27503,0
2019-03-25 00:00:00,98.0,98.155,97.97,98.095,34962,0
2019-03-26 00:00:00,98.045,98.225,98.015,98.095,36287,0
2019-03-27 00:00:00,98.095,98.135,97.935,97.945,33596,0
2019-03-28 00:00:00,98.035,98.15,97.99,98.055,31289,0
2019-03-29 00:00:00,98.0,98.02,97.85,97.915,28512,0
2019-04-01 00:00:00,97.7,97.73,97.42,97.45,43912,0
2019-04-02 00:00:00,97.235,97.37,97.17,97.255,38953,0
2019-04-03 00:00:00,97.285,97.39,96.63,96.75,53668,0
2019-04-04 00:00:00,96.77,96.79,96.455,96.46,50714,0
2019-04-08 00:00:00,96.44,96.855,96.375,96.68,41709,0
2019-04-09 00:00:00,96.645,96.75,96.48,96.5,37246,0
2019-04-10 00:00:00,96.46,96.8,96.39,96.705,54335,0
2019-04-11 00:00:00,96.75,96.945,96.645,96.85,40659,0
2019-04-12 00:00:00,96.81,96.885,96.61,96.645,34705,0
2019-04-15 00:00:00,96.07,96.41,96.0,96.37,42175,0
2019-04-16 00:00:00,96.28,96.415,96.075,96.165,35934,0
2019-04-17 00:00:00,96.19,96.475,95.82,96.42,67857,0
2019-04-18 00:00:00,96.44,96.52,96.38,96.48,23809,0
2019-04-19 00:00:00,96.525,96.58,96.37,96.39,32243,0
2019-04-22 00:00:00,96.215,96.39,96.205,96.22,32142,0
2019-04-23 00:00:00,96.105,96.38,96.105,96.32,37110,0
2019-04-24 00:00:00,96.35,96.355,95.89,95.91,41420,0
2019-04-25 00:00:00,96.025,96.35,95.955,96.115,41019,61972
2019-04-26 00:00:00,96.165,96.43,96.15,96.38,35183,61133
2019-04-29 00:00:00,96.4,96.445,96.165,96.245,34408,60154
2019-04-30 00:00:00,96.3,96.665,96.3,96.665,35841,58909
2019-05-06 00:00:00,96.99,97.06,96.745,96.87,40537,53028
2019-05-07 00:00:00,96.77,96.87,96.71,96.78,26221,49495
2019-05-08 00:00:00,96.875,96.975,96.815,96.915,28545,45598
2019-05-09 00:00:00,96.975,97.045,96.905,97.01,29865,41302
2019-05-10 00:00:00,96.92,97.145,96.805,97.13,36782,40038
2019-05-13 00:00:00,97.235,97.42,97.195,97.37,2,38007
2019-05-14 00:00:00,97.4,97.45,97.205,97.275,2,35459
2019-05-15 00:00:00,97.23,97.36,97.085,97.35,3,33753
2019-05-16 00:00:00,97.36,97.47,97.27,97.31,25934,30889
2019-05-17 00:00:00,97.3,97.455,97.22,97.41,25044,28287
2019-05-20 00:00:00,97.375,97.53,97.305,97.405,17636,25671
2019-05-21 00:00:00,97.35,97.36,97.15,97.15,14418,22464
2019-05-22 00:00:00,96.59,96.63,96.47,96.58,31003,39308
2019-05-23 00:00:00,96.65,96.84,96.63,96.79,29460,40875
2019-05-24 00:00:00,96.86,96.89,96.735,96.77,24333,41676
2019-05-27 00:00:00,96.675,96.68,96.12,96.3,41383,43844
2019-05-28 00:00:00,96.39,96.62,96.27,96.54,39485,45852
2019-05-29 00:00:00,96.7,96.91,96.65,96.87,29027,48270
2019-05-30 00:00:00,96.78,97.005,96.77,96.885,26292,49439
2019-05-31 00:00:00,96.99,97.05,96.725,96.93,33442,50555
2019-06-03 00:00:00,97.025,97.275,97.015,97.2,28853,53076
2019-06-04 00:00:00,97.23,97.4,97.165,97.355,34459,54233
2019-06-05 00:00:00,97.29,97.515,97.24,97.505,32881,56705
2019-06-06 00:00:00,97.505,97.6,97.41,97.47,32615,55631
2019-06-10 00:00:00,97.45,97.485,97.315,97.41,26794,55289
2019-06-11 00:00:00,97.36,97.365,97.07,97.095,32897,51316
2019-06-12 00:00:00,97.125,97.275,97.12,97.13,29586,51789
2019-06-13 00:00:00,97.22,97.42,97.19,97.34,26361,54087
2019-06-14 00:00:00,97.395,97.605,97.35,97.575,28169,54647
2019-06-17 00:00:00,97.65,97.76,97.61,97.665,21956,55329
2019-06-18 00:00:00,97.605,97.66,97.405,97.49,26638,56194
2019-06-19 00:00:00,97.4,97.49,97.345,97.36,29447,56177
2019-06-20 00:00:00,97.5,97.635,97.36,97.37,31969,57787
2019-06-21 00:00:00,97.335,97.565,97.285,97.475,29167,57770
2019-06-24 00:00:00,97.48,97.485,97.25,97.31,23511,58091
2019-06-25 00:00:00,97.31,97.55,97.31,97.395,33004,58682
2019-06-26 00:00:00,97.42,97.44,97.23,97.265,26597,58291
2019-06-27 00:00:00,97.25,97.395,97.19,97.21,28127,58610
2019-06-28 00:00:00,97.225,97.585,97.21,97.54,42879,61104
2019-07-01 00:00:00,97.35,97.63,97.3,97.605,36124,64268
2019-07-02 00:00:00,97.56,98.1,97.515,98.06,49226,70153
2019-07-03 00:00:00,98.18,98.295,98.09,98.23,37695,72520
2019-07-04 00:00:00,98.15,98.245,98.06,98.215,36837,71908
2019-07-05 00:00:00,98.21,98.21,98.02,98.04,30387,71623
2019-07-08 00:00:00,97.965,98.205,97.91,97.97,36530,70133
2019-07-09 00:00:00,97.97,98.19,97.94,98.16,28805,73349
2019-07-10 00:00:00,98.165,98.27,98.005,98.11,38507,72502
2019-07-11 00:00:00,98.19,98.43,98.085,98.115,51524,74905
2019-07-12 00:00:00,98.1,98.29,98.02,98.29,29826,75498
2019-07-15 00:00:00,98.3,98.48,97.98,97.99,51178,72691
2019-07-16 00:00:00,97.995,98.175,97.99,98.035,31543,71605
2019-07-17 00:00:00,98.07,98.14,98.0,98.085,29003,70669
2019-07-18 00:00:00,98.15,98.32,98.13,98.27,37302,72949
2019-07-19 00:00:00,98.33,98.35,98.12,98.25,32469,72472
2019-07-22 00:00:00,98.22,98.385,98.135,98.375,28877,75255
2019-07-23 00:00:00,98.445,98.83,98.31,98.38,36748,74284
2019-07-24 00:00:00,98.305,98.32,98.135,98.145,29500,71241
2019-07-25 00:00:00,98.195,98.255,98.135,98.2,21521,68786
2019-07-26 00:00:00,98.18,98.29,98.155,98.24,19402,68573
2019-07-29 00:00:00,98.22,98.265,98.025,98.055,33358,64462
2019-07-30 00:00:00,98.07,98.15,97.955,98.15,30887,61423
2019-07-31 00:00:00,98.22,98.395,98.205,98.39,30728,61728
2019-08-01 00:00:00,98.375,98.465,98.275,98.445,24210,62567
2019-08-02 00:00:00,98.76,98.825,98.665,98.72,26921,62330
2019-08-05 00:00:00,98.725,99.08,98.645,99.065,30911,63216
2019-08-06 00:00:00,99.26,99.275,98.995,99.065,33451,60390
2019-08-07 00:00:00,99.055,99.165,99.04,99.135,24345,56417
2019-08-08 00:00:00,99.08,99.15,99.03,99.125,21024,54294
2019-08-09 00:00:00,99.17,99.33,99.14,99.27,25810,50184
2019-08-12 00:00:00,99.19,99.27,99.125,99.215,19325,46843
2019-08-13 00:00:00,99.405,99.42,99.31,99.345,23746,39981
2019-08-14 00:00:00,99.26,99.45,99.18,99.305,25922,32851
2019-08-15 00:00:00,99.175,99.49,98.925,98.925,34864,56081
2019-08-16 00:00:00,98.995,98.995,98.78,98.85,33245,61953
2019-08-19 00:00:00,98.95,98.965,98.79,98.955,23147,64421
2019-08-20 00:00:00,98.875,98.985,98.835,98.86,26377,66557
2019-08-21 00:00:00,98.865,98.875,98.635,98.65,36209,68618
2019-08-22 00:00:00,98.635,98.78,98.6,98.735,26585,69714
2019-08-23 00:00:00,98.705,98.83,98.615,98.775,28328,71587
2019-08-26 00:00:00,98.995,99.175,98.83,98.835,35479,73093
2019-08-27 00:00:00,98.8,98.93,98.75,98.915,27253,75031
2019-08-28 00:00:00,98.935,99.005,98.86,98.87,22641,74825
2019-08-29 00:00:00,98.88,99.425,98.735,99.235,66503,80111
2019-08-30 00:00:00,99.11,99.145,98.875,98.935,47869,78624
2019-09-02 00:00:00,98.945,99.01,98.74,98.775,31585,77856
2019-09-03 00:00:00,98.81,98.875,98.725,98.745,25362,77661
2019-09-04 00:00:00,98.78,98.975,98.735,98.885,38933,77862
2019-09-05 00:00:00,99.15,99.25,99.06,99.14,28889,77345
2019-09-06 00:00:00,99.15,99.305,99.09,99.17,28364,77799
2019-09-09 00:00:00,99.115,99.165,99.025,99.08,27673,77106
2019-09-10 00:00:00,99.02,99.045,98.9,98.9,27313,77477
2019-09-11 00:00:00,98.87,98.905,98.775,98.78,28714,77640
2019-09-12 00:00:00,98.685,98.735,98.46,98.49,42819,75528
2019-09-16 00:00:00,98.305,98.67,98.23,98.59,37232,75340
2019-09-17 00:00:00,98.75,98.835,98.4,98.42,41853,75868
2019-09-18 00:00:00,98.47,98.59,98.23,98.23,38960,77337
2019-09-19 00:00:00,98.3,98.48,98.285,98.425,34257,77478
2019-09-20 00:00:00,98.465,98.54,98.33,98.535,32523,77677
2019-09-23 00:00:00,98.54,98.605,98.46,98.475,23760,78025
2019-09-24 00:00:00,98.545,98.64,98.31,98.385,36478,80132
2019-09-25 00:00:00,98.405,98.52,98.345,98.505,31561,80695
2019-09-26 00:00:00,98.445,98.51,98.2,98.215,39380,80430
2019-09-27 00:00:00,98.23,98.345,98.035,98.045,35532,78561
2019-09-30 00:00:00,98.06,98.265,97.945,98.235,21446,76494
2019-10-08 00:00:00,98.345,98.5,98.27,98.495,30057,76746
2019-10-09 00:00:00,98.56,98.595,98.4,98.455,26512,77543
2019-10-10 00:00:00,98.47,98.48,98.275,98.32,27249,80211
2019-10-11 00:00:00,98.215,98.235,97.99,98.08,28851,80241
2019-10-14 00:00:00,97.9,98.185,97.865,98.15,38011,84402
2019-10-15 00:00:00,98.14,98.26,98.045,98.135,30697,85331
2019-10-16 00:00:00,98.18,98.275,98.08,98.095,26359,84119
2019-10-17 00:00:00,98.165,98.315,98.13,98.31,29181,85446
2019-10-18 00:00:00,98.295,98.295,98.015,98.04,36415,86272
2019-10-21 00:00:00,98.045,98.05,97.685,97.785,41886,86782
2019-10-22 00:00:00,97.715,97.815,97.675,97.76,28804,86309
2019-10-23 00:00:00,97.815,97.89,97.665,97.875,36226,86862
2019-10-24 00:00:00,97.86,97.87,97.765,97.835,21868,86990
2019-10-25 00:00:00,97.825,97.89,97.67,97.685,28413,87108
2019-10-28 00:00:00,97.6,97.625,97.37,97.42,36959,87693
2019-10-29 00:00:00,97.37,97.54,97.35,97.42,31449,88382
2019-10-30 00:00:00,97.45,97.5,96.98,97.11,50442,85733
2019-10-31 00:00:00,97.36,97.49,97.215,97.485,45224,81200
2019-11-01 00:00:00,97.58,97.6,97.43,97.5,25963,78514
2019-11-04 00:00:00,97.39,97.465,97.28,97.415,30711,77533
2019-11-05 00:00:00,97.29,97.825,97.25,97.795,55325,73897
2019-11-06 00:00:00,97.79,97.91,97.755,97.855,34231,69817
2019-11-07 00:00:00,97.79,97.86,97.715,97.81,29717,66659
2019-11-08 00:00:00,97.6,97.745,97.575,97.655,29365,63583
2019-11-11 00:00:00,97.655,97.97,97.63,97.97,32924,58534
2019-11-12 00:00:00,98.035,98.065,97.835,97.85,29673,52899
2019-11-13 00:00:00,97.9,97.995,97.84,97.98,21906,48642
2019-11-14 00:00:00,97.99,98.09,97.84,97.895,29542,44877
2019-11-15 00:00:00,97.94,98.04,97.825,98.01,28136,41073
2019-11-18 00:00:00,98.05,98.435,98.025,98.395,31165,37545
2019-11-19 00:00:00,98.485,98.565,98.445,98.505,19685,31985
2019-11-20 00:00:00,98.2,98.235,98.05,98.125,30846,63358
2019-11-21 00:00:00,98.16,98.285,98.125,98.175,28147,64955
2019-11-22 00:00:00,98.12,98.185,98.03,98.145,27735,66770
2019-11-25 00:00:00,98.09,98.13,97.88,97.915,31073,70035
2019-11-26 00:00:00,97.91,98.065,97.855,98.065,31802,71520
2019-11-27 00:00:00,98.035,98.14,97.99,98.01,29131,73813
2019-11-28 00:00:00,98.04,98.115,98.005,98.015,22519,74484
2019-11-29 00:00:00,98.015,98.15,97.945,98.015,29704,74985
2019-12-02 00:00:00,97.87,97.875,97.645,97.685,34494,74209
2019-12-03 00:00:00,97.725,97.805,97.675,97.79,25740,74789
2019-12-04 00:00:00,97.95,97.98,97.825,97.875,27029,76517
2019-12-05 00:00:00,97.83,97.935,97.765,97.885,22331,78205
2019-12-06 00:00:00,97.87,97.91,97.65,97.715,29766,78254
2019-12-09 00:00:00,97.65,97.695,97.55,97.655,27501,78165
2019-12-10 00:00:00,97.7,97.835,97.66,97.825,32923,78848
2019-12-11 00:00:00,97.755,97.945,97.71,97.925,31936,80286
2019-12-12 00:00:00,97.915,98.005,97.88,97.955,29656,80323
2019-12-13 00:00:00,97.825,97.905,97.75,97.76,34426,79429
2019-12-16 00:00:00,97.805,97.845,97.715,97.765,33276,80044
2019-12-17 00:00:00,97.715,97.72,97.45,97.53,46967,82258
2019-12-18 00:00:00,97.48,97.615,97.425,97.455,36294,82803
2019-12-19 00:00:00,97.485,97.58,97.45,97.56,27308,82759
2019-12-20 00:00:00,97.56,97.91,97.53,97.9,37001,82487
2019-12-23 00:00:00,97.86,97.99,97.84,97.985,29772,81698
2019-12-24 00:00:00,98.08,98.155,98.01,98.045,36380,81043
2019-12-25 00:00:00,98.07,98.13,98.0,98.13,26879,81235
2019-12-26 00:00:00,98.135,98.365,98.105,98.245,39867,79423
2019-12-27 00:00:00,98.2,98.245,98.055,98.195,33751,78818
2019-12-30 00:00:00,98.1,98.205,98.02,98.2,29051,78524
2019-12-31 00:00:00,98.17,98.235,98.11,98.135,27825,75155
2020-01-02 00:00:00,98.09,98.125,97.94,98.015,35081,76631
2020-01-03 00:00:00,98.01,98.075,97.86,97.975,34318,76547
2020-01-06 00:00:00,98.055,98.275,97.995,98.18,34127,76922
2020-01-07 00:00:00,98.125,98.15,97.99,98.005,35800,75532
2020-01-08 00:00:00,98.12,98.15,97.955,98.11,37795,73688
2020-01-09 00:00:00,98.04,98.39,97.92,98.23,58162,77995
2020-01-10 00:00:00,98.265,98.575,98.23,98.56,44323,79216
2020-01-13 00:00:00,98.55,98.585,98.455,98.5,26698,78046
2020-01-14 00:00:00,98.44,98.475,98.36,98.44,35781,76378
2020-01-15 00:00:00,98.51,98.625,98.41,98.525,37848,74856
2020-01-16 00:00:00,98.495,98.56,98.36,98.45,43538,73990
2020-01-17 00:00:00,98.45,98.65,98.35,98.62,47964,74156
2020-01-20 00:00:00,98.685,98.92,98.66,98.915,33605,73078
2020-01-21 00:00:00,98.9,99.19,98.87,99.165,41159,71089
2020-01-22 00:00:00,99.365,99.445,99.13,99.13,33043,68382
2020-01-23 00:00:00,99.325,99.7,99.24,99.69,37670,66494
2020-02-03 00:00:00,100.9,101.505,100.795,100.97,52196,57874
2020-02-04 00:00:00,100.965,100.985,100.78,100.785,33651,56434
2020-02-05 00:00:00,100.65,100.905,100.58,100.865,39011,55062
2020-02-06 00:00:00,100.8,100.975,100.735,100.91,34478,53963
2020-02-07 00:00:00,100.95,101.185,100.935,101.18,34681,53646
2020-02-10 00:00:00,101.3,101.3,101.045,101.08,34211,49476
2020-02-11 00:00:00,101.04,101.08,100.685,100.73,45899,42887
2020-02-12 00:00:00,100.68,100.86,100.605,100.715,35641,39174
2020-02-13 00:00:00,100.77,100.89,100.65,100.87,34674,36235
2020-02-14 00:00:00,100.86,100.895,100.375,100.39,38085,33321
2020-02-17 00:00:00,100.515,100.625,100.26,100.285,29080,29554
2020-02-18 00:00:00,100.485,100.7,100.42,100.645,23581,26450
2020-02-19 00:00:00,100.065,100.21,100.05,100.1,32091,49802
2020-02-20 00:00:00,100.045,100.075,99.78,99.885,47349,52637
2020-02-21 00:00:00,100.04,100.3,100.035,100.23,47436,55381
2020-02-24 00:00:00,100.43,100.57,100.38,100.47,42692,58611
2020-02-25 00:00:00,100.59,100.59,100.36,100.45,43646,58069
2020-02-26 00:00:00,100.55,100.62,100.285,100.435,50166,58711
2020-02-27 00:00:00,100.55,100.725,100.46,100.625,48591,60878
2020-02-28 00:00:00,100.845,101.115,100.8,101.11,60104,64307
2020-03-02 00:00:00,101.205,101.24,100.785,100.93,58093,64454
2020-03-03 00:00:00,100.71,100.9,100.59,100.795,49591,64395
2020-03-04 00:00:00,101.05,101.26,101.01,101.22,58620,69628
2020-03-05 00:00:00,101.15,101.225,101.025,101.165,43863,70106
2020-03-06 00:00:00,101.295,101.52,101.26,101.48,54666,73129
2020-03-09 00:00:00,102.125,102.255,101.865,101.935,59262,74925
2020-03-10 00:00:00,101.76,101.825,101.16,101.2,78559,72838
2020-03-11 00:00:00,101.08,101.54,101.07,101.53,57432,76951
2020-03-12 00:00:00,101.485,101.675,101.295,101.315,64284,75950
2020-03-13 00:00:00,101.405,101.545,100.855,100.995,96807,75734
2020-03-16 00:00:00,101.28,101.37,100.81,101.065,75564,74389
2020-03-17 00:00:00,101.0,101.025,100.61,100.62,76465,78977
2020-03-18 00:00:00,100.48,101.09,100.48,101.025,74457,81812
2020-03-19 00:00:00,100.93,101.045,100.535,100.65,78058,83316
2020-03-20 00:00:00,100.715,100.98,100.65,100.825,55854,84317
2020-03-23 00:00:00,101.08,101.345,101.03,101.33,52057,85879
2020-03-24 00:00:00,101.29,101.58,101.18,101.375,64862,86967
2020-03-25 00:00:00,101.25,101.79,101.165,101.57,68489,89017
2020-03-26 00:00:00,101.63,101.87,101.6,101.77,55744,90988
2020-03-27 00:00:00,101.84,101.895,101.52,101.55,62155,89626
2020-03-30 00:00:00,101.45,101.785,101.39,101.615,65836,88851
2020-03-31 00:00:00,101.56,101.93,101.44,101.925,56310,88226
2020-04-01 00:00:00,102.1,102.2,101.95,102.13,56070,88485
2020-04-02 00:00:00,102.1,102.18,101.82,101.87,54432,87900
2020-04-03 00:00:00,101.77,101.985,101.49,101.5,66326,87297
2020-04-07 00:00:00,101.855,102.8,101.81,102.305,94341,85337
2020-04-08 00:00:00,102.345,102.69,102.21,102.675,61566,86045
2020-04-09 00:00:00,102.55,102.56,102.16,102.38,58585,83528
2020-04-10 00:00:00,102.395,102.395,101.945,102.195,77049,84878
2020-04-13 00:00:00,102.14,102.325,101.93,102.23,53193,84533
2020-04-14 00:00:00,102.3,102.425,102.16,102.215,50759,83565
2020-04-15 00:00:00,102.31,102.53,102.27,102.43,56154,84127
2020-04-16 00:00:00,102.575,102.755,102.54,102.59,45407,83226
2020-04-17 00:00:00,102.595,102.675,102.305,102.31,60354,82156
2020-04-20 00:00:00,102.33,102.455,102.025,102.125,53405,82746
2020-04-21 00:00:00,102.13,102.285,102.07,102.18,52287,81003
2020-04-22 00:00:00,102.285,102.54,102.25,102.445,50249,78696
2020-04-23 00:00:00,102.45,103.22,102.32,103.085,80223,77916
2020-04-24 00:00:00,103.22,103.485,103.005,103.315,75000,75141
2020-04-27 00:00:00,103.025,103.13,102.92,103.105,45013,72128
2020-04-28 00:00:00,103.125,103.305,103.07,103.26,44219,68669
2020-04-29 00:00:00,103.3,103.485,103.235,103.47,40650,66639
2020-04-30 00:00:00,103.37,103.39,102.92,102.94,46892,62139
2020-05-06 00:00:00,102.97,103.115,102.595,102.635,42113,60385
2020-05-07 00:00:00,102.51,102.595,102.09,102.105,63299,58079
2020-05-08 00:00:00,102.19,102.32,101.78,102.14,75236,53172
2020-05-11 00:00:00,102.065,102.13,101.545,101.635,64331,53697
2020-05-12 00:00:00,101.805,102.04,101.67,101.895,62297,47496
2020-05-13 00:00:00,101.915,102.035,101.595,101.655,52708,45258
2020-05-14 00:00:00,101.71,101.77,101.215,101.695,57460,40496
2020-05-15 00:00:00,101.15,101.23,100.74,101.12,76984,55583
2020-05-18 00:00:00,100.96,100.99,100.53,100.61,80439,61034
2020-05-19 00:00:00,100.385,100.855,100.255,100.7,83497,65791
2020-05-20 00:00:00,100.8,101.095,100.71,100.93,68304,65217
2020-05-21 00:00:00,100.94,101.215,100.905,101.04,62529,64312
2020-05-22 00:00:00,101.24,101.73,101.235,101.725,81408,65668
2020-05-25 00:00:00,101.55,101.58,101.185,101.215,60508,65105
2020-05-26 00:00:00,101.15,101.48,100.665,100.795,84801,68663
2020-05-27 00:00:00,100.81,100.995,100.7,100.925,76012,71036
2020-05-28 00:00:00,101.0,101.315,100.915,101.18,79241,72839
2020-05-29 00:00:00,101.23,101.37,100.96,100.985,67505,73275
2020-06-01 00:00:00,101.15,101.195,100.71,100.805,59484,74112
2020-06-02 00:00:00,100.68,100.7,100.295,100.3,83262,75978
2020-06-03 00:00:00,100.21,100.405,99.895,100.375,113223,75391
2020-06-04 00:00:00,100.21,100.375,100.025,100.105,63813,76325
2020-06-05 00:00:00,100.045,100.225,99.795,99.845,83945,78300
2020-06-08 00:00:00,99.835,100.255,99.725,100.175,65959,77930
2020-06-09 00:00:00,100.14,100.355,100.02,100.05,62231,76982
2020-06-10 00:00:00,100.145,100.24,99.925,100.125,67476,76929
2020-06-11 00:00:00,100.195,100.54,100.135,100.44,66178,76689
2020-06-12 00:00:00,100.7,100.76,100.54,100.655,67312,73004
2020-06-15 00:00:00,100.81,101.03,100.66,100.785,66016,73393
2020-06-16 00:00:00,100.3,100.43,100.14,100.16,75157,76824
2020-06-17 00:00:00,100.105,100.275,100.035,100.065,61683,79609
2020-06-18 00:00:00,100.385,100.465,100.04,100.195,73885,80034
2020-06-19 00:00:00,100.205,100.24,99.95,100.22,66307,80970
2020-06-22 00:00:00,100.155,100.23,99.94,99.95,47200,83856
2020-06-23 00:00:00,99.895,100.11,99.645,99.91,82356,86019
2020-06-24 00:00:00,99.98,100.205,99.935,100.145,50684,82467
2020-06-29 00:00:00,100.13,100.345,100.055,100.19,48449,81881
2020-06-30 00:00:00,100.145,100.32,99.99,100.315,55126,82466
2020-07-01 00:00:00,100.28,100.4,100.18,100.25,48642,83678
2020-07-02 00:00:00,100.295,100.33,100.13,100.275,50770,83189
2020-07-03 00:00:00,100.16,100.21,99.94,99.965,60152,85687
2020-07-06 00:00:00,99.77,99.8,98.92,98.935,87906,92805
2020-07-07 00:00:00,98.6,99.06,98.485,98.97,87000,90743
2020-07-08 00:00:00,98.905,98.995,98.425,98.535,89459,91141
2020-07-09 00:00:00,98.405,98.575,98.025,98.435,121408,91597
2020-07-10 00:00:00,98.49,98.79,98.46,98.57,86832,90353
2020-07-13 00:00:00,98.59,98.615,98.235,98.38,80519,92768
2020-07-14 00:00:00,98.56,98.76,98.55,98.635,72177,91186
2020-07-15 00:00:00,98.6,99.035,98.49,99.025,89131,90375
2020-07-16 00:00:00,98.99,99.36,98.9,99.27,84554,88223
2020-07-17 00:00:00,99.21,99.465,99.045,99.185,83262,86321
2020-07-20 00:00:00,99.17,99.255,99.02,99.245,57194,84541
2020-07-21 00:00:00,99.495,99.57,99.28,99.385,61456,83936
2020-07-22 00:00:00,99.325,99.775,99.085,99.77,77308,85722
2020-07-23 00:00:00,99.7,99.79,99.52,99.655,62627,84405
2020-07-24 00:00:00,99.62,100.075,99.56,99.985,72801,81720
2020-07-27 00:00:00,99.93,99.96,99.73,99.855,50301,81034
2020-07-28 00:00:00,99.625,99.715,99.455,99.5,65595,80819
2020-07-29 00:00:00,99.51,99.58,99.17,99.235,58675,82211
2020-07-30 00:00:00,99.13,99.275,99.075,99.16,49201,83433
2020-07-31 00:00:00,99.055,99.085,98.78,98.84,68138,84956
2020-08-03 00:00:00,98.64,99.115,98.64,99.07,59186,82369
2020-08-04 00:00:00,98.995,99.275,98.925,99.19,57324,80011
2020-08-05 00:00:00,99.235,99.39,98.955,98.99,71706,77843
2020-08-06 00:00:00,98.88,99.115,98.835,98.89,59968,75127
2020-08-07 00:00:00,98.84,99.06,98.655,98.795,75239,70745
2020-08-10 00:00:00,98.865,99.275,98.84,99.265,60980,66183
2020-08-11 00:00:00,99.245,99.245,98.935,99.195,69250,60917
2020-08-12 00:00:00,99.165,99.35,98.86,99.3,75056,56949
2020-08-13 00:00:00,99.175,99.445,99.16,99.33,49721,56191
2020-08-14 00:00:00,99.45,99.615,99.315,99.5,51363,53906
2020-08-17 00:00:00,99.65,99.7,99.47,99.56,41612,48540
2020-08-18 00:00:00,99.495,99.565,99.29,99.365,39601,39421
2020-08-19 00:00:00,99.285,99.415,99.03,99.055,34542,32615
2020-08-20 00:00:00,98.43,98.5,98.11,98.185,56518,69429
2020-08-21 00:00:00,98.195,98.46,98.19,98.38,46839,71589
2020-08-24 00:00:00,98.33,98.51,98.27,98.285,45655,73181
2020-08-25 00:00:00,98.125,98.16,97.875,97.935,76706,81918
2020-08-26 00:00:00,97.99,98.135,97.7,97.71,60357,86541
2020-08-27 00:00:00,97.74,97.915,97.65,97.825,60553,85781
2020-08-28 00:00:00,97.71,97.835,97.575,97.795,70500,87681
2020-08-31 00:00:00,97.805,98.08,97.785,98.045,50067,88735
2020-09-01 00:00:00,98.045,98.12,97.905,97.97,49154,92601
2020-09-02 00:00:00,97.81,97.88,97.565,97.695,67547,99635
2020-09-03 00:00:00,97.58,97.885,97.475,97.845,74376,101033
2020-09-04 00:00:00,97.86,97.925,97.67,97.69,46487,101483
2020-09-07 00:00:00,97.605,97.675,97.44,97.59,61523,104390
2020-09-08 00:00:00,97.685,97.97,97.68,97.9,62983,102125
2020-09-09 00:00:00,98.0,98.29,97.955,98.27,69006,98053
2020-09-10 00:00:00,98.145,98.39,98.105,98.34,58684,97901
2020-09-11 00:00:00,98.21,98.235,97.855,97.86,69248,100300
2020-09-14 00:00:00,97.76,97.765,97.51,97.7,61295,101938
2020-09-15 00:00:00,97.8,98.12,97.705,98.035,67705,100427
2020-09-16 00:00:00,98.1,98.23,97.95,97.955,66042,101935
2020-09-17 00:00:00,97.94,98.105,97.825,97.885,58337,101453
2020-09-18 00:00:00,97.895,98.135,97.78,97.865,69559,102919
2020-09-21 00:00:00,97.94,98.305,97.91,98.255,70854,104129
2020-09-22 00:00:00,98.38,98.56,98.255,98.545,79906,106101
2020-09-23 00:00:00,98.48,98.57,98.28,98.415,63093,104364
2020-09-24 00:00:00,98.455,98.595,98.26,98.345,72980,103019
2020-09-25 00:00:00,98.275,98.325,98.065,98.1,68004,103341
2020-09-28 00:00:00,98.09,98.285,98.04,98.275,45643,104409
2020-09-29 00:00:00,98.265,98.275,97.985,98.045,50894,103971
2020-09-30 00:00:00,98.11,98.185,97.73,97.775,50524,102112
2020-10-09 00:00:00,97.54,97.665,97.455,97.455,43798,105698
2020-10-12 00:00:00,97.425,97.68,97.325,97.625,53567,106656
2020-10-13 00:00:00,97.63,97.665,97.505,97.535,46713,108066
2020-10-14 00:00:00,97.51,97.585,97.35,97.525,66644,108905
2020-10-15 00:00:00,97.445,97.62,97.285,97.355,59346,110544
2020-10-16 00:00:00,97.35,97.515,97.255,97.495,53091,109710
2020-10-19 00:00:00,97.485,97.85,97.455,97.815,66414,108902
2020-10-20 00:00:00,97.74,97.895,97.625,97.875,52999,109840
2020-10-21 00:00:00,97.82,97.985,97.765,97.82,55468,109350
2020-10-22 00:00:00,97.925,98.135,97.92,98.13,64567,111754
2020-10-23 00:00:00,98.045,98.16,97.92,97.965,64353,112996
2020-10-26 00:00:00,97.9,98.13,97.85,97.99,59679,112611
2020-10-27 00:00:00,98.02,98.245,97.99,98.215,59150,116133
2020-10-28 00:00:00,98.315,98.365,98.005,98.14,72986,111990
2020-10-29 00:00:00,98.21,98.285,97.985,98.03,60016,107966
2020-10-30 00:00:00,98.02,98.19,97.93,98.085,55574,106422
2020-11-02 00:00:00,98.03,98.315,97.965,98.3,53303,108207
2020-11-03 00:00:00,98.325,98.39,98.235,98.345,59928,106882
2020-11-04 00:00:00,98.3,98.46,98.19,98.44,72945,108000
2020-11-05 00:00:00,98.345,98.485,98.27,98.3,67178,102780
2020-11-06 00:00:00,98.2,98.275,98.055,98.065,57037,100247
2020-11-09 00:00:00,98.03,98.05,97.78,97.88,57940,94319
2020-11-10 00:00:00,97.695,98.06,97.625,97.925,58963,87913
2020-11-11 00:00:00,98.005,98.045,97.86,97.92,44917,85913
2020-11-12 00:00:00,97.82,97.995,97.81,97.845,47029,81763
2020-11-13 00:00:00,97.8,97.925,97.555,97.635,75633,76740
2020-11-16 00:00:00,97.74,97.85,97.6,97.62,50955,70909
2020-11-17 00:00:00,97.63,97.65,97.455,97.515,46272,62711
2020-11-18 00:00:00,97.495,97.515,97.195,97.215,49431,54076
2020-11-19 00:00:00,97.115,97.32,97.075,97.145,40610,45562
2020-11-20 00:00:00,96.84,97.12,96.755,97.02,68173,93622
2020-11-23 00:00:00,97.215,97.35,97.175,97.295,56427,96355
2020-11-24 00:00:00,97.295,97.365,97.165,97.185,48742,101561
2020-11-25 00:00:00,97.165,97.48,97.16,97.45,62833,104140
2020-11-26 00:00:00,97.45,97.51,97.275,97.315,47539,105371
2020-11-27 00:00:00,97.355,97.47,97.175,97.175,56971,105736
2020-11-30 00:00:00,97.35,97.7,97.35,97.67,70718,106085
2020-12-01 00:00:00,97.6,97.625,97.415,97.485,51170,104959
2020-12-02 00:00:00,97.395,97.405,97.18,97.255,55226,106207
2020-12-03 00:00:00,97.3,97.35,97.15,97.235,45120,106932
2020-12-04 00:00:00,97.285,97.485,97.255,97.435,48949,106728
2020-12-07 00:00:00,97.35,97.385,97.225,97.31,52215,105215
2020-12-08 00:00:00,97.395,97.615,97.385,97.535,54091,109613
2020-12-09 00:00:00,97.58,97.61,97.38,97.5,59271,109296
2020-12-10 00:00:00,97.53,97.67,97.53,97.545,48607,111507
2020-12-11 00:00:00,97.52,97.52,97.19,97.215,70528,107692
2020-12-14 00:00:00,97.2,97.295,97.15,97.22,50462,107314
2020-12-15 00:00:00,97.41,97.495,97.34,97.36,54155,105881
2020-12-16 00:00:00,97.38,97.455,97.26,97.345,44365,107018
2020-12-17 00:00:00,97.365,97.425,97.185,97.22,48544,108207
2020-12-18 00:00:00,97.195,97.3,97.055,97.065,53864,110417
2020-12-21 00:00:00,97.185,97.32,97.185,97.27,40717,108767
2020-12-22 00:00:00,97.45,97.69,97.4,97.63,59540,111235
2020-12-23 00:00:00,97.7,97.77,97.64,97.745,53509,113306
2020-12-24 00:00:00,97.725,97.78,97.55,97.605,47625,113349
2020-12-25 00:00:00,97.68,97.87,97.57,97.855,48631,116934
2020-12-28 00:00:00,97.975,98.005,97.845,97.88,40961,114411
2020-12-29 00:00:00,97.98,98.09,97.915,98.02,44125,116319
2020-12-30 00:00:00,97.98,98.22,97.945,98.21,48822,116320
2020-12-31 00:00:00,98.34,98.35,97.925,97.995,60514,113589
2021-01-04 00:00:00,97.95,98.065,97.805,97.84,46679,112509
2021-01-05 00:00:00,97.885,98.135,97.845,98.07,46983,115753
2021-01-06 00:00:00,98.12,98.245,97.995,98.105,55342,116340
2021-01-07 00:00:00,98.225,98.285,98.1,98.125,54330,118834
2021-01-08 00:00:00,98.105,98.12,97.825,97.94,57755,113832
2021-01-11 00:00:00,97.9,97.94,97.655,97.835,62679,110479
2021-01-12 00:00:00,97.85,97.975,97.74,97.965,51395,109340
2021-01-13 00:00:00,97.915,98.085,97.865,98.04,54430,114162
2021-01-14 00:00:00,98.19,98.405,98.085,98.2,68076,114323
2021-01-15 00:00:00,98.19,98.275,97.91,97.92,62019,116908
2021-01-18 00:00:00,97.84,97.9,97.72,97.825,57522,112792
2021-01-19 00:00:00,97.825,97.96,97.805,97.86,43940,110995
2021-01-20 00:00:00,97.96,98.01,97.82,97.97,49212,109920
2021-01-21 00:00:00,98.005,98.185,97.95,98.185,56377,111007
2021-01-22 00:00:00,98.1,98.36,98.015,98.35,58512,114632
2021-01-25 00:00:00,98.27,98.44,98.175,98.335,60305,118000
2021-01-26 00:00:00,98.15,98.15,97.905,97.925,68000,113462
2021-01-27 00:00:00,97.93,98.045,97.85,97.97,55956,108297
2021-01-28 00:00:00,97.9,97.96,97.66,97.68,63120,108866
2021-01-29 00:00:00,97.725,97.825,97.4,97.745,94584,107768
2021-02-01 00:00:00,97.8,97.91,97.75,97.805,44333,104221
2021-02-02 00:00:00,97.81,97.865,97.71,97.75,40100,101537
2021-02-03 00:00:00,97.65,97.675,97.345,97.41,71647,99963
2021-02-04 00:00:00,97.43,97.47,97.155,97.23,61349,94171
2021-02-05 00:00:00,97.18,97.395,97.145,97.235,61003,84507
2021-02-08 00:00:00,97.305,97.315,97.065,97.275,63180,69250
2021-02-09 00:00:00,97.285,97.41,97.22,97.325,42819,59406
2021-02-10 00:00:00,97.24,97.285,97.035,97.14,38216,53231
2021-02-18 00:00:00,96.96,96.96,96.675,96.765,38835,42858
2021-02-19 00:00:00,96.56,96.75,96.56,96.68,49010,99076
2021-02-22 00:00:00,96.54,96.63,96.41,96.605,53557,103213
2021-02-23 00:00:00,96.52,96.745,96.5,96.64,42658,106284
2021-02-24 00:00:00,96.73,96.855,96.695,96.715,46056,106532
2021-02-25 00:00:00,96.6,96.7,96.53,96.65,42935,109028
2021-02-26 00:00:00,96.695,96.73,96.42,96.435,50763,113664
2021-03-01 00:00:00,96.55,96.82,96.545,96.81,49555,113122
2021-03-02 00:00:00,96.835,96.975,96.785,96.865,45479,112692
2021-03-03 00:00:00,96.865,97.015,96.77,96.82,47649,113852
2021-03-04 00:00:00,96.78,96.825,96.66,96.7,46765,115266
2021-03-05 00:00:00,96.62,97.07,96.61,97.045,71503,120754
2021-03-08 00:00:00,96.945,97.205,96.88,97.155,62355,121575
2021-03-09 00:00:00,97.08,97.19,96.91,97.07,68564,119222
2021-03-10 00:00:00,97.05,97.225,96.95,97.175,70841,122664
2021-03-11 00:00:00,97.17,97.2,96.96,96.965,78520,119511
2021-03-12 00:00:00,96.96,97.02,96.85,96.89,57529,119292
2021-03-15 00:00:00,96.885,96.89,96.66,96.745,62560,120427
2021-03-16 00:00:00,96.765,96.905,96.755,96.805,52794,117712
2021-03-17 00:00:00,96.855,96.99,96.855,96.9,54591,117916
2021-03-18 00:00:00,96.905,96.925,96.74,96.795,49064,119032
2021-03-19 00:00:00,96.85,97.12,96.85,97.065,64278,119041
2021-03-22 00:00:00,97.11,97.2,97.05,97.12,40987,119663
2021-03-23 00:00:00,97.08,97.27,97.055,97.22,51667,122625
2021-03-24 00:00:00,97.425,97.55,97.39,97.52,62881,125158
2021-03-25 00:00:00,97.52,97.57,97.43,97.57,44048,127200
2021-03-26 00:00:00,97.52,97.525,97.41,97.44,51600,126386
2021-03-29 00:00:00,97.405,97.455,97.325,97.42,45709,125968
2021-03-30 00:00:00,97.465,97.61,97.305,97.33,60742,126173
2021-03-31 00:00:00,97.34,97.505,97.34,97.485,44663,127288
2021-04-01 00:00:00,97.46,97.49,97.335,97.4,53250,126227
2021-04-02 00:00:00,97.4,97.57,97.375,97.425,55190,126338
2021-04-06 00:00:00,97.4,97.4,97.265,97.345,45309,123328
2021-04-07 00:00:00,97.3,97.365,97.185,97.195,50869,122937
2021-04-08 00:00:00,97.22,97.265,97.115,97.115,51309,122406
2021-04-09 00:00:00,97.195,97.3,97.15,97.205,50321,120756
2021-04-12 00:00:00,97.245,97.49,97.235,97.46,56113,123723
2021-04-13 00:00:00,97.63,97.825,97.63,97.805,70439,123432
2021-04-14 00:00:00,97.775,97.81,97.7,97.79,40615,124083
2021-04-15 00:00:00,97.8,97.82,97.67,97.7,37190,122425
2021-04-16 00:00:00,97.67,97.81,97.62,97.785,48831,123227
2021-04-19 00:00:00,97.765,97.935,97.705,97.865,54793,123707
2021-04-20 00:00:00,97.915,97.955,97.83,97.88,43200,124479
2021-04-21 00:00:00,97.85,97.99,97.82,97.97,60297,126699
2021-04-22 00:00:00,97.92,97.945,97.805,97.885,51805,122676
2021-04-23 00:00:00,97.87,97.97,97.81,97.915,50241,121908
2021-04-26 00:00:00,97.75,97.75,97.605,97.675,63629,112981
2021-04-27 00:00:00,97.685,97.77,97.56,97.58,54230,111024
2021-04-28 00:00:00,97.64,97.73,97.605,97.64,43319,109911
2021-04-29 00:00:00,97.71,97.795,97.565,97.635,57437,104127
2021-04-30 00:00:00,97.645,98.015,97.635,98.015,63785,109630
2021-05-06 00:00:00,98.02,98.125,97.955,98.075,44387,107968
2021-05-07 00:00:00,98.075,98.16,97.9,97.945,55653,100735
2021-05-10 00:00:00,97.905,97.995,97.83,97.99,47675,92523
2021-05-11 00:00:00,98.02,98.235,98.005,98.21,59205,95208
2021-05-12 00:00:00,98.27,98.315,98.17,98.255,53404,90003
2021-05-13 00:00:00,98.185,98.3,98.045,98.3,46474,85903
2021-05-14 00:00:00,98.29,98.44,98.25,98.35,53616,81042
2021-05-17 00:00:00,98.305,98.44,98.17,98.27,56548,67891
2021-05-18 00:00:00,98.28,98.33,98.105,98.22,50835,55685
2021-05-19 00:00:00,98.265,98.515,98.265,98.51,42862,49306
2021-05-20 00:00:00,98.2,98.425,98.115,98.425,94097,114368
2021-05-21 00:00:00,98.41,98.635,98.325,98.61,71343,122112
2021-05-24 00:00:00,98.61,98.65,98.385,98.485,60079,119636
2021-05-25 00:00:00,98.44,98.47,98.3,98.46,60280,119369
2021-05-26 00:00:00,98.48,98.695,98.475,98.56,70938,123448
2021-05-27 00:00:00,98.51,98.525,98.355,98.36,62626,120822
2021-05-28 00:00:00,98.325,98.36,98.2,98.265,63758,119810
2021-05-31 00:00:00,98.23,98.435,98.155,98.38,61957,122919
2021-06-01 00:00:00,98.42,98.57,98.385,98.405,56446,123949
2021-06-02 00:00:00,98.37,98.43,98.18,98.2,71186,122293
2021-06-03 00:00:00,98.24,98.31,98.175,98.295,53363,121946
2021-06-04 00:00:00,98.3,98.37,97.985,98.02,85137,123338
2021-06-07 00:00:00,97.9,97.94,97.785,97.815,61316,125248
2021-06-08 00:00:00,97.905,97.965,97.815,97.86,46698,126513
2021-06-09 00:00:00,97.88,97.91,97.715,97.77,52805,129126
2021-06-10 00:00:00,97.91,97.98,97.855,97.88,54649,127918
2021-06-11 00:00:00,97.88,97.935,97.665,97.69,63532,132556
2021-06-15 00:00:00,97.65,97.805,97.605,97.76,54615,133986
2021-06-16 00:00:00,97.76,97.87,97.73,97.77,60311,134879
2021-06-17 00:00:00,97.7,97.85,97.645,97.675,60387,137440
2021-06-18 00:00:00,97.69,98.04,97.69,98.01,92358,137250
2021-06-21 00:00:00,98.105,98.3,98.075,98.285,66530,141001
2021-06-22 00:00:00,98.2,98.32,98.175,98.31,58862,144971
2021-06-23 00:00:00,98.3,98.4,98.255,98.335,53032,148317
2021-06-24 00:00:00,98.4,98.47,98.28,98.325,54675,147332
2021-06-25 00:00:00,98.32,98.375,98.245,98.285,50435,147084
2021-06-28 00:00:00,98.305,98.4,98.16,98.165,57491,144736
2021-06-29 00:00:00,98.16,98.35,98.14,98.32,56856,147095
2021-06-30 00:00:00,98.295,98.465,98.275,98.42,63598,151188
2021-07-01 00:00:00,98.44,98.535,98.295,98.315,62101,150786
2021-07-02 00:00:00,98.335,98.465,98.33,98.37,57659,155065
2021-07-05 00:00:00,98.43,98.485,98.31,98.395,46459,154369
2021-07-06 00:00:00,98.385,98.44,98.26,98.28,62749,153661
2021-07-07 00:00:00,98.335,98.72,98.305,98.675,92491,166897
2021-07-08 00:00:00,98.985,99.125,98.885,99.065,79106,156583
2021-07-09 00:00:00,99.03,99.115,98.88,99.005,58944,154104
2021-07-12 00:00:00,99.11,99.415,99.035,99.37,78481,154843
2021-07-13 00:00:00,99.42,99.485,99.34,99.425,55596,154365
2021-07-14 00:00:00,99.525,99.73,99.455,99.605,68897,153988
2021-07-15 00:00:00,99.5,99.51,99.215,99.24,83663,149111
2021-07-16 00:00:00,99.28,99.41,99.23,99.39,49118,149093
2021-07-19 00:00:00,99.37,99.43,99.285,99.355,45957,148954
2021-07-20 00:00:00,99.44,99.615,99.43,99.52,65914,149410
2021-07-21 00:00:00,99.5,99.69,99.46,99.685,54302,152472
2021-07-22 00:00:00,99.63,99.63,99.51,99.59,55841,147853
2021-07-23 00:00:00,99.61,99.775,99.61,99.735,62448,150037
2021-07-26 00:00:00,99.84,99.985,99.815,99.93,64774,150013
2021-07-27 00:00:00,99.92,100.08,99.55,99.6,86661,145280
2021-07-28 00:00:00,99.72,99.865,99.68,99.73,59017,142391
2021-07-29 00:00:00,99.805,99.95,99.765,99.855,56456,142125
2021-07-30 00:00:00,100.02,100.365,100.02,100.355,65508,143064
2021-08-02 00:00:00,100.6,100.67,100.315,100.495,86608,128529
2021-08-03 00:00:00,100.48,100.485,100.235,100.33,63468,122834
2021-08-04 00:00:00,100.29,100.32,100.16,100.3,57894,123323
2021-08-05 00:00:00,100.38,100.58,100.315,100.55,51747,122659
2021-08-06 00:00:00,100.45,100.505,100.38,100.485,46889,121623
2021-08-09 00:00:00,100.4,100.4,99.92,99.94,85938,108160
2021-08-10 00:00:00,99.86,100.045,99.775,99.925,63993,101288
2021-08-11 00:00:00,99.9,99.925,99.72,99.8,58983,94119
2021-08-12 00:00:00,99.87,100.08,99.87,100.01,53305,85837
2021-08-13 00:00:00,100.01,100.045,99.82,99.895,60383,73432
2021-08-16 00:00:00,99.94,100.035,99.775,99.805,62722,61244
2021-08-17 00:00:00,99.83,99.985,99.75,99.925,47249,51901
2021-08-18 00:00:00,99.88,100.32,99.815,100.305,48810,42433
2021-08-19 00:00:00,100.13,100.195,99.955,100.13,66313,127296
2021-08-20 00:00:00,100.13,100.155,99.95,99.995,56698,127379
2021-08-23 00:00:00,99.925,99.99,99.805,99.845,53560,127340
2021-08-24 00:00:00,99.77,100.005,99.75,99.995,57279,132096
2021-08-25 00:00:00,100.095,100.22,100.06,100.115,60105,135336
2021-08-26 00:00:00,99.98,99.995,99.725,99.73,73647,135741
2021-08-27 00:00:00,99.84,99.935,99.81,99.9,58772,139852
2021-08-30 00:00:00,99.89,100.15,99.785,100.1,59585,144312
2021-08-31 00:00:00,100.12,100.21,99.94,99.995,60332,144436
2021-09-01 00:00:00,100.065,100.48,100.06,100.46,81600,152216
2021-09-02 00:00:00,100.375,100.48,100.295,100.34,55019,152178
2021-09-03 00:00:00,100.3,100.44,100.26,100.275,47436,152475
2021-09-06 00:00:00,100.32,100.465,100.165,100.2,65629,149977
2021-09-07 00:00:00,100.22,100.23,99.95,99.96,61435,146198
2021-09-08 00:00:00,99.96,100.09,99.84,99.96,66031,150324
2021-09-09 00:00:00,99.955,100.045,99.855,99.88,49071,150888
2021-09-10 00:00:00,99.925,100.005,99.815,99.985,66457,150702
2021-09-13 00:00:00,100.035,100.09,99.59,99.61,83165,151869
2021-09-14 00:00:00,99.61,99.715,99.525,99.655,70536,151114
2021-09-15 00:00:00,99.75,99.85,99.465,99.48,81114,151854
2021-09-16 00:00:00,99.495,99.655,99.43,99.625,71374,148586
2021-09-17 00:00:00,99.72,99.82,99.655,99.785,53439,151765
2021-09-22 00:00:00,99.91,100.0,99.9,99.97,49210,150666
2021-09-23 00:00:00,99.905,100.155,99.84,100.085,62574,152622
2021-09-24 00:00:00,100.0,100.055,99.865,99.91,56956,152743
2021-09-27 00:00:00,99.91,100.045,99.765,99.805,62829,151812
2021-09-28 00:00:00,99.785,99.835,99.66,99.715,51388,149312
2021-09-29 00:00:00,99.715,99.96,99.68,99.945,56915,149458
2021-09-30 00:00:00,99.965,100.045,99.765,99.86,57501,148135
2021-10-08 00:00:00,99.74,99.74,99.495,99.505,57686,150377
2021-10-11 00:00:00,99.38,99.38,99.07,99.075,69453,152355
2021-10-12 00:00:00,99.13,99.205,98.985,99.105,65474,151263
2021-10-13 00:00:00,99.145,99.27,99.01,99.125,63596,153185
2021-10-14 00:00:00,99.2,99.285,99.115,99.17,51821,152727
2021-10-15 00:00:00,99.12,99.35,98.955,99.14,88833,155426
2021-10-18 00:00:00,98.72,98.785,98.655,98.67,65646,155423
2021-10-19 00:00:00,98.665,98.945,98.625,98.92,70354,157395
2021-10-20 00:00:00,99.05,99.09,98.84,98.875,63090,156646
2021-10-21 00:00:00,99.0,99.195,98.98,99.185,54625,155273
2021-10-22 00:00:00,99.11,99.18,99.005,99.04,53364,154592
2021-10-25 00:00:00,99.1,99.165,98.925,99.04,50492,154746
2021-10-26 00:00:00,99.06,99.255,99.01,99.15,53982,152396
2021-10-27 00:00:00,99.175,99.275,99.095,99.15,49810,149503
2021-10-28 00:00:00,99.16,99.335,99.055,99.27,71595,150648
2021-10-29 00:00:00,99.3,99.365,99.115,99.185,58105,146116
2021-11-01 00:00:00,99.265,99.5,99.26,99.49,64329,146644
2021-11-02 00:00:00,99.47,99.76,99.4,99.69,78769,142366
2021-11-03 00:00:00,99.735,99.83,99.6,99.675,57703,139785
2021-11-04 00:00:00,99.675,99.79,99.645,99.755,43281,139313
2021-11-05 00:00:00,99.97,100.145,99.96,100.12,69412,137765
2021-11-08 00:00:00,100.155,100.215,99.96,100.08,52678,133774
2021-11-09 00:00:00,99.99,100.17,99.875,100.155,58700,132710
2021-11-10 00:00:00,100.195,100.28,100.01,100.065,61799,128070
2021-11-11 00:00:00,99.91,100.0,99.785,99.835,67750,116047
2021-11-12 00:00:00,99.83,99.995,99.74,99.785,52940,109531
2021-11-15 00:00:00,99.81,100.1,99.755,100.075,59937,104679
2021-11-16 00:00:00,100.095,100.205,99.9,100.04,61764,93190
2021-11-17 00:00:00,100.005,100.065,99.925,99.97,43686,82406
2021-11-18 00:00:00,99.995,100.16,99.97,100.11,57351,65553
2021-11-19 00:00:00,100.095,100.21,99.75,99.78,64757,44090
2021-11-22 00:00:00,99.75,99.905,99.75,99.875,64714,143270
2021-11-23 00:00:00,99.825,99.865,99.67,99.815,61754,142287
2021-11-24 00:00:00,99.87,100.18,99.825,100.145,70410,151620
2021-11-25 00:00:00,100.09,100.155,100.035,100.08,51086,152381
2021-11-26 00:00:00,100.185,100.415,100.185,100.355,57084,159777
2021-11-29 00:00:00,100.33,100.355,100.185,100.275,57253,157147
2021-11-30 00:00:00,100.14,100.265,100.02,100.22,69027,158950
2021-12-01 00:00:00,100.16,100.175,100.02,100.085,50982,156487
2021-12-02 00:00:00,100.085,100.14,99.89,99.92,68080,156294
2021-12-03 00:00:00,99.925,99.97,99.725,99.745,68812,151866
2021-12-06 00:00:00,100.16,100.265,100.115,100.195,66577,150869
2021-12-07 00:00:00,100.145,100.165,99.785,99.805,91909,147293
2021-12-08 00:00:00,99.805,99.895,99.705,99.765,56681,147027
2021-12-09 00:00:00,99.765,99.94,99.655,99.855,68392,143373
2021-12-10 00:00:00,99.93,100.07,99.915,100.015,54030,143651
2021-12-13 00:00:00,99.95,100.04,99.715,99.91,75380,145982
2021-12-14 00:00:00,99.96,100.185,99.96,100.105,62767,150088
2021-12-15 00:00:00,100.005,100.18,99.96,100.145,50745,149461
2021-12-16 00:00:00,100.065,100.08,99.86,99.975,62742,147271
2021-12-17 00:00:00,99.97,100.24,99.915,100.08,77415,153202
2021-12-20 00:00:00,100.005,100.155,99.855,100.055,62042,153138
2021-12-21 00:00:00,100.015,100.105,99.92,100.1,59370,153363
2021-12-22 00:00:00,100.06,100.325,100.04,100.315,68816,163013
2021-12-23 00:00:00,100.325,100.5,100.3,100.485,61897,171219
2021-12-24 00:00:00,100.445,100.52,100.33,100.375,50852,167664
2021-12-27 00:00:00,100.47,100.67,100.395,100.465,65056,169115
2021-12-28 00:00:00,100.55,100.58,100.405,100.53,46854,169410
2021-12-29 00:00:00,100.615,100.68,100.535,100.635,51661,170901
2021-12-30 00:00:00,100.59,100.85,100.51,100.85,56609,175505
2021-12-31 00:00:00,100.705,100.835,100.67,100.735,52131,169952
2022-01-04 00:00:00,100.63,100.755,100.525,100.75,62088,169685
2022-01-05 00:00:00,100.7,100.73,100.53,100.6,57614,167089
2022-01-06 00:00:00,100.495,100.5,100.35,100.39,70477,163061
2022-01-07 00:00:00,100.38,100.48,100.33,100.41,51187,160867
2022-01-10 00:00:00,100.48,100.605,100.455,100.55,51591,160557
2022-01-11 00:00:00,100.525,100.715,100.46,100.69,57865,163131
2022-01-12 00:00:00,100.715,100.815,100.615,100.635,64971,155893
2022-01-13 00:00:00,100.625,100.74,100.59,100.63,52859,154491
2022-01-14 00:00:00,100.69,100.79,100.61,100.675,64448,159236
2022-01-17 00:00:00,100.85,101.02,100.695,100.73,79148,158276
2022-01-18 00:00:00,100.805,101.085,100.805,101.055,71717,160584
2022-01-19 00:00:00,101.375,101.405,101.215,101.245,68192,154041
2022-01-20 00:00:00,101.255,101.285,101.13,101.205,48368,151434
2022-01-21 00:00:00,101.275,101.4,101.21,101.38,51363,152012
2022-01-24 00:00:00,101.56,101.58,101.36,101.5,55110,147470
2022-01-25 00:00:00,101.495,101.525,101.35,101.52,52477,143589
2022-01-26 00:00:00,101.395,101.445,101.165,101.245,69214,138527
2022-01-27 00:00:00,101.19,101.29,101.06,101.115,52619,136549
2022-01-28 00:00:00,101.2,101.44,101.07,101.415,56506,134480
2022-02-07 00:00:00,101.23,101.31,100.9,101.17,66027,126505
2022-02-08 00:00:00,101.24,101.35,101.13,101.195,53826,122160
2022-02-09 00:00:00,101.13,101.19,101.045,101.12,58255,118603
2022-02-10 00:00:00,101.17,101.215,101.05,101.085,48588,113108
2022-02-11 00:00:00,100.75,100.8,100.54,100.65,93098,95093
2022-02-14 00:00:00,100.7,100.75,100.52,100.535,58811,81905
2022-02-15 00:00:00,100.585,100.68,100.525,100.53,61070,64127
2022-02-16 00:00:00,100.61,100.69,100.505,100.66,52527,52228
2022-02-17 00:00:00,100.45,100.49,100.34,100.39,61441,126283
2022-02-18 00:00:00,100.345,100.49,100.21,100.22,66926,135180
2022-02-21 00:00:00,100.145,100.24,99.76,99.79,96764,149944
2022-02-22 00:00:00,99.88,99.95,99.76,99.825,85369,155321
2022-02-23 00:00:00,99.995,100.06,99.91,100.005,75457,158663
2022-02-24 00:00:00,100.135,100.25,100.015,100.055,96150,160038
2022-02-25 00:00:00,100.0,100.225,99.975,100.215,63624,161510
2022-02-28 00:00:00,100.25,100.35,100.205,100.235,54191,161485
2022-03-01 00:00:00,100.275,100.295,99.96,99.99,75854,165358
2022-03-02 00:00:00,99.87,99.98,99.835,99.915,70813,167906
2022-03-03 00:00:00,99.875,99.91,99.56,99.59,95956,172788
2022-03-04 00:00:00,99.74,99.855,99.58,99.795,87601,171437
2022-03-07 00:00:00,99.68,99.985,99.605,99.88,102839,172834
2022-03-08 00:00:00,99.88,100.035,99.87,99.99,70970,174298
2022-03-09 00:00:00,99.825,99.855,99.55,99.745,107449,177077
2022-03-10 00:00:00,99.83,99.9,99.64,99.65,65468,178895
2022-03-11 00:00:00,99.65,100.28,99.53,100.22,150680,177981
2022-03-14 00:00:00,100.5,100.7,100.49,100.675,118423,167478
2022-03-15 00:00:00,100.37,100.68,100.1,100.205,150437,171292
2022-03-16 00:00:00,100.175,100.6,99.965,100.36,123701,166806
2022-03-17 00:00:00,100.36,100.42,100.25,100.38,64750,166900
2022-03-18 00:00:00,100.445,100.59,100.325,100.52,60925,168459
2022-03-21 00:00:00,100.4,100.46,100.315,100.365,52064,168200
2022-03-22 00:00:00,100.215,100.215,100.015,100.035,76008,166123
2022-03-23 00:00:00,100.11,100.285,100.08,100.15,68096,163705
2022-03-24 00:00:00,100.13,100.36,100.045,100.345,63951,165441
2022-03-25 00:00:00,100.28,100.43,100.255,100.41,53991,164278
2022-03-28 00:00:00,100.48,100.515,100.35,100.405,52660,162801
2022-03-29 00:00:00,100.44,100.495,100.355,100.42,46728,162662
2022-03-30 00:00:00,100.53,100.715,100.47,100.665,60935,166987
2022-03-31 00:00:00,100.58,100.65,100.355,100.44,58157,163301
2022-04-01 00:00:00,100.49,100.66,100.455,100.565,52848,165139
2022-04-06 00:00:00,100.565,100.74,100.565,100.67,46795,166174
2022-04-07 00:00:00,100.74,100.925,100.685,100.865,54167,169468
2022-04-08 00:00:00,100.845,100.92,100.725,100.78,50424,169000
2022-04-11 00:00:00,100.805,100.85,100.58,100.61,61045,167695
2022-04-12 00:00:00,100.655,100.99,100.36,100.51,114210,163719
2022-04-13 00:00:00,100.57,100.685,100.56,100.67,46830,163329
2022-04-14 00:00:00,100.775,100.84,100.645,100.685,53901,164766
2022-04-15 00:00:00,100.61,100.82,100.575,100.65,71349,165571
2022-04-18 00:00:00,100.48,100.495,100.215,100.235,84775,162981
2022-04-19 00:00:00,100.31,100.33,100.12,100.19,58659,163200
2022-04-20 00:00:00,100.13,100.205,100.085,100.17,70307,162296
2022-04-21 00:00:00,100.185,100.29,100.175,100.245,49943,162755
2022-04-22 00:00:00,100.215,100.25,100.015,100.1,63673,166691
2022-04-25 00:00:00,100.18,100.355,100.18,100.33,66516,159347
2022-04-26 00:00:00,100.325,100.33,100.225,100.275,49363,155729
2022-04-27 00:00:00,100.21,100.255,100.125,100.19,61910,155025
2022-04-28 00:00:00,100.13,100.145,100.045,100.075,63034,153328
2022-04-29 00:00:00,100.125,100.335,100.12,100.3,73217,151252
2022-05-05 00:00:00,100.26,100.47,100.25,100.45,48326,149081
2022-05-06 00:00:00,100.42,100.53,100.305,100.5,63678,141219
2022-05-09 00:00:00,100.5,100.595,100.45,100.59,39539,135426
2022-05-10 00:00:00,100.685,100.715,100.59,100.705,51495,128039
2022-05-11 00:00:00,100.61,100.655,100.47,100.57,51921,121358
2022-05-12 00:00:00,100.63,100.715,100.575,100.685,46828,115630
2022-05-13 00:00:00,100.75,100.795,100.55,100.57,50454,108195
2022-05-16 00:00:00,100.49,100.63,100.445,100.625,47966,97213
2022-05-17 00:00:00,100.695,100.705,100.61,100.655,34144,89000
2022-05-18 00:00:00,100.67,100.8,100.54,100.77,42261,76054
2022-05-19 00:00:00,100.45,100.51,100.28,100.38,66160,132395
2022-05-20 00:00:00,100.26,100.32,100.19,100.275,66909,139968
2022-05-23 00:00:00,100.35,100.495,100.35,100.48,51662,144695
2022-05-24 00:00:00,100.44,100.55,100.43,100.515,46424,149162
2022-05-25 00:00:00,100.53,100.675,100.53,100.6,59547,153103
2022-05-26 00:00:00,100.85,100.995,100.805,100.965,69417,155143
2022-05-27 00:00:00,100.92,100.995,100.825,100.97,53065,156590
2022-05-30 00:00:00,100.795,100.8,100.695,100.765,53760,155876
2022-05-31 00:00:00,100.665,100.67,100.46,100.52,62920,156877
2022-06-01 00:00:00,100.58,100.59,100.45,100.45,41617,157310
2022-06-02 00:00:00,100.45,100.585,100.355,100.385,57199,159101
2022-06-06 00:00:00,100.405,100.455,100.255,100.265,52125,161267
2022-06-07 00:00:00,100.25,100.445,100.225,100.43,54208,159177
2022-06-08 00:00:00,100.375,100.475,100.34,100.38,47326,161667
2022-06-09 00:00:00,100.36,100.565,100.35,100.49,63133,164214
2022-06-10 00:00:00,100.515,100.575,100.395,100.415,52823,164576
2022-06-13 00:00:00,100.405,100.44,100.325,100.355,37675,165248
2022-06-14 00:00:00,100.28,100.37,100.23,100.35,51925,164835
2022-06-15 00:00:00,100.31,100.34,100.155,100.225,74086,167320
2022-06-16 00:00:00,100.275,100.345,100.255,100.335,48245,165228
2022-06-17 00:00:00,100.35,100.46,100.335,100.395,66828,166547
2022-06-20 00:00:00,100.325,100.335,100.175,100.185,69579,166465
2022-06-21 00:00:00,100.175,100.26,100.135,100.195,54928,167011
2022-06-22 00:00:00,100.235,100.335,100.195,100.335,59723,170011
2022-06-23 00:00:00,100.345,100.385,100.17,100.185,58861,171015
2022-06-24 00:00:00,100.255,100.29,100.065,100.095,71350,173497
2022-06-27 00:00:00,100.0,100.0,99.74,99.76,91183,171325
2022-06-28 00:00:00,99.88,99.905,99.625,99.665,84819,170931
2022-06-29 00:00:00,99.75,99.86,99.72,99.78,75489,168634
2022-06-30 00:00:00,99.765,100.03,99.74,99.995,72431,166996
2022-07-01 00:00:00,99.97,100.055,99.92,99.955,60163,165795
2022-07-04 00:00:00,99.895,99.895,99.65,99.75,67586,169470
2022-07-05 00:00:00,99.69,99.86,99.61,99.86,78131,169920
2022-07-06 00:00:00,99.95,100.035,99.89,99.95,69837,167283
2022-07-07 00:00:00,99.9,100.08,99.88,99.975,57990,169631
2022-07-08 00:00:00,99.93,100.03,99.89,99.94,54717,169058
2022-07-11 00:00:00,100.01,100.25,100.005,100.235,69192,170319
2022-07-12 00:00:00,100.275,100.325,100.225,100.32,65296,172642
2022-07-13 00:00:00,100.38,100.415,100.305,100.4,59471,172007
2022-07-14 00:00:00,100.4,100.525,100.39,100.495,63038,173273
2022-07-15 00:00:00,100.525,100.65,100.455,100.605,74193,174966
2022-07-18 00:00:00,100.61,100.69,100.52,100.575,55834,174132
2022-07-19 00:00:00,100.54,100.58,100.46,100.575,54263,173010
2022-07-20 00:00:00,100.525,100.765,100.505,100.735,64819,175611
2022-07-21 00:00:00,100.79,100.885,100.78,100.83,64044,177931
2022-07-22 00:00:00,100.78,100.82,100.69,100.725,59379,179314
2022-07-25 00:00:00,100.7,100.89,100.695,100.73,58701,179997
2022-07-26 00:00:00,100.765,100.95,100.75,100.945,57729,182006
2022-07-27 00:00:00,100.945,100.975,100.825,100.85,55073,180491
2022-07-28 00:00:00,100.81,100.82,100.645,100.715,75438,181393
2022-07-29 00:00:00,100.925,101.11,100.925,101.05,81930,186633
2022-08-01 00:00:00,101.15,101.31,101.15,101.255,64780,182312
2022-08-02 00:00:00,101.33,101.405,101.23,101.345,69790,181010
2022-08-03 00:00:00,101.215,101.41,101.16,101.375,65707,175632
2022-08-04 00:00:00,101.41,101.505,101.275,101.305,77912,169902
2022-08-05 00:00:00,101.305,101.355,101.18,101.235,54036,165608
2022-08-08 00:00:00,101.22,101.315,101.11,101.2,51533,158847
2022-08-09 00:00:00,101.23,101.26,101.075,101.22,63656,150180
2022-08-10 00:00:00,101.245,101.37,101.14,101.14,61026,144854
2022-08-11 00:00:00,101.18,101.35,101.165,101.33,62426,140881
2022-08-12 00:00:00,101.36,101.425,101.185,101.26,61563,133583
2022-08-15 00:00:00,101.6,102.15,101.6,101.94,100509,109123
2022-08-16 00:00:00,102.08,102.155,101.925,101.985,73413,91906
2022-08-17 00:00:00,101.915,102.04,101.885,102.015,51718,77423
2022-08-18 00:00:00,102.11,102.145,102.02,102.115,39677,66600
2022-08-19 00:00:00,101.68,101.7,101.455,101.59,83638,142549
2022-08-22 00:00:00,101.665,101.715,101.465,101.535,64913,148384
2022-08-23 00:00:00,101.48,101.535,101.4,101.43,69348,151601
2022-08-24 00:00:00,101.435,101.53,101.395,101.515,60634,154933
2022-08-25 00:00:00,101.43,101.435,101.25,101.3,71992,156471
2022-08-26 00:00:00,101.305,101.4,101.23,101.37,68817,156956
2022-08-29 00:00:00,101.33,101.49,101.24,101.48,61243,156183
2022-08-30 00:00:00,101.57,101.6,101.415,101.485,72125,159077
2022-08-31 00:00:00,101.485,101.535,101.4,101.435,65381,161343
2022-09-01 00:00:00,101.415,101.725,101.41,101.685,80805,166213
2022-09-02 00:00:00,101.72,101.915,101.6,101.605,69135,167962
2022-09-05 00:00:00,101.65,101.8,101.65,101.71,61804,167062
2022-09-06 00:00:00,101.8,101.84,101.65,101.745,60620,167082
2022-09-07 00:00:00,101.72,101.765,101.58,101.595,76021,171165
2022-09-08 00:00:00,101.54,101.595,101.49,101.57,59902,169832
2022-09-09 00:00:00,101.565,101.645,101.29,101.305,87733,179242
2022-09-13 00:00:00,101.35,101.44,101.325,101.39,52867,177645
2022-09-14 00:00:00,101.295,101.355,101.245,101.28,61898,181927
2022-09-15 00:00:00,101.35,101.415,101.24,101.27,70920,183059
2022-09-16 00:00:00,101.19,101.285,101.085,101.265,84280,182591
2022-09-19 00:00:00,101.265,101.34,101.2,101.335,59779,182527
2022-09-20 00:00:00,101.365,101.475,101.33,101.455,65030,184193
2022-09-21 00:00:00,101.425,101.52,101.41,101.515,63769,181596
2022-09-22 00:00:00,101.535,101.555,101.42,101.46,59894,181158
2022-09-23 00:00:00,101.39,101.39,101.215,101.275,77345,178894
2022-09-26 00:00:00,101.13,101.18,100.89,100.92,92169,179165
2022-09-27 00:00:00,100.945,101.035,100.86,101.025,79989,177034
2022-09-28 00:00:00,100.92,100.92,100.8,100.845,78698,180392
2022-09-29 00:00:00,100.94,101.0,100.61,100.625,108544,184135
2022-09-30 00:00:00,100.52,100.745,100.46,100.57,90001,183522
2022-10-10 00:00:00,100.68,100.905,100.66,100.89,64650,180515
2022-10-11 00:00:00,100.965,100.99,100.805,100.865,60755,180130
2022-10-12 00:00:00,100.805,101.365,100.795,101.055,95714,178247
2022-10-13 00:00:00,101.03,101.165,100.99,101.12,59243,178971
2022-10-14 00:00:00,101.15,101.405,101.115,101.4,79266,180342
2022-10-17 00:00:00,101.35,101.405,101.28,101.335,51600,179748
2022-10-18 00:00:00,101.305,101.395,101.25,101.355,53695,181784
2022-10-19 00:00:00,101.31,101.45,101.285,101.365,52490,184990
2022-10-20 00:00:00,101.285,101.335,101.09,101.21,74467,183820
2022-10-21 00:00:00,101.205,101.275,101.11,101.125,61169,183819
2022-10-24 00:00:00,101.11,101.35,101.035,101.315,68912,183346
2022-10-25 00:00:00,101.275,101.385,101.12,101.19,81168,183536
2022-10-26 00:00:00,101.245,101.42,101.235,101.395,57373,184976
2022-10-27 00:00:00,101.5,101.59,101.45,101.54,67109,183649
2022-10-28 00:00:00,101.555,101.72,101.53,101.65,59475,184040
2022-10-31 00:00:00,101.79,101.9,101.73,101.77,65018,183270
2022-11-01 00:00:00,101.715,101.775,101.545,101.59,74480,183228
2022-11-02 00:00:00,101.58,101.665,101.425,101.525,71607,180525
2022-11-03 00:00:00,101.58,101.655,101.505,101.535,49135,177907
2022-11-04 00:00:00,101.5,101.505,101.23,101.39,93268,173578
2022-11-07 00:00:00,101.475,101.525,101.385,101.435,65681,169386
2022-11-08 00:00:00,101.37,101.565,101.325,101.55,71497,165861
2022-11-09 00:00:00,101.52,101.615,101.475,101.53,59578,161347
2022-11-10 00:00:00,101.565,101.66,101.48,101.51,54050,155553
2022-11-11 00:00:00,101.61,101.625,100.825,101.12,159324,154745
2022-11-14 00:00:00,100.72,100.76,100.42,100.425,127537,141242
2022-11-15 00:00:00,100.425,100.675,100.415,100.49,109427,127121
2022-11-16 00:00:00,100.655,100.745,100.125,100.27,118626,111949
2022-11-17 00:00:00,99.385,99.84,99.235,99.825,171041,116726
2022-11-18 00:00:00,99.73,99.88,99.48,99.56,137959,131501
2022-11-21 00:00:00,99.75,99.875,99.63,99.675,102799,135678
2022-11-22 00:00:00,99.695,99.825,99.585,99.7,90964,139850
2022-11-23 00:00:00,99.815,100.05,99.8,99.935,109437,139226
2022-11-24 00:00:00,100.13,100.26,100.05,100.11,95127,139641
2022-11-25 00:00:00,100.155,100.2,99.69,99.755,120872,148932
2022-11-28 00:00:00,99.895,99.97,99.5,99.53,88271,151926
2022-11-29 00:00:00,99.405,99.475,99.01,99.2,156244,163031
2022-11-30 00:00:00,99.33,99.445,99.125,99.295,124212,162577
2022-12-01 00:00:00,99.235,99.6,99.2,99.58,119334,153173
2022-12-02 00:00:00,99.605,99.755,99.535,99.61,83579,151936
2022-12-05 00:00:00,99.5,99.68,99.425,99.59,83829,153463
2022-12-06 00:00:00,99.5,99.595,99.27,99.35,97309,157719
2022-12-07 00:00:00,99.2,99.615,99.105,99.585,177088,155015
2022-12-08 00:00:00,99.595,99.855,99.555,99.79,97636,150213
2022-12-09 00:00:00,99.66,99.765,99.575,99.725,90223,148576
2022-12-12 00:00:00,99.79,99.915,99.63,99.72,78738,150497
2022-12-13 00:00:00,99.7,99.73,99.395,99.605,96592,150482
2022-12-14 00:00:00,99.755,100.105,99.72,100.07,101399,148688
2022-12-15 00:00:00,99.995,100.095,99.86,99.955,90659,152108
2022-12-16 00:00:00,99.88,100.09,99.835,99.995,65708,151198
2022-12-19 00:00:00,100.2,100.34,100.1,100.19,61962,148172
2022-12-20 00:00:00,100.205,100.28,100.015,100.02,49735,149041
2022-12-21 00:00:00,100.035,100.31,99.96,100.275,58482,150758
2022-12-22 00:00:00,100.275,100.37,100.22,100.255,45882,150325
2022-12-23 00:00:00,100.28,100.5,100.195,100.485,57026,153593
2022-12-26 00:00:00,100.405,100.435,100.135,100.27,58278,151745
2022-12-27 00:00:00,100.2,100.225,99.915,99.99,57044,152913
2022-12-28 00:00:00,100.045,100.08,99.945,100.06,39813,150770
2022-12-29 00:00:00,100.15,100.24,100.12,100.205,37486,151508
2022-12-30 00:00:00,100.17,100.32,100.115,100.225,41713,150029
2023-01-03 00:00:00,100.28,100.43,100.155,100.37,53874,149421
2023-01-04 00:00:00,100.435,100.54,100.38,100.53,56437,152908
2023-01-05 00:00:00,100.45,100.545,100.415,100.435,47104,154132
2023-01-06 00:00:00,100.385,100.39,100.24,100.35,55292,150938
2023-01-09 00:00:00,100.4,100.405,100.18,100.355,50536,153137
2023-01-10 00:00:00,100.29,100.305,100.04,100.065,64900,154276
2023-01-11 00:00:00,100.035,100.23,99.985,100.18,63755,152791
2023-01-12 00:00:00,100.2,100.28,100.12,100.19,51540,151643
2023-01-13 00:00:00,100.19,100.22,100.02,100.025,59637,152337
2023-01-16 00:00:00,99.985,99.995,99.735,99.8,78993,154694
2023-01-17 00:00:00,99.88,99.91,99.75,99.83,50699,155645
2023-01-18 00:00:00,99.96,99.985,99.76,99.785,59610,159902
2023-01-19 00:00:00,99.885,99.93,99.72,99.85,56037,162506
2023-01-20 00:00:00,99.86,99.885,99.665,99.695,45518,165717
2023-01-30 00:00:00,99.68,100.045,99.63,100.03,74124,162252
2023-01-31 00:00:00,100.005,100.235,99.965,100.205,80192,153344
2023-02-01 00:00:00,100.175,100.26,100.095,100.11,62880,150612
2023-02-02 00:00:00,100.12,100.335,100.105,100.305,65875,146875
2023-02-03 00:00:00,100.355,100.39,100.26,100.355,63470,143487
2023-02-06 00:00:00,100.37,100.395,100.265,100.265,55189,141508
2023-02-07 00:00:00,100.24,100.48,100.215,100.48,59844,141247
2023-02-08 00:00:00,100.445,100.47,100.36,100.415,51120,137075
2023-02-09 00:00:00,100.455,100.595,100.375,100.53,67809,134375
2023-02-10 00:00:00,100.51,100.56,100.4,100.47,47000,128389
2023-02-13 00:00:00,100.495,100.575,100.415,100.5,48044,125100
2023-02-14 00:00:00,100.465,100.575,100.395,100.54,56635,119229
2023-02-15 00:00:00,100.5,100.565,100.435,100.545,56303,112690
2023-02-16 00:00:00,100.525,100.835,100.455,100.69,66288,104763
2023-02-17 00:00:00,100.63,100.66,100.55,100.64,54191,92203
2023-02-20 00:00:00,100.59,100.68,100.365,100.385,63933,80522
2023-02-21 00:00:00,99.44,99.5,99.3,99.48,92605,126243
2023-02-22 00:00:00,99.52,99.58,99.46,99.58,52088,129787
2023-02-23 00:00:00,99.54,99.665,99.5,99.605,59045,135396
2023-02-24 00:00:00,99.58,99.74,99.565,99.715,59004,140660
2023-02-27 00:00:00,99.725,99.76,99.625,99.735,50308,142256
2023-02-28 00:00:00,99.695,99.87,99.635,99.825,73377,148111
2023-03-01 00:00:00,99.8,99.89,99.725,99.885,66965,150995
2023-03-02 00:00:00,99.9,99.915,99.69,99.745,67439,155318
2023-03-03 00:00:00,99.69,99.815,99.6,99.805,70397,157123
2023-03-06 00:00:00,99.9,100.03,99.9,100.0,58695,160624
2023-03-07 00:00:00,99.97,100.16,99.95,100.14,59660,162891
2023-03-08 00:00:00,100.11,100.175,100.07,100.095,50510,164812
2023-03-09 00:00:00,100.095,100.24,100.09,100.195,54360,168298
2023-03-10 00:00:00,100.24,100.295,100.19,100.29,51084,170365
2023-03-13 00:00:00,100.29,100.3,100.1,100.205,60686,171212
2023-03-14 00:00:00,100.245,100.365,100.23,100.345,66857,173754
2023-03-15 00:00:00,100.3,100.3,100.16,100.255,59274,174411
2023-03-16 00:00:00,100.32,100.495,100.295,100.47,67228,176805
2023-03-17 00:00:00,100.4,100.53,100.37,100.425,58280,177945
2023-03-20 00:00:00,100.48,100.56,100.4,100.49,61341,177985
2023-03-21 00:00:00,100.47,100.495,100.335,100.38,65425,178412
2023-03-22 00:00:00,100.38,100.43,100.295,100.405,54391,180669
2023-03-23 00:00:00,100.43,100.455,100.315,100.335,51673,181128
2023-03-24 00:00:00,100.365,100.365,100.165,100.23,76572,179472
2023-03-27 00:00:00,100.31,100.46,100.295,100.45,55115,183115
2023-03-28 00:00:00,100.41,100.475,100.38,100.445,46888,183486
2023-03-29 00:00:00,100.43,100.48,100.37,100.47,54393,183274
2023-03-30 00:00:00,100.5,100.56,100.315,100.37,76867,182254
2023-03-31 00:00:00,100.39,100.48,100.31,100.455,66015,181477
2023-04-03 00:00:00,100.445,100.475,100.265,100.295,78380,175954
2023-04-04 00:00:00,100.335,100.38,100.275,100.365,49969,176852
2023-04-06 00:00:00,100.37,100.385,100.255,100.35,61648,177097
2023-04-07 00:00:00,100.33,100.615,100.265,100.55,87814,183048
2023-04-10 00:00:00,100.5,100.61,100.47,100.605,40800,183817
2023-04-11 00:00:00,100.65,100.775,100.63,100.765,56359,188222
2023-04-12 00:00:00,100.8,100.865,100.755,100.83,46146,186353
2023-04-13 00:00:00,100.795,100.835,100.705,100.765,56550,184818
2023-04-14 00:00:00,100.75,100.83,100.65,100.73,73234,186577
2023-04-17 00:00:00,100.67,100.67,100.56,100.575,75829,185514
2023-04-18 00:00:00,100.56,100.72,100.535,100.69,71110,185160
2023-04-19 00:00:00,100.715,100.78,100.7,100.735,52796,184440
2023-04-20 00:00:00,100.735,100.765,100.66,100.72,53933,184470
2023-04-21 00:00:00,100.745,100.925,100.69,100.9,76804,188652
2023-04-24 00:00:00,100.915,101.015,100.915,100.96,65789,187546
2023-04-25 00:00:00,100.985,101.01,100.93,100.955,62070,187203
2023-04-26 00:00:00,100.985,101.11,100.94,101.09,64309,185491
2023-04-27 00:00:00,101.225,101.32,101.145,101.3,80460,180051
2023-04-28 00:00:00,101.24,101.265,101.165,101.255,51339,174747
2023-05-04 00:00:00,101.42,101.445,101.36,101.385,41944,169733
2023-05-05 00:00:00,101.45,101.705,101.445,101.68,65873,166659
2023-05-08 00:00:00,101.56,101.58,101.425,101.48,63108,155437
2023-05-09 00:00:00,101.53,101.625,101.515,101.545,50583,152123
2023-05-10 00:00:00,101.63,101.78,101.625,101.705,75354,144271
2023-05-11 00:00:00,101.91,101.955,101.765,101.835,64963,134179
2023-05-12 00:00:00,101.755,101.78,101.67,101.755,59975,123639
2023-05-15 00:00:00,101.76,101.83,101.645,101.7,61925,114383
2023-05-16 00:00:00,101.725,101.735,101.63,101.71,60895,104637
2023-05-17 00:00:00,101.75,101.77,101.59,101.63,47527,96008
2023-05-18 00:00:00,101.59,101.66,101.52,101.63,47426,86572
2023-05-19 00:00:00,101.21,101.335,101.195,101.305,78839,134230
2023-05-22 00:00:00,101.29,101.445,101.28,101.36,69656,143778
2023-05-23 00:00:00,101.45,101.635,101.43,101.58,68445,151722
2023-05-24 00:00:00,101.535,101.635,101.52,101.575,63170,153102
2023-05-25 00:00:00,101.56,101.565,101.45,101.47,67054,155929
2023-05-26 00:00:00,101.465,101.515,101.31,101.36,73013,155911
2023-05-29 00:00:00,101.315,101.505,101.27,101.49,64128,161414
2023-05-30 00:00:00,101.53,101.57,101.425,101.43,69533,167197
2023-05-31 00:00:00,101.47,101.55,101.415,101.52,69902,169361
2023-06-01 00:00:00,101.605,101.695,101.525,101.65,64958,175276
2023-06-02 00:00:00,101.585,101.605,101.205,101.295,89827,180161
2023-06-05 00:00:00,101.35,101.475,101.315,101.47,61534,183934
2023-06-06 00:00:00,101.48,101.63,101.455,101.62,62533,186269
2023-06-07 00:00:00,101.635,101.715,101.585,101.7,68630,190809
2023-06-08 00:00:00,101.66,101.68,101.565,101.625,60143,191235
2023-06-09 00:00:00,101.635,101.94,101.6,101.89,76699,201585
2023-06-12 00:00:00,101.89,101.98,101.805,101.88,63030,203680
2023-06-13 00:00:00,102.1,102.245,102.0,102.145,77186,212961
2023-06-14 00:00:00,102.315,102.335,102.12,102.195,59948,213116
2023-06-15 00:00:00,102.06,102.085,101.805,101.845,83904,209498
2023-06-16 00:00:00,101.795,101.84,101.445,101.585,113567,203784
2023-06-19 00:00:00,101.585,101.615,101.35,101.445,94318,201894
2023-06-20 00:00:00,101.53,101.62,101.475,101.58,58912,199390
2023-06-21 00:00:00,101.675,101.745,101.595,101.67,61017,196061
2023-06-26 00:00:00,101.75,101.805,101.7,101.725,51211,195128
2023-06-27 00:00:00,101.69,101.69,101.535,101.635,60155,193129
2023-06-28 00:00:00,101.72,101.78,101.67,101.77,52661,193805
2023-06-29 00:00:00,101.7,101.87,101.675,101.81,58663,193977
2023-06-30 00:00:00,101.86,101.99,101.785,101.99,61932,192106
2023-07-03 00:00:00,101.935,101.95,101.825,101.88,47946,191576
2023-07-04 00:00:00,101.89,102.035,101.515,101.745,85740,196979
2023-07-05 00:00:00,101.785,101.92,101.785,101.915,46063,197724
2023-07-06 00:00:00,101.94,101.98,101.845,101.855,54526,198416
2023-07-07 00:00:00,101.92,101.99,101.865,101.935,50245,196878
2023-07-10 00:00:00,101.9,102.0,101.805,101.975,54845,198271
2023-07-11 00:00:00,102.045,102.115,102.005,102.045,53199,203781
2023-07-12 00:00:00,102.01,102.075,101.955,102.05,52578,202714
2023-07-13 00:00:00,102.01,102.085,101.96,102.0,47790,202021
2023-07-14 00:00:00,101.945,102.145,101.88,101.965,94782,201044
2023-07-17 00:00:00,101.955,102.175,101.95,102.145,57649,207482
2023-07-18 00:00:00,102.2,102.275,102.15,102.225,58850,207459
2023-07-19 00:00:00,102.265,102.27,102.14,102.175,43381,208290
2023-07-20 00:00:00,102.15,102.275,102.125,102.27,54536,210280
2023-07-21 00:00:00,102.305,102.415,102.28,102.355,61851,212644
2023-07-24 00:00:00,102.42,102.43,102.31,102.425,48883,212973
2023-07-25 00:00:00,102.0,102.055,101.82,101.85,116232,208750
2023-07-26 00:00:00,101.91,102.085,101.85,102.07,76509,207184
2023-07-27 00:00:00,102.13,102.255,102.07,102.175,66402,205817
2023-07-28 00:00:00,102.165,102.225,101.995,102.06,87631,201759
2023-07-31 00:00:00,101.9,102.015,101.84,101.99,82280,197221
2023-08-01 00:00:00,102.03,102.15,101.98,102.01,72865,195851
2023-08-02 00:00:00,102.09,102.14,102.055,102.09,62524,191627
2023-08-03 00:00:00,102.135,102.225,102.13,102.22,65588,188158
2023-08-04 00:00:00,102.15,102.4,102.08,102.25,92129,181816
2023-08-07 00:00:00,102.25,102.32,102.23,102.31,50825,175597
2023-08-08 00:00:00,102.35,102.375,102.27,102.35,61698,168551
2023-08-09 00:00:00,102.375,102.375,102.3,102.335,50515,165195
2023-08-10 00:00:00,102.335,102.34,102.25,102.3,45876,160612
2023-08-11 00:00:00,102.355,102.38,102.285,102.36,57066,159443
2023-08-14 00:00:00,102.49,102.565,102.445,102.45,69440,151458
2023-08-15 00:00:00,102.88,102.915,102.695,102.705,94880,140444
2023-08-16 00:00:00,102.85,102.855,102.75,102.815,58902,128019
2023-08-17 00:00:00,102.83,102.83,102.675,102.72,50161,116861
2023-08-18 00:00:00,102.8,102.835,102.71,102.82,44409,107671
2023-08-21 00:00:00,102.85,103.13,102.83,103.055,47248,92326
2023-08-22 00:00:00,102.65,102.755,102.595,102.665,89621,159703
2023-08-23 00:00:00,102.635,102.69,102.58,102.65,64624,166120
2023-08-24 00:00:00,102.665,102.695,102.59,102.665,54292,171137
2023-08-25 00:00:00,102.68,102.695,102.465,102.5,67141,172317
2023-08-28 00:00:00,102.18,102.45,102.165,102.445,78896,173168
2023-08-29 00:00:00,102.41,102.45,102.195,102.295,83297,173020
2023-08-30 00:00:00,102.285,102.47,102.24,102.405,70239,177380
2023-08-31 00:00:00,102.44,102.47,102.37,102.415,58849,176043
2023-09-01 00:00:00,102.33,102.345,102.07,102.11,78806,175326
2023-09-04 00:00:00,101.96,101.995,101.815,101.945,95152,176457
2023-09-05 00:00:00,101.985,102.025,101.88,101.905,66870,178725
2023-09-06 00:00:00,101.935,101.955,101.675,101.68,90858,183655
2023-09-07 00:00:00,101.67,101.79,101.56,101.59,87412,189620
2023-09-08 00:00:00,101.705,101.765,101.51,101.685,78797,190507
2023-09-11 00:00:00,101.62,101.765,101.51,101.745,82259,188323
2023-09-12 00:00:00,101.85,101.935,101.76,101.79,67088,182177
2023-09-13 00:00:00,101.835,101.975,101.805,101.935,69982,177171
2023-09-14 00:00:00,101.92,102.1,101.87,102.07,69476,179390
2023-09-15 00:00:00,102.03,102.055,101.805,101.81,94375,180916
2023-09-18 00:00:00,101.71,101.77,101.585,101.71,92278,184380
2023-09-19 00:00:00,101.7,101.785,101.675,101.74,69921,183251
2023-09-20 00:00:00,101.67,101.8,101.66,101.72,69215,185822
2023-09-21 00:00:00,101.695,101.905,101.695,101.87,73632,187376
2023-09-22 00:00:00,101.86,101.885,101.6,101.615,79340,187455
2023-09-25 00:00:00,101.63,101.725,101.44,101.56,93306,190008
2023-09-26 00:00:00,101.52,101.625,101.44,101.6,68362,188784
2023-09-27 00:00:00,101.66,101.69,101.53,101.62,62259,186572
2023-09-28 00:00:00,101.65,101.83,101.605,101.785,66177,183775
2023-10-09 00:00:00,101.79,101.89,101.75,101.8,63126,182444
2023-10-10 00:00:00,101.74,101.75,101.665,101.7,63482,182936
2023-10-11 00:00:00,101.64,101.655,101.48,101.49,90479,187367
2023-10-12 00:00:00,101.4,101.595,101.36,101.565,81756,187768
2023-10-13 00:00:00,101.6,101.735,101.585,101.66,74200,185161
2023-10-16 00:00:00,101.75,101.78,101.635,101.755,63838,185130
2023-10-17 00:00:00,101.695,101.695,101.545,101.605,71431,184274
2023-10-18 00:00:00,101.595,101.675,101.52,101.55,71691,184510
2023-10-19 00:00:00,101.515,101.545,101.24,101.25,95867,189601
2023-10-20 00:00:00,101.385,101.515,101.185,101.47,105147,187691
2023-10-23 00:00:00,101.555,101.635,101.53,101.59,69180,181473
2023-10-24 00:00:00,101.45,101.55,101.335,101.48,88648,179935
2023-10-25 00:00:00,101.45,101.74,101.315,101.715,124803,172950
2023-10-26 00:00:00,101.69,101.795,101.66,101.67,71256,171806
2023-10-27 00:00:00,101.65,101.745,101.59,101.685,68674,170907
2023-10-30 00:00:00,101.705,101.79,101.695,101.725,59980,166784
2023-10-31 00:00:00,101.765,101.94,101.75,101.89,79302,170003
2023-11-01 00:00:00,101.9,101.975,101.84,101.915,76337,166718
2023-11-02 00:00:00,101.99,102.095,101.96,102.095,64522,165243
2023-11-03 00:00:00,102.04,102.085,101.96,102.055,52262,162552
2023-11-06 00:00:00,102.08,102.12,101.98,102.095,57246,162698
2023-11-07 00:00:00,102.125,102.15,102.0,102.045,61187,163045
2023-11-08 00:00:00,102.01,102.215,101.955,102.15,79572,162539
2023-11-09 00:00:00,102.16,102.2,102.11,102.115,56579,157332
2023-11-10 00:00:00,102.125,102.21,102.07,102.18,53226,154147
2023-11-13 00:00:00,102.155,102.235,102.12,102.195,63712,150081
2023-11-14 00:00:00,102.195,102.21,102.0,102.085,77760,141694
2023-11-15 00:00:00,102.035,102.13,101.965,102.075,70262,133011
2023-11-16 00:00:00,102.09,102.22,102.075,102.2,68016,127756
2023-11-17 00:00:00,102.175,102.245,102.12,102.2,66549,116541
2023-11-20 00:00:00,102.18,102.2,102.07,102.195,65780,104406
2023-11-21 00:00:00,102.17,102.195,102.05,102.1,58105,91856
2023-11-22 00:00:00,102.01,102.04,101.87,101.905,84464,136020
2023-11-23 00:00:00,101.805,101.82,101.625,101.625,84610,136016
2023-11-24 00:00:00,101.685,101.815,101.63,101.695,85193,142061
2023-11-27 00:00:00,101.67,101.725,101.58,101.585,78012,142384
2023-11-28 00:00:00,101.705,101.825,101.67,101.825,60945,144937
2023-11-29 00:00:00,101.78,101.945,101.75,101.895,72355,149190
2023-11-30 00:00:00,101.95,102.0,101.9,101.915,61650,153534
2023-12-01 00:00:00,101.9,101.995,101.885,101.97,53507,158793
2023-12-04 00:00:00,101.96,102.01,101.845,101.895,46656,157173
2023-12-05 00:00:00,101.89,102.0,101.83,102.0,58371,161777
2023-12-06 00:00:00,101.985,102.02,101.925,101.97,53917,162734
2023-12-07 00:00:00,101.99,102.07,101.845,102.06,78720,167441
2023-12-08 00:00:00,102.03,102.1,102.025,102.055,54204,171421
2023-12-11 00:00:00,102.2,102.295,102.18,102.25,64250,176761
2023-12-12 00:00:00,102.235,102.285,102.19,102.215,47776,177363
2023-12-13 00:00:00,102.32,102.525,102.315,102.475,59994,182462
2023-12-14 00:00:00,102.4,102.545,102.345,102.355,72798,178973
2023-12-15 00:00:00,102.365,102.535,102.335,102.53,61311,183455
2023-12-18 00:00:00,102.58,102.63,102.46,102.475,50905,182098
2023-12-19 00:00:00,102.44,102.55,102.41,102.53,46580,185679
2023-12-20 00:00:00,102.49,102.575,102.465,102.48,47589,184618
2023-12-21 00:00:00,102.49,102.68,102.39,102.59,78433,189461
2023-12-22 00:00:00,102.71,102.805,102.66,102.67,74694,192016
2023-12-25 00:00:00,102.665,102.885,102.625,102.855,62022,192976
2023-12-26 00:00:00,102.805,102.95,102.77,102.845,64092,192716
2023-12-27 00:00:00,102.91,102.96,102.765,102.925,60885,192807
2023-12-28 00:00:00,103.035,103.075,102.74,102.805,75459,191174
2023-12-29 00:00:00,102.84,102.915,102.76,102.845,52454,190010
2024-01-02 00:00:00,102.935,102.94,102.72,102.725,54319,187845
2024-01-03 00:00:00,102.695,102.82,102.63,102.815,63045,187593
2024-01-04 00:00:00,102.845,102.88,102.8,102.815,45827,187095
2024-01-05 00:00:00,102.9,103.06,102.85,102.95,67112,192917
2024-01-08 00:00:00,102.965,103.0,102.89,102.925,52740,188701
2024-01-09 00:00:00,103.005,103.115,102.975,103.105,69410,191797
2024-01-10 00:00:00,103.055,103.075,102.96,102.965,57467,187790
2024-01-11 00:00:00,102.905,103.065,102.855,102.99,71468,185482
2024-01-12 00:00:00,102.935,102.96,102.77,102.77,83838,176961
2024-01-15 00:00:00,102.68,102.87,102.625,102.83,71116,175472
2024-01-16 00:00:00,102.8,102.845,102.74,102.78,52661,174143
2024-01-17 00:00:00,102.81,102.935,102.785,102.935,57855,176290
2024-01-18 00:00:00,102.97,102.985,102.82,102.855,69778,173935
2024-01-19 00:00:00,102.9,103.0,102.87,102.995,50863,176661
2024-01-22 00:00:00,102.945,103.19,102.92,103.125,74353,180956
2024-01-23 00:00:00,103.08,103.12,102.97,103.02,72864,177543
2024-01-24 00:00:00,102.995,103.095,102.96,103.06,54013,179592
2024-01-25 00:00:00,103.02,103.24,102.975,103.15,79590,181495
2024-01-26 00:00:00,103.16,103.185,103.065,103.095,61695,171179
2024-01-29 00:00:00,103.06,103.23,103.025,103.21,51740,174633
2024-01-30 00:00:00,103.35,103.505,103.325,103.45,57236,176153
2024-01-31 00:00:00,103.655,103.66,103.46,103.57,77993,170794
2024-02-01 00:00:00,103.55,103.6,103.465,103.495,59663,161795
2024-02-02 00:00:00,103.48,103.54,103.45,103.525,48753,156326
2024-02-05 00:00:00,103.7,103.72,103.505,103.62,62905,138615
2024-02-06 00:00:00,103.585,103.585,103.26,103.28,78778,123844
2024-02-07 00:00:00,103.25,103.485,103.215,103.41,53912,114081
2024-02-08 00:00:00,103.365,103.495,103.195,103.25,44192,104627
2024-02-19 00:00:00,103.235,103.46,103.215,103.415,40866,97130
2024-02-20 00:00:00,103.45,103.5,103.31,103.495,43393,82495
2024-02-21 00:00:00,103.63,103.67,103.47,103.64,78236,130901
2024-02-22 00:00:00,103.6,103.775,103.585,103.765,57561,143566
2024-02-23 00:00:00,103.81,103.955,103.77,103.77,69089,158001
2024-02-26 00:00:00,103.745,103.885,103.7,103.88,47079,163966
2024-02-27 00:00:00,104.0,104.025,103.815,103.85,62568,163169
2024-02-28 00:00:00,103.9,104.04,103.815,104.03,53962,166827
2024-02-29 00:00:00,104.095,104.12,103.96,104.09,60834,168699
2024-03-01 00:00:00,103.99,103.99,103.565,103.64,97630,161773
2024-03-04 00:00:00,103.745,103.93,103.735,103.87,62043,164825
2024-03-05 00:00:00,103.87,103.995,103.83,103.96,68377,169889
2024-03-06 00:00:00,104.1,104.29,104.065,104.195,86189,173245
2024-03-07 00:00:00,104.4,104.44,104.0,104.125,101785,172870
2024-03-08 00:00:00,104.195,104.255,104.01,104.055,74926,171953
2024-03-11 00:00:00,104.105,104.225,103.955,103.985,82015,170909
2024-03-12 00:00:00,103.8,103.975,103.76,103.79,101149,172422
2024-03-13 00:00:00,103.75,103.905,103.535,103.885,131201,168990
2024-03-14 00:00:00,103.785,103.83,103.64,103.715,90203,171868
2024-03-15 00:00:00,103.725,103.9,103.66,103.855,81269,174616
2024-03-18 00:00:00,103.78,103.99,103.7,103.905,71749,174244
2024-03-19 00:00:00,103.98,104.1,103.87,104.1,78708,174586
2024-03-20 00:00:00,104.02,104.045,103.92,103.925,58477,173829
2024-03-21 00:00:00,103.91,104.1,103.88,104.07,76358,180638
2024-03-22 00:00:00,104.09,104.15,103.8,103.81,84982,177609
2024-03-25 00:00:00,103.86,103.935,103.7,103.795,78688,175679
2024-03-26 00:00:00,103.815,103.845,103.715,103.765,55616,175838
2024-03-27 00:00:00,103.81,103.99,103.735,103.91,70700,179943
2024-03-28 00:00:00,103.92,104.03,103.865,103.9,69812,178022
2024-03-29 00:00:00,103.855,104.12,103.795,104.11,69792,183561
2024-04-01 00:00:00,103.94,103.94,103.75,103.785,77242,179906
2024-04-02 00:00:00,103.895,103.92,103.805,103.91,51395,176718
2024-04-03 00:00:00,103.98,104.105,103.955,104.025,69333,185140
2024-04-08 00:00:00,104.005,104.185,103.99,104.11,59327,187298
2024-04-09 00:00:00,104.12,104.27,104.105,104.24,47693,189861
2024-04-10 00:00:00,104.1,104.21,104.07,104.14,59958,190710
2024-04-11 00:00:00,104.19,104.255,104.13,104.175,64784,192648
2024-04-12 00:00:00,104.34,104.53,104.325,104.395,89807,195595
2024-04-15 00:00:00,104.455,104.595,104.37,104.415,85464,195520
2024-04-16 00:00:00,104.48,104.48,104.375,104.46,55263,195663
2024-04-17 00:00:00,104.53,104.545,104.41,104.465,48528,195270
2024-04-18 00:00:00,104.48,104.66,104.44,104.61,68652,198596
2024-04-19 00:00:00,104.6,104.65,104.55,104.575,51379,194663
2024-04-22 00:00:00,104.65,104.745,104.63,104.645,59863,195755
2024-04-23 00:00:00,104.715,104.9,104.71,104.845,68052,200561
2024-04-24 00:00:00,104.655,104.665,104.47,104.48,85884,190491
2024-04-25 00:00:00,104.54,104.58,104.44,104.47,69832,190157
2024-04-26 00:00:00,104.54,104.585,104.165,104.195,91582,186730
2024-04-29 00:00:00,103.9,103.9,103.56,103.785,116752,178742
2024-04-30 00:00:00,104.02,104.14,103.91,104.115,57330,176521
2024-05-06 00:00:00,104.115,104.175,103.915,104.115,59489,169436
2024-05-07 00:00:00,104.245,104.405,104.245,104.375,71323,162150
2024-05-08 00:00:00,104.33,104.465,104.31,104.425,55510,157082
2024-05-09 00:00:00,104.36,104.43,104.21,104.215,61286,152013
2024-05-10 00:00:00,104.28,104.365,104.175,104.295,55147,145047
2024-05-13 00:00:00,104.4,104.49,104.32,104.445,66479,136116
2024-05-14 00:00:00,104.495,104.55,104.415,104.465,51740,124809
2024-05-15 00:00:00,104.51,104.525,104.355,104.44,50495,114753
2024-05-16 00:00:00,104.4,104.43,104.245,104.27,49490,103407
2024-05-17 00:00:00,104.16,104.28,104.105,104.25,53694,91428
2024-05-20 00:00:00,104.18,104.31,104.13,104.28,67721,126889
2024-05-21 00:00:00,104.165,104.23,104.11,104.21,52353,133790
2024-05-22 00:00:00,104.25,104.29,104.205,104.275,48870,140965
2024-05-23 00:00:00,104.35,104.41,104.34,104.36,45356,144808
2024-05-24 00:00:00,104.365,104.43,104.295,104.305,61640,149658
2024-05-27 00:00:00,104.33,104.365,104.24,104.345,59520,151772
2024-05-28 00:00:00,104.365,104.48,104.335,104.465,62155,158404
2024-05-29 00:00:00,104.56,104.615,104.48,104.5,51406,162308
2024-05-30 00:00:00,104.505,104.57,104.43,104.485,51066,163529
2024-05-31 00:00:00,104.4,104.47,104.33,104.35,71787,159449
2024-06-03 00:00:00,104.405,104.56,104.4,104.53,53114,166913
2024-06-04 00:00:00,104.52,104.595,104.485,104.575,48043,166940
2024-06-05 00:00:00,104.6,104.705,104.595,104.67,56062,173974
2024-06-06 00:00:00,104.69,104.715,104.62,104.675,42613,174683
2024-06-07 00:00:00,104.665,104.705,104.615,104.695,34245,175902
2024-06-11 00:00:00,104.7,104.775,104.645,104.76,39119,176759
2024-06-12 00:00:00,104.77,104.77,104.68,104.695,49436,179613
2024-06-13 00:00:00,104.735,104.79,104.7,104.72,44732,181323
2024-06-14 00:00:00,104.76,104.795,104.705,104.755,49370,179772
2024-06-17 00:00:00,104.71,104.795,104.665,104.765,53171,183352
2024-06-18 00:00:00,104.8,104.9,104.77,104.855,52143,189998
2024-06-19 00:00:00,104.87,104.975,104.8,104.975,52768,192612
2024-06-20 00:00:00,105.025,105.04,104.93,105.015,42231,192052
2024-06-21 00:00:00,104.93,104.945,104.83,104.91,49330,186914
2024-06-24 00:00:00,104.9,105.08,104.875,105.055,41498,190416
2024-06-25 00:00:00,105.12,105.19,105.1,105.15,41426,191408
2024-06-26 00:00:00,105.135,105.205,105.105,105.135,35992,194487
2024-06-27 00:00:00,105.115,105.345,105.115,105.305,46373,197135
2024-06-28 00:00:00,105.325,105.4,105.25,105.32,37924,195096
2024-07-01 00:00:00,105.355,105.495,104.895,104.975,97922,190321
2024-07-02 00:00:00,105.0,105.26,104.975,105.24,64121,187332
2024-07-03 00:00:00,105.22,105.395,105.17,105.37,46130,187898
2024-07-04 00:00:00,105.34,105.38,105.25,105.27,43458,187515
2024-07-05 00:00:00,105.235,105.275,105.095,105.135,59477,187212
2024-07-08 00:00:00,105.0,105.0,104.75,104.875,71055,183033
2024-07-09 00:00:00,105.01,105.095,105.0,105.085,45269,186733
2024-07-10 00:00:00,105.085,105.145,105.035,105.11,29670,188590
2024-07-11 00:00:00,105.12,105.16,105.085,105.13,20413,187646
2024-07-12 00:00:00,105.195,105.3,105.185,105.245,27194,188079
2024-07-15 00:00:00,105.265,105.385,105.235,105.34,37184,187897
2024-07-16 00:00:00,105.375,105.41,105.21,105.38,43439,189654
2024-07-17 00:00:00,105.435,105.455,105.335,105.435,34012,191962
2024-07-18 00:00:00,105.4,105.41,105.28,105.3,37029,194418
2024-07-19 00:00:00,105.32,105.465,105.32,105.46,29575,197044
2024-07-22 00:00:00,105.6,105.775,105.525,105.715,44822,197400
2024-07-23 00:00:00,105.795,105.89,105.75,105.87,37021,197151
2024-07-24 00:00:00,105.855,105.92,105.805,105.86,34430,197309
2024-07-25 00:00:00,105.97,105.995,105.795,105.835,55102,196211
2024-07-26 00:00:00,105.985,105.99,105.865,105.925,41595,195816
2024-07-29 00:00:00,105.96,105.975,105.855,105.95,37773,194315
2024-07-30 00:00:00,106.03,106.05,105.865,105.96,53114,195694
2024-07-31 00:00:00,106.12,106.24,106.06,106.115,60181,195568
2024-08-01 00:00:00,106.125,106.36,106.095,106.265,55843,197027
2024-08-02 00:00:00,106.365,106.44,106.16,106.31,57160,194806
2024-08-05 00:00:00,106.395,106.55,106.3,106.55,53595,189298
2024-08-06 00:00:00,106.19,106.315,106.0,106.31,65938,179302
2024-08-07 00:00:00,106.405,106.525,106.39,106.515,44263,175431
2024-08-08 00:00:00,106.36,106.39,106.05,106.19,76079,170244
2024-08-09 00:00:00,105.9,105.965,105.805,105.945,60351,162691
2024-08-12 00:00:00,105.5,105.585,105.25,105.31,77021,150930
2024-08-13 00:00:00,105.34,105.62,105.32,105.535,81213,136682
2024-08-14 00:00:00,105.745,105.935,105.655,105.69,76165,124047
2024-08-15 00:00:00,105.785,105.785,105.5,105.545,69629,112556
2024-08-16 00:00:00,105.585,105.745,105.585,105.695,57416,99951
2024-08-19 00:00:00,105.68,105.85,105.61,105.8,48724,87078
2024-08-20 00:00:00,105.725,105.795,105.7,105.79,65314,153484
2024-08-21 00:00:00,105.77,105.81,105.51,105.515,70881,159587
2024-08-22 00:00:00,105.75,105.92,105.75,105.86,70525,167633
2024-08-23 00:00:00,105.86,105.985,105.78,105.95,57741,171331
2024-08-26 00:00:00,105.91,106.05,105.885,106.0,53504,178032
2024-08-27 00:00:00,105.91,105.955,105.695,105.74,66406,181066
2024-08-28 00:00:00,105.76,105.925,105.665,105.9,55608,185040
2024-08-29 00:00:00,105.91,105.925,105.725,105.83,54253,186868
2024-08-30 00:00:00,105.85,105.9,105.59,105.755,65019,188827
2024-09-02 00:00:00,105.89,106.05,105.885,106.03,54920,191212
2024-09-03 00:00:00,105.99,106.115,105.955,106.065,53646,191966
2024-09-04 00:00:00,106.155,106.235,106.08,106.13,56471,193729
2024-09-05 00:00:00,106.24,106.34,106.105,106.155,58844,198127
2024-09-06 00:00:00,106.135,106.32,106.135,106.295,40532,199419
2024-09-09 00:00:00,106.29,106.405,106.29,106.395,34694,199303
2024-09-10 00:00:00,106.42,106.61,106.42,106.6,58194,201379
2024-09-11 00:00:00,106.62,106.745,106.58,106.7,46060,201388
2024-09-12 00:00:00,106.67,106.74,106.585,106.635,56002,202405
2024-09-13 00:00:00,106.76,106.81,106.655,106.805,53438,205435
2024-09-18 00:00:00,106.945,106.95,106.785,106.905,51477,209669
2024-09-19 00:00:00,106.97,107.03,106.745,106.785,72433,209175
2024-09-20 00:00:00,106.78,106.975,106.76,106.965,48440,215439
2024-09-23 00:00:00,107.03,107.07,106.885,106.93,53823,212919
2024-09-24 00:00:00,106.99,107.135,106.525,106.67,114677,208304
2024-09-25 00:00:00,106.695,106.915,106.525,106.905,69476,211349
2024-09-26 00:00:00,107.035,107.05,106.535,106.605,99084,211498
2024-09-27 00:00:00,106.3,106.445,105.135,105.64,180584,201050
2024-09-30 00:00:00,105.12,105.645,104.7,105.365,136353,189072
2024-10-08 00:00:00,104.995,105.795,104.91,105.345,113186,189910
2024-10-09 00:00:00,105.395,105.67,105.265,105.61,107584,188677
2024-10-10 00:00:00,105.71,105.925,105.605,105.86,72123,186881
2024-10-11 00:00:00,106.055,106.085,105.8,105.91,76209,186199
2024-10-14 00:00:00,106.035,106.095,105.865,105.935,77989,185477
2024-10-15 00:00:00,105.98,106.195,105.895,106.185,77585,187978
2024-10-16 00:00:00,106.23,106.275,106.065,106.09,65018,185104
2024-10-17 00:00:00,106.095,106.37,106.07,106.345,51647,189028
2024-10-18 00:00:00,106.4,106.455,106.07,106.16,76647,186797
2024-10-21 00:00:00,106.18,106.275,106.075,106.255,55941,186863
2024-10-22 00:00:00,106.23,106.26,106.03,106.035,55201,186729
2024-10-23 00:00:00,106.06,106.075,105.76,105.87,73941,182792
2024-10-24 00:00:00,105.95,106.03,105.725,105.765,63441,182916
2024-10-25 00:00:00,105.84,105.9,105.745,105.795,55206,180431
2024-10-28 00:00:00,105.855,105.89,105.735,105.855,52395,179159
2024-10-29 00:00:00,105.855,105.96,105.765,105.96,59215,178379
2024-10-30 00:00:00,105.935,106.0,105.855,105.94,46731,177624
2024-10-31 00:00:00,105.95,106.0,105.82,105.95,55433,175160
2024-11-01 00:00:00,105.995,106.2,105.995,106.195,55375,177199
2024-11-04 00:00:00,106.195,106.23,106.105,106.14,45619,172717
2024-11-05 00:00:00,106.18,106.37,106.12,106.325,67523,176200
2024-11-06 00:00:00,106.36,106.48,106.265,106.32,57019,173873
2024-11-07 00:00:00,106.39,106.5,106.35,106.45,51719,175025
2024-11-08 00:00:00,106.4,106.585,106.4,106.47,62816,172806
2024-11-11 00:00:00,106.55,106.56,106.415,106.485,56000,162716
2024-11-12 00:00:00,106.54,106.795,106.54,106.785,68265,159626
2024-11-13 00:00:00,106.7,106.79,106.68,106.71,53668,149426
2024-11-14 00:00:00,106.67,106.73,106.615,106.715,40469,144981
2024-11-15 00:00:00,106.715,106.825,106.685,106.71,46034,136875
2024-11-18 00:00:00,106.655,106.695,106.545,106.55,54647,128618
2024-11-19 00:00:00,106.57,106.75,106.51,106.75,48045,122058
2024-11-20 00:00:00,106.74,106.74,106.61,106.67,46899,107258
2024-11-21 00:00:00,106.73,106.875,106.645,106.86,58397,90707
2024-11-22 00:00:00,106.935,107.01,106.845,106.93,81710,157098
2024-11-25 00:00:00,106.92,107.15,106.87,107.095,85296,180120
2024-11-26 00:00:00,107.165,107.165,107.0,107.04,57319,185131
2024-11-27 00:00:00,107.05,107.22,106.965,107.01,63213,188305
2024-11-28 00:00:00,107.055,107.195,107.02,107.17,42498,193244
2024-11-29 00:00:00,107.27,107.305,107.02,107.09,73103,188107
2024-12-02 00:00:00,107.27,107.55,107.25,107.5,62663,194489
2024-12-03 00:00:00,107.475,107.485,107.26,107.3,63110,190350
2024-12-04 00:00:00,107.415,107.58,107.375,107.58,47235,194328
2024-12-05 00:00:00,107.48,107.595,107.46,107.565,40710,192906
2024-12-06 00:00:00,107.545,107.64,107.45,107.55,49981,193822
2024-12-09 00:00:00,107.59,107.62,107.425,107.515,53163,193032
2024-12-10 00:00:00,108.0,108.29,107.89,108.215,89690,196745
2024-12-11 00:00:00,108.1,108.2,108.0,108.12,65589,192246
2024-12-12 00:00:00,108.25,108.345,108.145,108.28,66771,191230
2024-12-13 00:00:00,108.62,108.68,108.47,108.49,77645,186834
2024-12-16 00:00:00,108.63,108.85,108.58,108.715,71908,184052
2024-12-17 00:00:00,108.65,108.65,108.42,108.615,74732,178099
2024-12-18 00:00:00,108.655,108.815,108.18,108.465,119673,177227
2024-12-19 00:00:00,108.45,108.57,108.305,108.535,79325,179120
2024-12-20 00:00:00,108.66,108.9,108.66,108.895,65129,182563
2024-12-23 00:00:00,109.075,109.12,108.755,108.755,81209,174771
2024-12-24 00:00:00,108.78,108.905,108.56,108.7,85979,174715
2024-12-25 00:00:00,108.725,108.74,108.485,108.6,66218,171319
2024-12-26 00:00:00,108.625,108.715,108.405,108.5,75069,169157
2024-12-27 00:00:00,108.605,108.88,108.605,108.86,72752,173152
2024-12-30 00:00:00,108.79,108.835,108.54,108.595,70999,165599
2024-12-31 00:00:00,108.785,108.955,108.735,108.925,71173,167863
2025-01-02 00:00:00,109.02,109.23,108.955,109.18,77246,165321
2025-01-03 00:00:00,109.31,109.495,109.13,109.44,135726,168506
2025-01-06 00:00:00,109.455,109.47,109.165,109.47,80993,167076
2025-01-07 00:00:00,109.45,109.455,109.23,109.38,65970,165529
2025-01-08 00:00:00,109.37,109.49,109.31,109.425,68223,171877
2025-01-09 00:00:00,109.4,109.44,109.175,109.19,73927,170715
2025-01-10 00:00:00,108.9,109.16,108.665,109.16,110283,174545
2025-01-13 00:00:00,109.13,109.15,108.825,109.0,80612,173113
2025-01-14 00:00:00,108.96,109.16,108.89,109.14,84901,173105
2025-01-15 00:00:00,109.26,109.36,109.22,109.32,63460,173343
2025-01-16 00:00:00,109.225,109.385,109.14,109.31,75698,174218
2025-01-17 00:00:00,109.39,109.395,109.03,109.035,73731,171645
2025-01-20 00:00:00,108.98,109.15,108.955,109.05,63421,171392
2025-01-21 00:00:00,109.095,109.26,108.91,109.24,84227,170493
2025-01-22 00:00:00,109.275,109.325,109.145,109.15,56591,172335
2025-01-23 00:00:00,109.205,109.22,109.02,109.105,58660,170942
2025-01-24 00:00:00,109.015,109.12,108.835,109.115,57063,170273
2025-01-27 00:00:00,109.195,109.425,109.185,109.34,45980,169988
2025-02-05 00:00:00,109.335,109.45,109.275,109.435,37522,171307
2025-02-06 00:00:00,109.435,109.565,109.375,109.535,47852,169290
2025-02-07 00:00:00,109.53,109.59,109.355,109.405,46268,164421
2025-02-10 00:00:00,109.31,109.335,109.18,109.225,58803,154031
2025-02-11 00:00:00,109.225,109.34,109.18,109.305,51984,148767
2025-02-12 00:00:00,109.305,109.35,109.11,109.145,51233,138623
2025-02-13 00:00:00,109.2,109.24,109.045,109.115,57451,128963
2025-02-14 00:00:00,109.065,109.12,108.74,108.86,68124,118191
2025-02-17 00:00:00,108.665,108.925,108.59,108.695,67178,106083
2025-02-18 00:00:00,108.695,108.765,108.3,108.595,77268,94545
2025-02-19 00:00:00,108.62,108.71,108.52,108.685,53208,79057
2025-02-20 00:00:00,108.72,108.755,108.395,108.42,89652,124284
2025-02-21 00:00:00,108.435,108.53,108.085,108.16,124183,139164
2025-02-24 00:00:00,108.15,108.28,107.655,107.87,116589,144367
2025-02-25 00:00:00,108.06,108.235,107.54,108.065,154472,156244
2025-02-26 00:00:00,108.175,108.435,108.11,108.18,117416,160103
2025-02-27 00:00:00,108.185,108.285,107.96,108.065,79093,158818
2025-02-28 00:00:00,108.1,108.28,107.9,108.255,80985,161278
2025-03-03 00:00:00,108.25,108.52,108.17,108.455,75125,162958
2025-03-04 00:00:00,108.56,108.595,108.265,108.4,81733,162185
2025-03-05 00:00:00,108.49,108.54,108.4,108.51,55821,162297
2025-03-06 00:00:00,108.425,108.43,108.13,108.245,71904,163764
2025-03-07 00:00:00,108.02,108.04,107.57,107.635,116223,164489
2025-03-10 00:00:00,107.58,107.835,107.52,107.69,72800,163974
2025-03-11 00:00:00,107.65,107.665,107.21,107.235,85589,167753
2025-03-12 00:00:00,107.11,107.74,107.045,107.675,109197,171817
2025-03-13 00:00:00,107.56,107.8,107.56,107.62,78543,171620
2025-03-14 00:00:00,107.52,107.795,107.35,107.58,86055,173159
2025-03-17 00:00:00,107.33,107.505,107.055,107.075,94099,177321
2025-03-18 00:00:00,107.17,107.395,107.07,107.24,89723,172591
2025-03-19 00:00:00,107.35,107.415,107.15,107.22,73146,171696
2025-03-20 00:00:00,107.45,107.6,107.41,107.53,77417,175835
2025-03-21 00:00:00,107.535,107.585,107.325,107.415,87919,176083
2025-03-24 00:00:00,107.355,107.625,107.28,107.595,79458,176230
2025-03-25 00:00:00,107.775,107.875,107.66,107.675,70969,172736
2025-03-26 00:00:00,107.645,108.0,107.605,107.995,68604,175285
2025-03-27 00:00:00,107.895,108.07,107.85,107.89,65109,172454
2025-03-28 00:00:00,107.85,108.065,107.81,107.875,75065,174289
2025-03-31 00:00:00,107.81,108.03,107.79,107.87,73057,177132
2025-04-01 00:00:00,107.87,107.95,107.73,107.76,56787,175280
2025-04-02 00:00:00,107.785,108.065,107.775,108.05,62618,181072
2025-04-03 00:00:00,108.35,108.64,108.275,108.575,82251,183347
2025-04-07 00:00:00,109.075,109.2,108.905,109.18,92120,183733
2025-04-08 00:00:00,109.035,109.12,108.88,108.9,76844,189120
2025-04-09 00:00:00,109.06,109.32,108.955,109.045,94916,192698
2025-04-10 00:00:00,108.94,109.19,108.815,109.035,84854,188699
2025-04-11 00:00:00,109.2,109.26,108.86,108.95,80727,188016
2025-04-14 00:00:00,108.855,109.045,108.8,109.04,63209,191492
2025-04-15 00:00:00,109.01,109.065,108.92,108.96,48235,192362
2025-04-16 00:00:00,109.06,109.2,108.92,109.135,61950,197128
2025-04-17 00:00:00,109.15,109.165,108.94,108.99,62639,193114
2025-04-18 00:00:00,109.045,109.08,108.88,109.025,60099,193964
2025-04-21 00:00:00,109.03,109.035,108.745,108.78,60884,185013
2025-04-22 00:00:00,108.855,108.99,108.845,108.97,41633,189451
2025-04-23 00:00:00,108.85,108.86,108.69,108.77,59213,185431
2025-04-24 00:00:00,108.83,108.915,108.67,108.68,60040,186335
2025-04-25 00:00:00,108.75,108.905,108.67,108.77,66163,184318
2025-04-28 00:00:00,108.815,108.97,108.7,108.84,57270,186819
2025-04-29 00:00:00,108.925,109.125,108.91,109.12,51372,192474
2025-04-30 00:00:00,109.07,109.12,108.945,109.0,54593,188020
2025-05-06 00:00:00,108.955,109.13,108.94,109.045,49555,189565
2025-05-07 00:00:00,108.995,109.155,108.755,108.85,85388,180727
2025-05-08 00:00:00,108.965,109.145,108.935,109.06,58767,182509
2025-05-09 00:00:00,109.1,109.195,109.0,109.06,55055,176592
2025-05-12 00:00:00,108.89,109.09,108.36,108.53,110974,160433
2025-05-13 00:00:00,108.55,108.715,108.535,108.715,73903,143710
2025-05-14 00:00:00,108.675,108.695,108.49,108.535,68753,126019
2025-05-15 00:00:00,108.59,108.59,108.465,108.555,58524,112500
2025-05-16 00:00:00,108.445,108.52,108.32,108.48,60479,99612
2025-05-19 00:00:00,108.64,108.84,108.635,108.83,60025,125036
2025-05-20 00:00:00,108.885,108.945,108.78,108.84,76231,142998
2025-05-21 00:00:00,108.895,108.895,108.72,108.835,52668,149750
2025-05-22 00:00:00,108.84,108.96,108.77,108.815,65126,156071
2025-05-23 00:00:00,108.775,108.88,108.69,108.85,63496,163964
2025-05-26 00:00:00,108.89,108.935,108.825,108.855,52310,166526
2025-05-27 00:00:00,108.88,108.89,108.705,108.735,58575,165848
2025-05-28 00:00:00,108.7,108.785,108.635,108.73,49829,168138
2025-05-29 00:00:00,108.61,108.62,108.455,108.475,72334,166334
2025-05-30 00:00:00,108.65,108.76,108.63,108.725,62469,164631
2025-06-03 00:00:00,108.7,108.75,108.65,108.685,42868,167327
2025-06-04 00:00:00,108.72,108.775,108.62,108.765,55709,170547
2025-06-05 00:00:00,108.72,108.86,108.695,108.72,64481,169240
2025-06-06 00:00:00,108.82,108.93,108.81,108.925,54263,177112
2025-06-09 00:00:00,108.97,109.04,108.91,109.0,60635,182042
2025-06-10 00:00:00,109.0,109.03,108.945,108.995,47942,184969
2025-06-11 00:00:00,109.05,109.12,109.0,109.045,47080,187358
2025-06-12 00:00:00,109.05,109.08,108.96,108.995,49392,188181
2025-06-13 00:00:00,109.03,109.075,108.965,109.02,60457,191046
2025-06-16 00:00:00,109.04,109.095,108.98,109.015,49941,194978
2025-06-17 00:00:00,109.0,109.17,108.965,109.16,69095,206159
2025-06-18 00:00:00,109.125,109.165,109.085,109.14,48250,203959
2025-06-19 00:00:00,109.17,109.19,109.1,109.135,46048,205808
2025-06-20 00:00:00,109.105,109.205,109.1,109.15,50456,212559
2025-06-23 00:00:00,109.16,109.19,109.095,109.155,49489,212428
2025-06-24 00:00:00,109.15,109.15,109.015,109.025,51169,207169
2025-06-25 00:00:00,109.04,109.115,108.935,108.995,73376,205081
2025-06-26 00:00:00,108.995,109.035,108.925,108.95,52163,202431
2025-06-27 00:00:00,108.98,109.1,108.955,109.045,68735,204393
2025-06-30 00:00:00,109.025,109.045,108.88,108.895,77133,196973
2025-07-01 00:00:00,108.925,109.01,108.91,109.005,63387,199030
2025-07-02 00:00:00,109.03,109.13,109.03,109.13,57955,206519
2025-07-03 00:00:00,109.15,109.155,109.0,109.105,64924,206020
2025-07-04 00:00:00,109.09,109.145,109.085,109.1,60839,214140
2025-07-07 00:00:00,109.125,109.175,109.085,109.105,49192,216298
2025-07-08 00:00:00,109.105,109.105,108.97,109.02,61895,208754
2025-07-09 00:00:00,109.02,109.05,108.96,109.05,59539,203681
2025-07-10 00:00:00,109.015,109.03,108.83,108.845,77570,202427
2025-07-11 00:00:00,108.845,108.865,108.705,108.83,91046,197468
2025-07-14 00:00:00,108.775,108.78,108.655,108.73,69204,198439
2025-07-15 00:00:00,108.79,108.91,108.765,108.89,67445,195839
2025-07-16 00:00:00,108.905,108.93,108.835,108.835,50699,193107
2025-07-17 00:00:00,108.865,108.915,108.83,108.885,45552,192946
2025-07-18 00:00:00,108.835,108.87,108.78,108.79,51738,192316
2025-07-21 00:00:00,108.695,108.765,108.65,108.76,88280,194482
2025-07-22 00:00:00,108.76,108.79,108.61,108.635,73335,195597
2025-07-23 00:00:00,108.5,108.575,108.32,108.52,115034,193898
2025-07-24 00:00:00,108.445,108.45,108.21,108.22,90744,196329
2025-07-25 00:00:00,108.23,108.365,108.135,108.18,95427,196280
2025-07-28 00:00:00,108.38,108.445,108.24,108.395,78985,187839
2025-07-29 00:00:00,108.32,108.34,108.11,108.13,77831,187214
2025-07-30 00:00:00,108.2,108.34,108.095,108.3,86268,183354
2025-07-31 00:00:00,108.38,108.49,108.375,108.485,69263,181077
2025-08-01 00:00:00,108.395,108.535,108.385,108.435,64489,179297
2025-08-04 00:00:00,108.595,108.625,108.455,108.47,77910,175703
2025-08-05 00:00:00,108.47,108.595,108.44,108.54,69470,175137
2025-08-06 00:00:00,108.51,108.635,108.485,108.555,64393,170929
2025-08-07 00:00:00,108.61,108.68,108.58,108.615,57041,168650
2025-08-08 00:00:00,108.67,108.7,108.57,108.64,59254,165949
2025-08-11 00:00:00,108.59,108.61,108.42,108.495,76606,157180
2025-08-12 00:00:00,108.455,108.505,108.32,108.42,76952,147011
2025-08-13 00:00:00,108.355,108.485,108.305,108.435,77715,138589
2025-08-14 00:00:00,108.405,108.415,108.27,108.325,98705,125366
2025-08-15 00:00:00,108.375,108.435,108.29,108.295,67199,119479
2025-08-18 00:00:00,108.12,108.15,107.97,108.015,90469,107322
2025-08-19 00:00:00,107.97,108.0,107.84,107.95,63773,134497
2025-08-20 00:00:00,108.04,108.09,107.705,107.73,59731,145401
2025-08-21 00:00:00,107.74,107.89,107.64,107.875,71435,152548
2025-08-22 00:00:00,107.82,107.905,107.625,107.66,102107,161039
2025-08-25 00:00:00,107.58,107.97,107.555,107.95,110003,170744
2025-08-26 00:00:00,107.93,108.005,107.825,107.995,95243,173379
2025-08-27 00:00:00,107.955,108.04,107.865,108.02,99199,175035
2025-08-28 00:00:00,107.96,108.005,107.78,107.795,80900,172535
2025-08-29 00:00:00,107.795,107.89,107.77,107.81,73717,177634
2025-09-01 00:00:00,107.785,108.01,107.7,108.0,84189,185116
2025-09-02 00:00:00,108.005,108.015,107.9,107.955,60757,183369
2025-09-03 00:00:00,108.015,108.175,108.0,108.16,86857,191224
2025-09-04 00:00:00,108.245,108.32,108.215,108.26,83913,195378
2025-09-05 00:00:00,108.2,108.24,107.885,107.95,92512,195901
2025-09-08 00:00:00,107.86,107.92,107.795,107.865,79696,197661
2025-09-09 00:00:00,107.835,107.855,107.755,107.775,69688,199635
2025-09-10 00:00:00,107.745,107.775,107.47,107.49,95849,204788
2025-09-11 00:00:00,107.555,107.74,107.4,107.58,126053,209793
2025-09-12 00:00:00,107.595,107.725,107.555,107.71,103800,207873
2025-09-15 00:00:00,107.69,107.875,107.67,107.805,94600,211649
2025-09-16 00:00:00,107.68,108.085,107.58,108.0,138741,216284
2025-09-17 00:00:00,107.985,108.165,107.915,108.155,101611,222606
2025-09-18 00:00:00,108.065,108.125,107.985,108.08,93558,225245
2025-09-19 00:00:00,108.08,108.125,107.69,107.835,140197,224231
2025-09-22 00:00:00,107.81,107.985,107.805,107.975,79097,226111
2025-09-23 00:00:00,107.905,107.91,107.64,107.715,110179,221376
2025-09-24 00:00:00,107.78,107.805,107.575,107.65,91005,220655
2025-09-25 00:00:00,107.6,107.645,107.345,107.61,131434,217758
2025-09-26 00:00:00,107.655,107.73,107.61,107.68,81745,219928
2025-09-29 00:00:00,107.705,107.79,107.615,107.66,85459,220976
2025-09-30 00:00:00,107.645,108.0,107.625,107.845,91682,221887
2025-10-09 00:00:00,107.855,108.095,107.81,108.045,73515,223544
2025-10-10 00:00:00,108.075,108.125,107.92,107.98,68299,222088
2025-10-13 00:00:00,108.155,108.23,108.01,108.065,85927,223514
2025-10-14 00:00:00,107.975,108.28,107.865,108.17,125811,233798
2025-10-15 00:00:00,108.105,108.2,108.015,108.13,89364,226256
2025-10-16 00:00:00,108.115,108.215,108.11,108.165,62951,230412
2025-10-17 00:00:00,108.215,108.295,108.16,108.295,75516,234322
2025-10-20 00:00:00,108.185,108.19,108.05,108.11,76613,229313
2025-10-21 00:00:00,108.07,108.15,108.01,108.145,76221,231957
2025-10-22 00:00:00,108.175,108.225,108.105,108.145,66248,235248
2025-10-23 00:00:00,108.145,108.215,108.03,108.035,76898,227757
2025-10-24 00:00:00,108.0,108.065,107.97,108.005,67873,226955
2025-10-27 00:00:00,107.95,108.18,107.915,108.175,75942,229240
2025-10-28 00:00:00,108.295,108.455,108.295,108.415,75068,239193
2025-10-29 00:00:00,108.35,108.64,108.34,108.57,91358,246279
2025-10-30 00:00:00,108.58,108.68,108.545,108.63,68993,245110
2025-10-31 00:00:00,108.635,108.725,108.605,108.68,66178,242555
2025-11-03 00:00:00,108.65,108.71,108.58,108.68,65902,243868
2025-11-04 00:00:00,108.665,108.68,108.555,108.66,66835,240832
2025-11-05 00:00:00,108.715,108.75,108.6,108.62,56314,239203
2025-11-06 00:00:00,108.6,108.665,108.49,108.535,66747,237849
2025-11-07 00:00:00,108.58,108.595,108.445,108.445,54915,235609
2025-11-10 00:00:00,108.4,108.545,108.375,108.485,58830,231393
2025-11-11 00:00:00,108.51,108.59,108.47,108.475,52193,225549
2025-11-12 00:00:00,108.515,108.59,108.455,108.52,55607,221517
2025-11-13 00:00:00,108.51,108.51,108.4,108.41,70905,204914
2025-11-14 00:00:00,108.455,108.48,108.34,108.415,63609,194199
2025-11-17 00:00:00,108.41,108.525,108.39,108.485,62429,188350
2025-11-18 00:00:00,108.505,108.535,108.425,108.5,63673,177481
2025-11-19 00:00:00,108.48,108.48,108.365,108.425,66875,154751
2025-11-20 00:00:00,108.415,108.575,108.41,108.485,81803,135039
2025-11-21 00:00:00,108.255,108.33,108.185,108.24,92691,174950
2025-11-24 00:00:00,108.23,108.36,108.205,108.335,91478,210023
2025-11-25 00:00:00,108.295,108.345,108.205,108.22,115185,234165
2025-11-26 00:00:00,108.215,108.215,107.85,107.85,109822,229339
2025-11-27 00:00:00,107.935,107.965,107.865,107.895,75691,224127
2025-11-28 00:00:00,107.93,107.99,107.875,107.94,62864,221752
2025-12-01 00:00:00,107.92,108.09,107.85,108.04,82471,218091
2025-12-02 00:00:00,108.01,108.05,107.94,107.98,75576,223592
2025-12-03 00:00:00,108.025,108.06,107.965,108.04,78429,233603
2025-12-04 00:00:00,107.895,107.92,107.61,107.67,148085,226476
2025-12-05 00:00:00,107.77,107.955,107.695,107.87,101329,223661
2025-12-08 00:00:00,107.87,107.97,107.77,107.91,98368,220650
2025-12-09 00:00:00,107.99,108.025,107.92,107.98,75883,220366
2025-12-10 00:00:00,107.94,108.075,107.92,108.03,70066,220683
2025-12-11 00:00:00,108.07,108.165,108.045,108.1,74633,226712
2025-12-12 00:00:00,108.175,108.21,107.935,107.985,97516,220889
2025-12-15 00:00:00,107.985,108.07,107.805,107.87,101896,221740
2025-12-16 00:00:00,107.875,107.96,107.815,107.905,77265,222506
2025-12-17 00:00:00,107.945,108.05,107.905,108.005,72309,223762
2025-12-18 00:00:00,107.99,108.085,107.945,108.01,75552,226853
2025-12-19 00:00:00,108.02,108.15,108.015,108.15,56042,230923
2025-12-22 00:00:00,108.11,108.14,107.895,107.98,85093,226386
2025-12-23 00:00:00,107.99,108.235,107.965,108.22,98526,241505
2025-12-24 00:00:00,108.195,108.245,108.145,108.23,69143,243501
2025-12-25 00:00:00,108.21,108.25,108.17,108.195,56411,247563
2025-12-26 00:00:00,108.2,108.33,108.195,108.3,67379,253517
2025-12-29 00:00:00,108.235,108.27,107.94,107.975,119385,235832
2025-12-30 00:00:00,107.99,108.01,107.92,107.94,72012,230292
2025-12-31 00:00:00,107.995,107.995,107.715,107.86,93519,223646
2026-01-05 00:00:00,107.92,107.94,107.815,107.855,81715,226633
2026-01-06 00:00:00,107.7,107.77,107.63,107.7,82880,230132
2026-01-07 00:00:00,107.615,107.74,107.53,107.61,86507,229013
2026-01-08 00:00:00,107.67,107.8,107.625,107.79,75784,231210
2026-01-09 00:00:00,107.795,107.84,107.725,107.765,72433,233587
2026-01-12 00:00:00,107.76,107.865,107.76,107.845,64381,230631
2026-01-13 00:00:00,107.85,107.885,107.8,107.85,54073,232379
2026-01-14 00:00:00,107.82,107.975,107.775,107.93,77005,232326
2026-01-15 00:00:00,107.955,108.17,107.94,108.035,84852,232842
2026-01-16 00:00:00,107.945,108.1,107.92,108.065,69010,236984
2026-01-19 00:00:00,108.15,108.15,108.03,108.04,52248,234657
2026-01-20 00:00:00,108.045,108.195,108.03,108.18,61868,241758
2026-01-21 00:00:00,108.15,108.235,108.11,108.2,73032,243456
2026-01-22 00:00:00,108.2,108.205,108.145,108.15,46900,244468
2026-01-23 00:00:00,108.185,108.255,108.165,108.195,66283,247734
2026-01-26 00:00:00,108.195,108.23,108.14,108.18,59708,246340
2026-01-27 00:00:00,108.17,108.225,108.12,108.185,56180,248338
2026-01-28 00:00:00,108.195,108.215,108.11,108.21,53856,247590
2026-01-29 00:00:00,108.25,108.345,108.22,108.25,83851,258604
2026-01-30 00:00:00,108.275,108.345,108.25,108.31,68999,260856
2026-02-02 00:00:00,108.35,108.37,108.205,108.25,78497,256467
2026-02-03 00:00:00,108.175,108.275,108.155,108.26,72474,253976
2026-02-04 00:00:00,108.255,108.275,108.2,108.24,68372,245026
2026-02-05 00:00:00,108.24,108.36,108.195,108.32,79595,246404
2026-02-06 00:00:00,108.37,108.45,108.34,108.42,82563,248991
2026-02-09 00:00:00,108.38,108.515,108.38,108.49,80346,236694
2026-02-10 00:00:00,108.495,108.505,108.44,108.485,67522,221188
2026-02-11 00:00:00,108.52,108.6,108.5,108.54,94249,202139
2026-02-12 00:00:00,108.565,108.66,108.535,108.585,72102,184151
2026-02-13 00:00:00,108.59,108.61,108.385,108.505,114022,143233
2026-02-24 00:00:00,108.55,108.66,108.5,108.605,135055,253564
2026-02-25 00:00:00,108.65,108.68,108.46,108.48,139122,290279
2026-02-26 00:00:00,108.45,108.465,108.3,108.37,103564,287161
2026-02-27 00:00:00,108.38,108.415,108.315,108.395,72856,287103
2026-03-02 00:00:00,108.44,108.545,108.415,108.53,77301,297841
2026-03-03 00:00:00,108.535,108.535,108.465,108.5,60835,301367
2026-03-04 00:00:00,108.5,108.59,108.48,108.555,68845,308558
2026-03-05 00:00:00,108.55,108.59,108.505,108.545,58164,311163
2026-03-06 00:00:00,108.58,108.585,108.505,108.535,58012,317138
2026-03-09 00:00:00,108.465,108.475,108.275,108.315,122889,300349
2026-03-10 00:00:00,108.4,108.4,108.23,108.305,95038,293604
2026-03-11 00:00:00,108.26,108.295,108.235,108.26,59789,289768
2026-03-12 00:00:00,108.23,108.34,108.21,108.31,76637,286878
2026-03-13 00:00:00,108.28,108.295,108.22,108.22,70087,280452
2026-03-16 00:00:00,108.18,108.18,108.03,108.12,95024,281604
2026-03-17 00:00:00,108.135,108.175,108.09,108.14,56625,282208
2026-03-18 00:00:00,108.13,108.27,108.12,108.265,67638,286564
2026-03-19 00:00:00,108.2,108.395,108.175,108.33,83153,292588
2026-03-20 00:00:00,108.31,108.34,108.22,108.255,76153,288949
2026-03-23 00:00:00,108.24,108.275,108.07,108.145,111758,282480
2026-03-24 00:00:00,108.195,108.195,108.085,108.165,78058,280755
2026-03-25 00:00:00,108.16,108.22,108.15,108.155,54586,281927
2026-03-26 00:00:00,108.185,108.285,108.16,108.245,61096,283033
2026-03-27 00:00:00,108.23,108.28,108.205,108.235,60121,278693
2026-03-30 00:00:00,108.285,108.395,108.26,108.39,83694,287702
2026-03-31 00:00:00,108.385,108.435,108.355,108.4,81297,297454
2026-04-01 00:00:00,108.37,108.405,108.2,108.21,96771,292887
2026-04-02 00:00:00,108.235,108.255,108.155,108.2,91916,284845
2026-04-03 00:00:00,108.23,108.295,108.18,108.27,82498,284464
2026-04-07 00:00:00,108.29,108.355,108.19,108.295,74677,287718
2026-04-08 00:00:00,108.275,108.325,108.255,108.325,75390,297083
2026-04-09 00:00:00,108.33,108.345,108.21,108.29,100813,297706
2026-04-10 00:00:00,108.295,108.345,108.235,108.26,96470,302927
2026-04-13 00:00:00,108.3,108.395,108.255,108.365,92080,309700
2026-04-14 00:00:00,108.4,108.555,108.305,108.495,141185,327018
2026-04-15 00:00:00,108.46,108.59,108.45,108.58,90988,331565
2026-04-16 00:00:00,108.58,108.65,108.535,108.56,88404,334685
2026-04-17 00:00:00,108.58,108.75,108.575,108.735,86735,344639
2026-04-20 00:00:00,108.735,108.795,108.68,108.715,74176,343926
2026-04-21 00:00:00,108.74,108.8,108.72,108.755,83021,347520
2026-04-22 00:00:00,108.83,108.885,108.775,108.84,85587,349294
2026-04-23 00:00:00,108.825,108.84,108.725,108.75,80719,348087
2026-04-24 00:00:00,108.785,108.865,108.71,108.72,84358,348481
2026-04-27 00:00:00,108.655,108.74,108.48,108.5,109420,333338
2026-04-28 00:00:00,108.61,108.63,108.56,108.59,88128,324347
2026-04-29 00:00:00,108.6,108.68,108.56,108.675,67251,321410
2026-04-30 00:00:00,108.64,108.685,108.57,108.62,75461,315371
2026-05-06 00:00:00,108.525,108.575,108.415,108.555,104130,311331
2026-05-07 00:00:00,108.555,108.61,108.51,108.565,81154,303411
2026-05-08 00:00:00,108.6,108.69,108.58,108.59,92387,300921
2026-05-11 00:00:00,108.56,108.69,108.485,108.69,101153,298322
2026-05-12 00:00:00,108.665,108.77,108.645,108.74,93001,294857
2026-05-13 00:00:00,108.76,108.845,108.75,108.83,81524,294776
2026-05-14 00:00:00,108.83,108.85,108.75,108.795,94992,289443
2026-05-15 00:00:00,108.81,108.9,108.805,108.815,105355,288163
2026-05-18 00:00:00,108.825,108.97,108.74,108.96,122839,270360
2026-05-19 00:00:00,109.0,109.15,108.975,109.11,114883,253116
2026-05-20 00:00:00,109.08,109.205,109.06,109.11,100091,239264
2026-05-21 00:00:00,109.145,109.185,108.94,108.985,115132,213751
2026-05-22 00:00:00,108.97,108.985,108.905,108.93,136617,164961
2026-05-25 00:00:00,108.8,108.86,108.71,108.845,127355,265977
2026-05-26 00:00:00,108.825,108.91,108.825,108.855,133837,307661
2026-05-27 00:00:00,108.905,109.03,108.905,109.005,142821,344555
2026-05-28 00:00:00,109.04,109.1,109.01,109.085,107254,359591
2026-05-29 00:00:00,109.025,109.205,109.02,109.175,104968,370138
2026-06-01 00:00:00,109.23,109.285,109.19,109.205,93385,375849
2026-06-02 00:00:00,109.205,109.295,109.195,109.29,84094,384411
2026-06-03 00:00:00,109.26,109.27,109.17,109.205,94361,386198
2026-06-04 00:00:00,109.195,109.3,109.12,109.29,96925,396302
2026-06-05 00:00:00,109.28,109.28,109.14,109.225,108345,393856
2026-06-08 00:00:00,109.19,109.19,109.03,109.115,139017,384140
2026-06-09 00:00:00,109.08,109.1,108.98,109.0,95946,382496
2026-06-10 00:00:00,109.03,109.07,108.82,108.835,114695,371128
2026-06-11 00:00:00,108.805,108.875,108.73,108.765,108900,357577
2026-06-12 00:00:00,108.8,108.84,108.72,108.82,105723,349914
2026-06-15 00:00:00,108.78,108.86,108.765,108.835,87445,343055
2026-06-16 00:00:00,108.84,109.01,108.82,108.975,104171,345252
2026-06-17 00:00:00,108.955,109.045,108.94,109.04,84764,353192
2026-06-18 00:00:00,109.04,109.085,109.005,109.055,66009,360539
2026-06-22 00:00:00,109.0,109.11,108.93,109.06,88817,362023
2026-06-23 00:00:00,109.04,109.045,108.93,108.955,84481,356194
2026-06-24 00:00:00,108.995,109.04,108.96,108.99,77238,359521
2026-06-25 00:00:00,109.045,109.17,109.04,109.08,93113,359951
2026-06-26 00:00:00,109.095,109.21,109.09,109.185,74616,367573
2026-06-29 00:00:00,109.23,109.36,109.23,109.335,88850,377452
2026-06-30 00:00:00,109.35,109.36,109.195,109.22,94018,379188
2026-07-01 00:00:00,109.19,109.19,108.965,108.985,131765,363320
2026-07-02 00:00:00,109.03,109.1,108.98,109.07,81560,357410
2026-07-03 00:00:00,109.06,109.1,109.02,109.035,69926,350922
