datetime,open,high,low,close,volume,openinterest
2017-01-17 00:00:00,73.79999999999995,78.49999999999994,73.10000000000002,75.24999999999991,7239,0
2017-01-18 00:00:00,75.75000000000003,78.84999999999991,72.84999999999997,75.50000000000011,6430,0
2017-01-19 00:00:00,75.25000000000006,80.84999999999994,69.85,75.84999999999994,7685,0
2017-01-20 00:00:00,76.05000000000004,81.20000000000005,72.19999999999999,77.65,7957,0
2017-01-23 00:00:00,77.04999999999998,79.30000000000007,74.74999999999994,76.59999999999997,3716,0
2017-01-24 00:00:00,77.25000000000009,82.89999999999992,64.95000000000005,71.74999999999997,7646,0
2017-01-25 00:00:00,55.049999999999955,59.650000000000034,52.30000000000004,56.299999999999955,8201,0
2017-01-26 00:00:00,56.950000000000074,58.35000000000008,50.94999999999999,51.94999999999993,5436,0
2017-02-03 00:00:00,50.69999999999993,59.05000000000001,37.59999999999991,47.5,7771,0
2017-02-06 00:00:00,46.84999999999988,51.299999999999955,41.90000000000012,45.349999999999966,4877,0
2017-02-07 00:00:00,58.55000000000004,65.95000000000013,54.650000000000034,60.75000000000003,8359,0
2017-02-08 00:00:00,60.900000000000034,65.75000000000003,57.849999999999966,62.40000000000009,8511,0
2017-02-09 00:00:00,64.05000000000001,66.95000000000007,60.39999999999992,64.35000000000002,8550,0
2017-02-10 00:00:00,63.94999999999996,65.64999999999998,61.65000000000006,63.35000000000008,6851,0
2017-02-13 00:00:00,62.849999999999966,68.10000000000002,58.85000000000005,64.74999999999994,7113,0
2017-02-14 00:00:00,64.44999999999993,68.70000000000005,59.35000000000002,63.29999999999998,8539,0
2017-02-15 00:00:00,62.24999999999994,64.80000000000004,60.10000000000005,61.90000000000012,7969,0
2017-02-16 00:00:00,62.19999999999999,70.49999999999997,57.050000000000125,65.45000000000002,9203,0
2017-02-17 00:00:00,65.35000000000011,69.95000000000005,62.30000000000004,65.50000000000011,11036,0
2017-02-20 00:00:00,66.20000000000005,71.25,63.500000000000085,68.40000000000003,10004,0
2017-02-21 00:00:00,67.54999999999995,70.79999999999998,61.799999999999926,65.64999999999998,10554,0
2017-02-22 00:00:00,64.95000000000005,73.6,59.450000000000074,67.90000000000006,9682,0
2017-02-23 00:00:00,67.04999999999998,72.30000000000004,64.20000000000002,67.69999999999996,7703,0
2017-02-24 00:00:00,67.69999999999996,73.09999999999988,63.900000000000006,68.6,10046,0
2017-02-27 00:00:00,69.00000000000006,74.09999999999997,64.30000000000007,68.44999999999999,9353,0
2017-02-28 00:00:00,67.80000000000001,72.5,65.0,69.24999999999997,6625,0
2017-03-01 00:00:00,68.50000000000009,72.39999999999995,62.80000000000001,66.4,9271,0
2017-03-02 00:00:00,65.94999999999999,68.75,63.39999999999989,66.29999999999995,8388,0
2017-03-03 00:00:00,66.29999999999995,69.19999999999987,62.849999999999966,65.49999999999997,8175,0
2017-03-06 00:00:00,65.79999999999998,67.54999999999995,63.85000000000005,65.85000000000008,6449,0
2017-03-07 00:00:00,65.60000000000002,68.99999999999991,63.44999999999999,66.65000000000006,6654,0
2017-03-08 00:00:00,66.70000000000002,70.94999999999999,60.900000000000034,65.34999999999997,9217,0
2017-03-09 00:00:00,64.65000000000003,70.10000000000005,60.349999999999966,65.0,9619,0
2017-03-10 00:00:00,64.09999999999997,67.54999999999995,62.849999999999966,65.70000000000007,6919,0
2017-03-13 00:00:00,65.60000000000002,76.75000000000011,59.34999999999988,69.75000000000009,10915,0
2017-03-14 00:00:00,68.6999999999999,71.79999999999993,66.59999999999997,69.39999999999998,9154,0
2017-03-15 00:00:00,69.39999999999998,72.54999999999995,66.75000000000011,70.64999999999998,7652,0
2017-03-16 00:00:00,72.15000000000003,79.85000000000014,66.44999999999996,74.65000000000003,19013,0
2017-03-17 00:00:00,74.20000000000002,77.60000000000005,71.80000000000007,74.60000000000008,8231,0
2017-03-20 00:00:00,74.74999999999994,78.40000000000003,71.4,75.49999999999997,9023,0
2017-03-21 00:00:00,74.24999999999997,80.2000000000001,70.50000000000011,76.25,10347,0
2017-03-22 00:00:00,77.39999999999995,79.65000000000003,73.6999999999999,77.15000000000003,9274,0
2017-03-23 00:00:00,77.19999999999999,80.40000000000006,72.60000000000005,77.5500000000001,9581,0
2017-03-24 00:00:00,76.59999999999997,86.05000000000004,72.04999999999998,80.54999999999993,12048,0
2017-03-27 00:00:00,80.54999999999993,82.39999999999995,77.09999999999994,79.35000000000002,8790,0
2017-03-28 00:00:00,80.15,83.05000000000007,74.20000000000002,76.89999999999998,9918,0
2017-03-29 00:00:00,76.80000000000007,82.24999999999994,73.65000000000009,77.00000000000003,8468,0
2017-03-30 00:00:00,77.04999999999998,79.74999999999994,73.40000000000003,76.4,8380,0
2017-03-31 00:00:00,77.10000000000008,81.1,72.80000000000001,76.00000000000009,8194,0
2017-04-05 00:00:00,77.10000000000008,82.69999999999996,69.05000000000001,74.85,9270,0
2017-04-06 00:00:00,74.15000000000006,78.29999999999998,72.54999999999995,76.65000000000006,6982,0
2017-04-07 00:00:00,76.89999999999998,80.30000000000001,74.89999999999995,78.94999999999996,7608,0
2017-04-10 00:00:00,78.49999999999994,80.75000000000003,74.85,77.24999999999994,7293,0
2017-04-11 00:00:00,77.05000000000013,79.95000000000005,74.10000000000011,77.84999999999997,5707,0
2017-04-12 00:00:00,77.90000000000006,82.15000000000003,74.39999999999998,77.69999999999996,10120,0
2017-04-13 00:00:00,79.09999999999997,82.25000000000009,74.14999999999992,78.55000000000004,9730,0
2017-04-14 00:00:00,78.50000000000009,82.04999999999998,73.6,76.74999999999997,7758,0
2017-04-17 00:00:00,76.15000000000009,80.60000000000002,71.60000000000011,75.09999999999991,9575,0
2017-04-18 00:00:00,74.54999999999998,78.5499999999999,72.04999999999998,75.80000000000013,8084,0
2017-04-19 00:00:00,76.4,78.00000000000011,72.99999999999997,76.05000000000004,8151,0
2017-04-20 00:00:00,75.40000000000006,78.19999999999993,72.39999999999995,75.69999999999993,8135,0
2017-04-21 00:00:00,74.89999999999995,78.75,70.54999999999993,74.24999999999997,8647,0
2017-04-24 00:00:00,72.99999999999997,77.5,68.79999999999995,72.5,10477,0
2017-04-25 00:00:00,72.5,78.29999999999998,69.35000000000002,74.9499999999999,10056,0
2017-04-26 00:00:00,74.85,77.74999999999991,72.74999999999991,75.10000000000005,8948,0
2017-04-27 00:00:00,75.25000000000006,79.24999999999997,72.90000000000006,76.89999999999998,8767,0
2017-04-28 00:00:00,76.59999999999997,78.65000000000009,73.79999999999995,76.0499999999999,6643,0
2017-05-02 00:00:00,76.00000000000009,79.64999999999989,72.39999999999995,75.15,8920,0
2017-05-03 00:00:00,74.39999999999998,77.7000000000001,70.69999999999993,75.10000000000005,8355,0
2017-05-04 00:00:00,74.65000000000003,80.25000000000006,69.10000000000011,74.15000000000006,11065,0
2017-05-05 00:00:00,74.39999999999998,77.24999999999994,72.30000000000004,75.19999999999996,7471,0
2017-05-08 00:00:00,75.19999999999996,79.15000000000006,70.2000000000001,73.75,9158,0
2017-05-09 00:00:00,73.04999999999993,77.25000000000009,71.0499999999999,73.25000000000003,10663,0
2017-05-10 00:00:00,74.70000000000013,80.64999999999998,66.20000000000005,72.84999999999997,15901,0
2017-05-11 00:00:00,68.14999999999998,74.85,63.400000000000034,71.14999999999995,12932,0
2017-05-12 00:00:00,69.20000000000002,75.79999999999998,64.29999999999993,69.00000000000006,18131,0
2017-05-15 00:00:00,70.0,74.65000000000003,59.950000000000045,71.25,15694,0
2017-05-16 00:00:00,70.84999999999994,73.04999999999993,67.15000000000003,69.80000000000004,11662,0
2017-05-17 00:00:00,70.84999999999994,74.00000000000006,66.70000000000002,71.54999999999987,16285,0
2017-05-18 00:00:00,73.20000000000007,75.64999999999998,70.25000000000006,73.49999999999994,11551,0
2017-05-19 00:00:00,73.05000000000007,76.55000000000001,70.0,73.94999999999996,15125,0
2017-05-22 00:00:00,73.29999999999998,77.15000000000003,68.75,71.89999999999998,11881,0
2017-05-23 00:00:00,71.85000000000002,74.85,68.65000000000009,70.04999999999995,12684,0
2017-05-24 00:00:00,70.09999999999991,74.20000000000002,65.60000000000002,70.50000000000011,15124,0
2017-05-25 00:00:00,70.70000000000007,73.44999999999999,68.6,70.99999999999994,9244,0
2017-05-26 00:00:00,70.60000000000002,72.24999999999994,68.29999999999998,70.79999999999998,6373,0
2017-05-31 00:00:00,72.65,75.84999999999994,68.14999999999998,71.69999999999987,9771,0
2017-06-01 00:00:00,70.99999999999994,74.09999999999997,67.84999999999997,71.1,9517,0
2017-06-02 00:00:00,70.90000000000003,73.49999999999994,68.75,71.20000000000005,6428,0
2017-06-05 00:00:00,71.0499999999999,75.25000000000006,69.20000000000002,72.25000000000009,9341,0
2017-06-06 00:00:00,72.10000000000008,74.65000000000003,69.30000000000007,71.44999999999996,7082,0
2017-06-07 00:00:00,70.90000000000003,76.00000000000009,68.24999999999989,73.10000000000002,13681,0
2017-06-08 00:00:00,72.80000000000001,75.75000000000003,70.90000000000003,73.49999999999994,10457,0
2017-06-09 00:00:00,73.20000000000007,76.55000000000001,71.55000000000001,73.79999999999995,7865,0
2017-06-12 00:00:00,74.24999999999997,78.25000000000003,71.64999999999992,75.30000000000001,9920,0
2017-06-13 00:00:00,76.29999999999995,78.5499999999999,73.09999999999988,76.05000000000004,8928,0
2017-06-14 00:00:00,75.99999999999994,79.05000000000001,72.09999999999994,75.85000000000008,20264,0
2017-06-15 00:00:00,77.5,80.34999999999997,71.65000000000006,75.10000000000005,14293,0
2017-06-16 00:00:00,74.74999999999994,76.69999999999987,72.65,74.65000000000003,8232,0
2017-06-19 00:00:00,75.19999999999996,80.45000000000002,71.69999999999987,76.95000000000007,13310,0
2017-06-20 00:00:00,77.84999999999997,79.39999999999998,74.24999999999997,76.14999999999995,11134,0
2017-06-21 00:00:00,75.79999999999998,79.35000000000002,71.55000000000001,74.50000000000003,14375,0
2017-06-22 00:00:00,74.24999999999997,77.45000000000005,71.64999999999992,73.79999999999995,14065,0
2017-06-23 00:00:00,74.15000000000006,76.4,72.4499999999999,74.30000000000007,9252,0
2017-06-26 00:00:00,74.69999999999999,78.05000000000007,71.94999999999993,75.60000000000002,11294,0
2017-06-27 00:00:00,75.75000000000003,78.60000000000014,73.6999999999999,75.30000000000001,9709,0
2017-06-28 00:00:00,74.85,77.35,73.19999999999993,74.49999999999989,10289,0
2017-06-29 00:00:00,73.99999999999991,76.74999999999997,71.79999999999993,73.25000000000003,11875,0
2017-06-30 00:00:00,72.99999999999997,74.09999999999997,71.14999999999995,72.85000000000011,10328,0
2017-07-03 00:00:00,72.99999999999997,76.1,68.50000000000009,71.20000000000005,9365,0
2017-07-04 00:00:00,70.94999999999999,73.40000000000003,69.85,71.55000000000001,6945,0
2017-07-05 00:00:00,71.20000000000005,74.80000000000004,69.35000000000002,72.84999999999997,8642,0
2017-07-06 00:00:00,72.95000000000002,75.15,71.1,72.80000000000001,8866,0
2017-07-07 00:00:00,72.30000000000004,74.69999999999999,69.35000000000002,71.49999999999991,11850,0
2017-07-10 00:00:00,71.60000000000011,74.05000000000001,69.89999999999995,71.94999999999993,10920,0
2017-07-11 00:00:00,71.74999999999997,74.7999999999999,70.60000000000002,72.89999999999992,9802,0
2017-07-12 00:00:00,73.25000000000003,76.4,71.25,73.79999999999995,14933,0
2017-07-13 00:00:00,74.44999999999993,76.95000000000007,72.60000000000005,74.65000000000003,12407,0
2017-07-14 00:00:00,74.49999999999989,76.20000000000005,73.25000000000003,75.24999999999991,12516,0
2017-07-17 00:00:00,75.49999999999997,78.84999999999991,73.79999999999995,76.14999999999995,12769,0
2017-07-18 00:00:00,75.39999999999992,77.30000000000004,72.69999999999996,74.69999999999999,14751,0
2017-07-19 00:00:00,75.30000000000001,76.35000000000005,73.14999999999998,74.54999999999998,9958,0
2017-07-20 00:00:00,75.2000000000001,77.15000000000003,73.40000000000003,75.40000000000006,7132,0
2017-07-21 00:00:00,75.60000000000002,77.5,73.44999999999999,74.89999999999995,6080,0
2017-07-24 00:00:00,75.24999999999991,76.4,74.09999999999997,75.44999999999987,5582,0
2017-07-25 00:00:00,75.44999999999987,77.60000000000005,72.84999999999997,74.80000000000004,7773,0
2017-07-26 00:00:00,73.8000000000001,75.94999999999999,71.79999999999993,73.24999999999989,7748,0
2017-07-27 00:00:00,74.15000000000006,76.89999999999998,71.49999999999991,75.19999999999996,10691,0
2017-07-28 00:00:00,75.30000000000001,76.34999999999991,73.55000000000004,75.04999999999995,7878,0
2017-07-31 00:00:00,75.49999999999997,76.80000000000007,71.74999999999997,73.44999999999999,9463,0
2017-08-01 00:00:00,73.50000000000009,76.1,71.50000000000006,73.34999999999994,12872,0
2017-08-02 00:00:00,74.39999999999998,75.39999999999992,72.35,73.9,10054,0
2017-08-03 00:00:00,73.84999999999991,75.65000000000012,72.30000000000004,74.29999999999993,10078,0
2017-08-04 00:00:00,74.65000000000003,75.90000000000003,72.5500000000001,73.99999999999991,9034,0
2017-08-07 00:00:00,72.94999999999987,75.10000000000005,70.49999999999997,72.35,10095,0
2017-08-08 00:00:00,72.04999999999998,74.69999999999999,70.79999999999998,73.04999999999993,8622,0
2017-08-09 00:00:00,71.80000000000007,75.49999999999997,71.4500000000001,74.54999999999998,11300,0
2017-08-10 00:00:00,73.29999999999998,74.85000000000014,72.45000000000005,73.29999999999998,7968,0
2017-08-11 00:00:00,73.9,75.45000000000002,72.19999999999999,73.55000000000004,7313,0
2017-08-14 00:00:00,71.89999999999998,75.49999999999997,68.6999999999999,73.25000000000003,11631,0
2017-08-15 00:00:00,73.8000000000001,75.19999999999996,71.89999999999998,73.6,10186,0
2017-08-16 00:00:00,73.10000000000002,74.50000000000003,72.25000000000009,73.99999999999991,6749,0
2017-08-17 00:00:00,74.35000000000002,75.15,72.30000000000004,74.20000000000002,6243,0
2017-08-18 00:00:00,74.59999999999994,75.79999999999998,72.60000000000005,73.85000000000005,7225,0
2017-08-21 00:00:00,73.64999999999995,74.54999999999998,72.04999999999998,73.29999999999998,6897,0
2017-08-22 00:00:00,73.35000000000008,74.60000000000008,71.20000000000005,73.10000000000002,8524,0
2017-08-23 00:00:00,73.24999999999989,74.50000000000003,70.90000000000003,72.09999999999994,11330,0
2017-08-24 00:00:00,72.39999999999995,73.49999999999994,70.04999999999995,72.04999999999998,9579,0
2017-08-25 00:00:00,71.74999999999997,73.10000000000002,70.60000000000002,71.79999999999993,5262,0
2017-08-28 00:00:00,72.15000000000003,73.20000000000007,70.34999999999997,71.49999999999991,7314,0
2017-08-29 00:00:00,71.1,73.75,69.35000000000002,72.25000000000009,8007,0
2017-08-30 00:00:00,71.90000000000012,73.94999999999996,70.60000000000002,72.65,7269,0
2017-08-31 00:00:00,72.19999999999999,74.15000000000006,71.55000000000001,72.99999999999997,6187,0
2017-09-01 00:00:00,72.59999999999991,73.6,71.74999999999997,72.2999999999999,5586,0
2017-09-04 00:00:00,71.90000000000012,73.45000000000013,70.94999999999999,72.14999999999989,4919,0
2017-09-05 00:00:00,72.00000000000003,73.40000000000003,70.25000000000006,71.55000000000001,7308,0
2017-09-06 00:00:00,72.19999999999999,73.9,70.64999999999998,72.35,7091,0
2017-09-07 00:00:00,72.5500000000001,75.60000000000002,70.39999999999992,73.55000000000004,9066,0
2017-09-08 00:00:00,74.59999999999994,76.25,71.80000000000007,74.24999999999997,12274,0
2017-09-11 00:00:00,74.24999999999997,75.74999999999989,72.80000000000001,74.20000000000002,8032,0
2017-09-12 00:00:00,73.85000000000005,76.55000000000001,72.24999999999994,74.64999999999989,10602,0
2017-09-13 00:00:00,75.0,76.55000000000001,72.99999999999997,74.54999999999998,15095,0
2017-09-14 00:00:00,74.39999999999998,78.75,72.14999999999989,76.59999999999997,13350,0
2017-09-15 00:00:00,76.70000000000002,78.14999999999998,75.30000000000001,76.65000000000006,8543,0
2017-09-18 00:00:00,77.09999999999994,79.14999999999992,73.34999999999994,75.84999999999994,18684,0
2017-09-19 00:00:00,75.79999999999998,77.24999999999994,74.50000000000003,75.85000000000008,10139,0
2017-09-20 00:00:00,76.4,77.40000000000009,74.50000000000003,76.00000000000009,9785,0
2017-09-21 00:00:00,75.90000000000003,78.6,72.09999999999994,75.19999999999996,9179,0
2017-09-22 00:00:00,75.15,76.80000000000007,74.05000000000001,75.59999999999988,7679,0
2017-09-25 00:00:00,75.70000000000007,77.59999999999991,74.80000000000004,75.90000000000003,7796,0
2017-09-26 00:00:00,75.79999999999998,76.70000000000002,74.85,75.79999999999998,4765,0
2017-09-27 00:00:00,75.50000000000011,76.25,74.24999999999997,75.34999999999997,6583,0
2017-09-28 00:00:00,75.69999999999993,76.64999999999992,74.80000000000004,75.40000000000006,9804,0
2017-09-29 00:00:00,75.69999999999993,77.09999999999994,73.9,74.95000000000005,6926,0
2017-10-10 00:00:00,74.50000000000003,75.60000000000002,73.25000000000003,74.95000000000005,6139,0
2017-10-11 00:00:00,74.85,76.05000000000004,73.55000000000004,74.75000000000009,6257,0
2017-10-12 00:00:00,74.80000000000004,77.19999999999999,71.60000000000011,73.6,10427,0
2017-10-13 00:00:00,74.10000000000011,75.34999999999997,72.74999999999991,73.64999999999995,7446,0
2017-10-16 00:00:00,73.20000000000007,74.69999999999999,71.50000000000006,72.95000000000002,13281,0
2017-10-17 00:00:00,72.69999999999996,76.75000000000011,68.44999999999999,72.04999999999998,13826,0
2017-10-18 00:00:00,73.10000000000002,74.39999999999998,69.7999999999999,72.00000000000003,19413,0
2017-10-19 00:00:00,72.5,76.20000000000005,68.75,71.89999999999998,13935,0
2017-10-20 00:00:00,71.70000000000002,73.64999999999995,69.7999999999999,70.90000000000003,10704,0
2017-10-23 00:00:00,71.20000000000005,73.55000000000004,69.00000000000006,71.4,10364,0
2017-10-24 00:00:00,71.55000000000001,72.75000000000006,70.30000000000001,71.64999999999992,5281,0
2017-10-25 00:00:00,71.1,74.45000000000007,66.1999999999999,69.24999999999997,12794,0
2017-10-26 00:00:00,70.15,73.25000000000003,65.94999999999999,70.60000000000002,16538,0
2017-10-27 00:00:00,70.40000000000006,74.10000000000011,65.35000000000011,69.20000000000002,11525,0
2017-10-30 00:00:00,68.79999999999995,73.34999999999994,59.90000000000009,66.05000000000004,33434,0
2017-10-31 00:00:00,67.15000000000003,69.44999999999993,63.8000000000001,66.15000000000009,16407,0
2017-11-01 00:00:00,66.4,70.19999999999996,64.29999999999993,67.80000000000001,14584,0
2017-11-02 00:00:00,67.60000000000005,70.09999999999991,65.49999999999997,67.60000000000005,12970,0
2017-11-03 00:00:00,67.25000000000009,70.34999999999997,64.89999999999995,67.99999999999997,16282,0
2017-11-06 00:00:00,67.80000000000001,70.70000000000007,66.20000000000005,68.94999999999996,11386,0
2017-11-07 00:00:00,68.6,71.80000000000007,64.05000000000001,67.69999999999996,16941,0
2017-11-08 00:00:00,67.75000000000006,71.44999999999996,63.599999999999994,67.99999999999997,17739,0
2017-11-09 00:00:00,67.95000000000002,70.04999999999995,65.25000000000006,67.15000000000003,12990,0
2017-11-10 00:00:00,67.15000000000003,69.09999999999997,64.75000000000009,67.00000000000003,10716,0
2017-11-13 00:00:00,67.00000000000003,70.99999999999994,60.349999999999966,64.54999999999998,14064,0
2017-11-14 00:00:00,64.80000000000004,68.8000000000001,59.299999999999926,65.54999999999993,14905,0
2017-11-15 00:00:00,65.94999999999999,67.45000000000005,62.450000000000045,64.10000000000011,9780,0
2017-11-16 00:00:00,61.60000000000011,65.0500000000001,59.849999999999994,62.89999999999992,15995,0
2017-11-17 00:00:00,62.59999999999991,64.75000000000009,61.200000000000045,63.5499999999999,10468,0
2017-11-20 00:00:00,64.10000000000011,66.89999999999998,60.09999999999991,62.5500000000001,12221,0
2017-11-21 00:00:00,61.80000000000007,65.40000000000006,58.599999999999994,62.5500000000001,16581,0
2017-11-22 00:00:00,59.7999999999999,64.05000000000001,57.19999999999999,60.79999999999998,12511,0
2017-11-23 00:00:00,60.64999999999998,63.85000000000005,59.14999999999992,61.05000000000004,9737,0
2017-11-24 00:00:00,62.050000000000125,64.85,59.89999999999995,62.90000000000006,6150,0
2017-11-27 00:00:00,63.64999999999995,64.85,60.79999999999998,62.349999999999994,10900,0
2017-11-28 00:00:00,62.75000000000006,64.65000000000003,59.00000000000006,61.599999999999966,11799,0
2017-11-29 00:00:00,61.950000000000074,69.80000000000004,55.89999999999989,64.34999999999988,12796,0
2017-11-30 00:00:00,63.65000000000009,67.45000000000005,60.549999999999926,64.60000000000008,10598,0
2017-12-01 00:00:00,63.64999999999995,67.39999999999995,61.64999999999992,64.35000000000002,9240,0
2017-12-04 00:00:00,64.29999999999993,66.99999999999989,60.85000000000008,64.69999999999999,8840,0
2017-12-05 00:00:00,65.49999999999997,68.25000000000003,61.099999999999994,64.30000000000007,14019,0
2017-12-06 00:00:00,64.20000000000002,66.79999999999993,61.50000000000006,64.50000000000003,10265,0
2017-12-07 00:00:00,64.60000000000008,66.64999999999992,62.150000000000034,64.50000000000003,10201,0
2017-12-08 00:00:00,64.60000000000008,67.15000000000003,61.400000000000006,63.29999999999998,12205,0
2017-12-11 00:00:00,63.599999999999994,65.60000000000002,60.25000000000006,62.80000000000001,9293,0
2017-12-12 00:00:00,62.19999999999999,64.95000000000005,60.45000000000002,62.849999999999966,9707,0
2017-12-13 00:00:00,62.749999999999915,64.59999999999994,60.900000000000034,62.79999999999987,10641,0
2017-12-14 00:00:00,63.49999999999994,65.45000000000002,62.19999999999999,63.39999999999989,8082,0
2017-12-15 00:00:00,63.599999999999994,66.89999999999998,61.299999999999955,64.69999999999999,11212,0
2017-12-18 00:00:00,65.19999999999996,67.5,62.00000000000003,64.44999999999993,8375,0
2017-12-19 00:00:00,64.39999999999998,66.25,62.80000000000001,64.24999999999997,6967,0
2017-12-20 00:00:00,64.20000000000002,65.85000000000008,62.60000000000005,64.50000000000003,7681,0
2017-12-21 00:00:00,64.39999999999998,65.60000000000002,62.549999999999955,64.44999999999993,6983,0
2017-12-22 00:00:00,64.35000000000002,68.10000000000002,62.30000000000004,65.79999999999998,7729,0
2017-12-25 00:00:00,66.1,67.54999999999995,63.75,65.10000000000005,7989,0
2017-12-26 00:00:00,65.25000000000006,66.85000000000002,63.25000000000003,64.69999999999999,8052,0
2017-12-27 00:00:00,64.80000000000004,65.99999999999994,64.00000000000006,65.0,4078,0
2017-12-28 00:00:00,65.45000000000002,67.60000000000005,63.84999999999991,65.85000000000008,4450,0
2017-12-29 00:00:00,65.85000000000008,68.50000000000009,62.40000000000009,65.60000000000002,9635,0
2018-01-02 00:00:00,65.70000000000007,69.45000000000007,60.049999999999955,63.799999999999955,10554,0
2018-01-03 00:00:00,63.85000000000005,65.04999999999995,62.050000000000125,63.44999999999999,9053,0
2018-01-04 00:00:00,62.450000000000045,64.50000000000003,59.74999999999994,62.150000000000034,10370,0
2018-01-05 00:00:00,62.5,63.65000000000009,60.94999999999999,61.89999999999998,5787,0
2018-01-08 00:00:00,62.19999999999999,64.95000000000005,59.24999999999997,62.549999999999955,9121,0
2018-01-09 00:00:00,62.349999999999994,63.799999999999955,61.099999999999994,62.349999999999994,7085,0
2018-01-10 00:00:00,61.80000000000007,64.20000000000002,59.60000000000008,61.400000000000006,9812,0
2018-01-11 00:00:00,61.400000000000006,64.24999999999997,57.75000000000006,60.84999999999994,12570,0
2018-01-12 00:00:00,61.099999999999994,62.75000000000006,59.650000000000034,61.3000000000001,6210,0
2018-01-15 00:00:00,60.150000000000006,62.650000000000006,57.19999999999999,60.35000000000011,10691,0
2018-01-16 00:00:00,60.64999999999998,62.39999999999995,58.400000000000034,59.849999999999994,6747,0
2018-01-17 00:00:00,59.35000000000002,62.59999999999991,57.04999999999998,59.099999999999966,14091,0
2018-01-18 00:00:00,59.00000000000006,60.99999999999994,56.400000000000006,58.35000000000008,14051,0
2018-01-19 00:00:00,58.55000000000004,60.95000000000013,56.70000000000002,58.6999999999999,12942,0
2018-01-22 00:00:00,58.94999999999996,62.39999999999995,56.15000000000009,59.950000000000045,10199,0
2018-01-23 00:00:00,60.0,61.400000000000006,58.10000000000002,59.44999999999993,9212,0
2018-01-24 00:00:00,59.450000000000074,61.35000000000005,47.5,59.05000000000001,10636,0
2018-01-25 00:00:00,59.50000000000003,61.85000000000002,56.70000000000002,59.30000000000007,8562,0
2018-01-26 00:00:00,59.59999999999994,60.549999999999926,58.10000000000002,59.450000000000074,8278,0
2018-01-29 00:00:00,58.84999999999991,61.400000000000006,57.04999999999998,59.20000000000002,8507,0
2018-01-30 00:00:00,59.199999999999875,60.2000000000001,57.90000000000006,59.099999999999966,9074,0
2018-01-31 00:00:00,59.299999999999926,61.3000000000001,58.599999999999994,60.249999999999915,8420,0
2018-02-01 00:00:00,60.349999999999966,63.049999999999926,58.34999999999994,60.84999999999994,12326,0
2018-02-02 00:00:00,60.30000000000001,61.70000000000002,59.39999999999998,60.19999999999996,7154,0
2018-02-05 00:00:00,60.40000000000006,61.94999999999993,57.00000000000003,58.75,11175,0
2018-02-06 00:00:00,60.19999999999996,62.75000000000006,58.49999999999994,60.64999999999998,12511,0
2018-02-07 00:00:00,59.74999999999994,61.799999999999926,58.799999999999955,60.55000000000007,8508,0
2018-02-08 00:00:00,60.900000000000034,63.64999999999995,56.44999999999996,58.84999999999991,10422,0
2018-02-09 00:00:00,59.24999999999997,62.5,56.14999999999995,59.74999999999994,14664,0
2018-02-12 00:00:00,59.69999999999999,61.25,53.700000000000045,59.44999999999993,8687,0
2018-02-13 00:00:00,59.74999999999994,61.50000000000006,58.10000000000002,59.39999999999998,6903,0
2018-02-14 00:00:00,59.650000000000034,60.75000000000003,57.75000000000006,58.900000000000006,2823,0
2018-02-22 00:00:00,58.10000000000002,59.74999999999994,56.099999999999994,57.95000000000002,2485,0
2018-02-23 00:00:00,58.44999999999999,59.69999999999999,57.549999999999955,58.599999999999994,4212,0
2018-02-26 00:00:00,59.099999999999966,64.54999999999998,55.349999999999966,60.60000000000002,8051,0
2018-02-27 00:00:00,60.09999999999991,65.45000000000002,57.5,62.349999999999994,10321,0
2018-02-28 00:00:00,61.89999999999998,64.20000000000002,60.79999999999998,62.24999999999994,7223,0
2018-03-01 00:00:00,62.75000000000006,64.35000000000002,60.79999999999998,62.19999999999999,7471,0
2018-03-02 00:00:00,62.59999999999991,63.14999999999998,61.000000000000085,62.04999999999998,7243,0
2018-03-05 00:00:00,62.150000000000034,64.20000000000002,60.0,62.24999999999994,6920,0
2018-03-06 00:00:00,62.19999999999999,66.29999999999995,60.0,64.39999999999998,10669,0
2018-03-07 00:00:00,63.900000000000006,65.55000000000007,62.849999999999966,64.15000000000006,7252,0
2018-03-08 00:00:00,64.7999999999999,66.65000000000006,61.85000000000002,64.05000000000001,6977,0
2018-03-09 00:00:00,63.900000000000006,66.4,61.599999999999966,63.85000000000005,7938,0
2018-03-12 00:00:00,63.999999999999915,65.24999999999991,62.650000000000006,64.05000000000001,5349,0
2018-03-13 00:00:00,63.5499999999999,65.39999999999992,60.39999999999992,62.5,6962,0
2018-03-14 00:00:00,62.5,64.60000000000008,59.650000000000034,62.250000000000085,8215,0
2018-03-15 00:00:00,62.5500000000001,64.29999999999993,61.70000000000002,63.14999999999998,4798,0
2018-03-16 00:00:00,63.14999999999998,65.0,62.150000000000034,63.29999999999998,4692,0
2018-03-19 00:00:00,63.39999999999989,64.95000000000005,61.799999999999926,63.799999999999955,4572,0
2018-03-20 00:00:00,63.65000000000009,67.35,61.89999999999998,65.49999999999997,8695,0
2018-03-21 00:00:00,65.34999999999997,66.44999999999996,64.30000000000007,65.15,6791,0
2018-03-22 00:00:00,65.60000000000002,68.44999999999999,62.69999999999996,66.29999999999995,9504,0
2018-03-23 00:00:00,68.9500000000001,72.74999999999991,65.54999999999993,69.20000000000002,12512,0
2018-03-26 00:00:00,68.79999999999995,69.65000000000003,66.89999999999998,68.25000000000003,6860,0
2018-03-27 00:00:00,67.65,69.20000000000002,66.25,68.20000000000007,6557,0
2018-03-28 00:00:00,68.70000000000005,70.79999999999998,66.3000000000001,67.75000000000006,7033,0
2018-03-29 00:00:00,67.95000000000002,68.94999999999996,65.19999999999996,67.20000000000013,6734,0
2018-03-30 00:00:00,67.5500000000001,69.95000000000005,65.09999999999991,67.00000000000003,6944,0
2018-04-02 00:00:00,65.64999999999998,69.39999999999998,64.60000000000008,67.40000000000009,6175,0
2018-04-03 00:00:00,67.19999999999999,70.50000000000011,63.14999999999998,66.4,8283,0
2018-04-04 00:00:00,66.50000000000006,68.44999999999999,65.69999999999993,67.04999999999998,5832,0
2018-04-09 00:00:00,66.89999999999998,70.50000000000011,65.84999999999994,68.40000000000003,6661,0
2018-04-10 00:00:00,68.05000000000007,70.09999999999991,64.69999999999999,67.24999999999994,6652,0
2018-04-11 00:00:00,66.4,70.75000000000003,63.600000000000136,68.04999999999993,8685,0
2018-04-12 00:00:00,67.79999999999987,70.60000000000002,65.0500000000001,68.65000000000009,7155,0
2018-04-13 00:00:00,67.75000000000006,70.29999999999987,65.69999999999993,68.14999999999998,8319,0
2018-04-16 00:00:00,67.75000000000006,73.29999999999998,64.69999999999999,70.0500000000001,11605,0
2018-04-17 00:00:00,70.35000000000011,71.4500000000001,67.00000000000003,69.00000000000006,11339,0
2018-04-18 00:00:00,69.7999999999999,78.9500000000001,67.04999999999998,73.04999999999993,20303,0
2018-04-19 00:00:00,72.15000000000003,73.85000000000005,68.19999999999993,71.80000000000007,10705,0
2018-04-20 00:00:00,71.1,73.6,69.14999999999992,71.25,6958,0
2018-04-23 00:00:00,71.55000000000001,72.54999999999995,67.84999999999997,70.15,7436,0
2018-04-24 00:00:00,70.0,72.00000000000003,68.19999999999993,70.0,7015,0
2018-04-25 00:00:00,69.80000000000004,71.20000000000005,65.69999999999993,67.35,8952,0
2018-04-26 00:00:00,66.70000000000002,69.60000000000008,64.90000000000009,67.65,9203,0
2018-04-27 00:00:00,67.39999999999995,70.90000000000003,65.30000000000001,68.10000000000002,10951,0
2018-05-02 00:00:00,69.20000000000002,71.14999999999995,65.64999999999998,68.25000000000003,8628,0
2018-05-03 00:00:00,68.55000000000004,71.00000000000009,66.00000000000009,67.60000000000005,8097,0
2018-05-04 00:00:00,68.25000000000003,69.7999999999999,65.94999999999999,67.95000000000002,7274,0
2018-05-07 00:00:00,68.15000000000012,69.69999999999999,63.799999999999955,65.30000000000001,8778,0
2018-05-08 00:00:00,64.49999999999989,67.89999999999992,59.15000000000006,62.650000000000006,15024,0
2018-05-09 00:00:00,62.14999999999989,64.60000000000008,61.05000000000004,62.150000000000034,9631,0
2018-05-10 00:00:00,62.39999999999995,65.15,60.150000000000006,62.95000000000002,7236,0
2018-05-11 00:00:00,63.49999999999994,65.39999999999992,61.14999999999995,63.249999999999886,8008,0
2018-05-14 00:00:00,63.49999999999994,64.95000000000005,61.44999999999996,63.35000000000008,6207,0
2018-05-15 00:00:00,62.749999999999915,66.05000000000004,59.9499999999999,63.599999999999994,8226,0
2018-05-16 00:00:00,62.85000000000011,66.3000000000001,60.49999999999997,64.30000000000007,7041,0
2018-05-17 00:00:00,64.65000000000003,68.20000000000007,60.94999999999999,64.65000000000003,6655,0
2018-05-18 00:00:00,64.95000000000005,69.49999999999989,63.64999999999995,67.84999999999997,4132,0
2018-05-21 00:00:00,66.55000000000001,70.60000000000002,64.95000000000005,68.55000000000004,7655,0
2018-05-22 00:00:00,68.9500000000001,72.35000000000014,66.89999999999998,70.45000000000002,6628,0
2018-05-23 00:00:00,70.34999999999997,71.35000000000005,68.35000000000008,69.85,6199,0
2018-05-24 00:00:00,70.39999999999992,72.30000000000004,68.25000000000003,69.60000000000008,4944,0
2018-05-25 00:00:00,69.89999999999995,75.64999999999998,65.84999999999994,72.04999999999998,6900,0
2018-05-28 00:00:00,72.00000000000003,73.55000000000004,69.60000000000008,71.25,4841,0
2018-05-29 00:00:00,71.55000000000001,75.25000000000006,69.00000000000006,72.40000000000009,6136,0
2018-05-30 00:00:00,74.35000000000002,75.39999999999992,70.69999999999993,73.00000000000011,6123,0
2018-05-31 00:00:00,72.5500000000001,74.75000000000009,68.70000000000005,70.64999999999998,5973,0
2018-06-01 00:00:00,70.69999999999993,73.14999999999998,69.74999999999994,71.14999999999995,5173,0
2018-06-04 00:00:00,70.49999999999997,72.90000000000006,67.74999999999991,70.60000000000002,6948,0
2018-06-05 00:00:00,70.45000000000002,72.35,68.44999999999999,70.19999999999996,4754,0
2018-06-06 00:00:00,70.15,72.75000000000006,68.44999999999999,70.69999999999993,6111,0
2018-06-07 00:00:00,70.0,71.70000000000002,68.49999999999994,70.44999999999987,5259,0
2018-06-08 00:00:00,70.45000000000002,73.39999999999989,69.15000000000006,71.64999999999992,7430,0
2018-06-11 00:00:00,71.4500000000001,72.90000000000006,69.85,71.55000000000001,4009,0
2018-06-12 00:00:00,71.65000000000006,73.05000000000007,68.20000000000007,69.69999999999999,5498,0
2018-06-13 00:00:00,70.25000000000006,72.60000000000005,68.35000000000008,70.89999999999989,6544,0
2018-06-14 00:00:00,70.75000000000003,75.15,68.14999999999998,72.35000000000014,6777,0
2018-06-15 00:00:00,73.55000000000004,74.85,71.74999999999997,73.10000000000002,4304,0
2018-06-19 00:00:00,73.50000000000009,77.99999999999997,70.15,74.50000000000003,6528,0
2018-06-20 00:00:00,74.50000000000003,77.30000000000004,69.69999999999999,72.60000000000005,5844,0
2018-06-21 00:00:00,73.44999999999999,77.00000000000003,70.04999999999995,73.94999999999996,4766,0
2018-06-22 00:00:00,74.40000000000012,77.5500000000001,70.55000000000007,74.35000000000002,7780,0
2018-06-25 00:00:00,74.20000000000002,76.15000000000009,70.65000000000012,72.39999999999995,6629,0
2018-06-26 00:00:00,72.75000000000006,74.54999999999998,70.74999999999989,72.69999999999996,4208,0
2018-06-27 00:00:00,71.89999999999998,76.50000000000006,69.90000000000009,73.75,6095,0
2018-06-28 00:00:00,74.05000000000001,76.39999999999986,72.65,74.39999999999998,5118,0
2018-06-29 00:00:00,75.45000000000002,78.40000000000003,73.04999999999993,74.85,6607,0
2018-07-02 00:00:00,75.69999999999993,78.34999999999994,72.69999999999996,75.34999999999997,4798,0
2018-07-03 00:00:00,75.90000000000003,78.55000000000004,71.85000000000002,74.85,6114,0
2018-07-04 00:00:00,74.50000000000003,76.4,72.90000000000006,74.54999999999998,6264,0
2018-07-05 00:00:00,75.04999999999995,77.10000000000008,73.35000000000008,74.74999999999994,5902,0
2018-07-06 00:00:00,74.80000000000004,77.80000000000001,70.79999999999998,74.15000000000006,7387,0
2018-07-09 00:00:00,74.24999999999997,75.64999999999998,72.04999999999998,73.65000000000009,4420,0
2018-07-10 00:00:00,73.70000000000005,76.05000000000004,71.95000000000007,74.15000000000006,5238,0
2018-07-11 00:00:00,74.95000000000005,77.35,72.45000000000005,75.10000000000005,6287,0
2018-07-12 00:00:00,74.80000000000004,76.25,72.89999999999992,75.0,3670,0
2018-07-13 00:00:00,74.69999999999999,78.19999999999993,72.4499999999999,75.30000000000001,4755,0
2018-07-16 00:00:00,76.74999999999997,78.25000000000003,74.09999999999997,76.0499999999999,5272,0
2018-07-17 00:00:00,75.19999999999996,77.45000000000005,74.44999999999993,75.79999999999998,4422,0
2018-07-18 00:00:00,76.25,77.85000000000011,74.20000000000002,75.89999999999989,4437,0
2018-07-19 00:00:00,75.19999999999996,80.75000000000003,70.55000000000007,76.85000000000002,7715,0
2018-07-20 00:00:00,77.35,84.49999999999989,66.05000000000004,74.20000000000002,11442,0
2018-07-23 00:00:00,75.60000000000002,77.09999999999994,72.04999999999998,73.9,7685,0
2018-07-24 00:00:00,71.50000000000006,73.8000000000001,70.45000000000002,71.95000000000007,6669,0
2018-07-25 00:00:00,71.44999999999996,74.00000000000006,70.30000000000001,72.5500000000001,4420,0
2018-07-26 00:00:00,72.15000000000003,75.64999999999998,69.30000000000007,72.60000000000005,6716,0
2018-07-27 00:00:00,72.95000000000002,73.55000000000004,70.49999999999997,71.85000000000002,4734,0
2018-07-30 00:00:00,71.94999999999993,73.40000000000003,70.0,71.29999999999995,5538,0
2018-07-31 00:00:00,72.20000000000013,76.20000000000005,70.94999999999999,73.9,7865,0
2018-08-01 00:00:00,73.55000000000004,77.15000000000003,70.75000000000003,74.69999999999999,8785,0
2018-08-02 00:00:00,74.59999999999994,77.5,71.14999999999995,74.24999999999997,8329,0
2018-08-03 00:00:00,73.9500000000001,77.69999999999996,71.50000000000006,75.0,7127,0
2018-08-06 00:00:00,75.30000000000001,76.89999999999998,73.05000000000007,75.15,6150,0
2018-08-07 00:00:00,74.69999999999999,77.35,71.94999999999993,73.79999999999995,7402,0
2018-08-08 00:00:00,73.35000000000008,77.7000000000001,70.75000000000003,73.9,6305,0
2018-08-09 00:00:00,73.9,76.50000000000006,69.39999999999998,72.39999999999995,7273,0
2018-08-10 00:00:00,72.7000000000001,75.84999999999994,69.85,74.00000000000006,7544,0
2018-08-13 00:00:00,73.75,78.05000000000007,68.44999999999999,73.04999999999993,6939,0
2018-08-14 00:00:00,72.74999999999991,76.50000000000006,70.30000000000001,73.65000000000009,6497,0
2018-08-15 00:00:00,73.8000000000001,76.74999999999997,69.55000000000013,72.39999999999995,5109,0
2018-08-16 00:00:00,69.49999999999989,78.29999999999998,64.24999999999997,70.24999999999991,6265,0
2018-08-17 00:00:00,69.35000000000002,74.00000000000006,63.65000000000009,68.64999999999995,10225,0
2018-08-20 00:00:00,68.34999999999994,72.10000000000008,65.39999999999992,70.10000000000005,6431,0
2018-08-21 00:00:00,69.9499999999999,73.29999999999998,66.80000000000007,70.45000000000002,8242,0
2018-08-22 00:00:00,71.00000000000009,73.70000000000005,69.24999999999997,71.29999999999995,7437,0
2018-08-23 00:00:00,71.44999999999996,73.64999999999995,68.9,70.79999999999998,5767,0
2018-08-24 00:00:00,71.14999999999995,73.84999999999991,66.85000000000002,69.9499999999999,7444,0
2018-08-27 00:00:00,69.64999999999989,72.25000000000009,67.35,70.10000000000005,5700,0
2018-08-28 00:00:00,69.85,73.70000000000005,66.55000000000001,70.30000000000001,7880,0
2018-08-29 00:00:00,69.95000000000005,71.89999999999998,68.75,70.45000000000002,4364,0
2018-08-30 00:00:00,70.74999999999989,73.34999999999994,68.44999999999999,71.35000000000005,5315,0
2018-08-31 00:00:00,71.1,72.90000000000006,69.35000000000002,71.15000000000009,5050,0
2018-09-03 00:00:00,70.74999999999989,73.14999999999998,68.49999999999994,70.75000000000003,4382,0
2018-09-04 00:00:00,70.85000000000008,72.89999999999992,68.29999999999998,70.64999999999998,4911,0
2018-09-05 00:00:00,70.64999999999998,72.35,68.75,70.15,4809,0
2018-09-06 00:00:00,70.15,72.10000000000008,68.6,70.45000000000002,3976,0
2018-09-07 00:00:00,70.30000000000001,72.40000000000009,67.84999999999997,70.34999999999997,4755,0
2018-09-10 00:00:00,70.60000000000002,72.74999999999991,67.24999999999994,69.69999999999999,5486,0
2018-09-11 00:00:00,69.15000000000006,72.39999999999995,64.25000000000011,68.19999999999993,8867,0
2018-09-12 00:00:00,68.40000000000003,70.79999999999998,66.85000000000002,69.09999999999997,8531,0
2018-09-13 00:00:00,69.20000000000002,71.44999999999996,66.20000000000005,68.8000000000001,5832,0
2018-09-14 00:00:00,68.6,71.14999999999995,67.00000000000003,69.15000000000006,5816,0
2018-09-17 00:00:00,68.44999999999999,70.30000000000001,67.69999999999996,68.84999999999991,4294,0
2018-09-18 00:00:00,68.9,70.94999999999999,65.90000000000003,68.20000000000007,4883,0
2018-09-19 00:00:00,67.90000000000006,70.0500000000001,66.25,68.14999999999998,5731,0
2018-09-20 00:00:00,67.54999999999995,69.60000000000008,64.95000000000005,67.04999999999998,4667,0
2018-09-21 00:00:00,67.20000000000013,70.19999999999996,64.50000000000003,67.75000000000006,5687,0
2018-09-25 00:00:00,67.5,69.05000000000001,66.70000000000002,67.84999999999997,1987,0
2018-09-26 00:00:00,68.05000000000007,70.99999999999994,65.15,68.5499999999999,4271,0
2018-09-27 00:00:00,68.94999999999996,71.70000000000002,66.74999999999997,69.89999999999995,4703,0
2018-09-28 00:00:00,69.20000000000002,71.74999999999997,68.35000000000008,70.24999999999991,3346,0
2018-10-08 00:00:00,70.54999999999993,72.19999999999999,67.19999999999999,69.39999999999998,4651,0
2018-10-09 00:00:00,69.30000000000007,71.70000000000002,66.94999999999993,69.59999999999994,7702,0
2018-10-10 00:00:00,69.24999999999997,71.05000000000004,68.20000000000007,69.55000000000013,4891,0
2018-10-11 00:00:00,69.39999999999998,73.14999999999998,67.30000000000004,71.05000000000004,7494,0
2018-10-12 00:00:00,70.64999999999998,72.24999999999994,68.9500000000001,70.70000000000007,4318,0
2018-10-15 00:00:00,70.69999999999993,72.24999999999994,68.6,69.95000000000005,3895,0
2018-10-16 00:00:00,70.04999999999995,73.70000000000005,68.10000000000002,71.65000000000006,7471,0
2018-10-17 00:00:00,71.44999999999996,73.44999999999999,69.39999999999998,71.55000000000001,6416,0
2018-10-18 00:00:00,71.70000000000002,74.50000000000003,70.60000000000002,73.64999999999995,6579,0
2018-10-19 00:00:00,73.99999999999991,75.54999999999993,69.80000000000004,72.39999999999995,5986,0
2018-10-22 00:00:00,72.20000000000013,72.80000000000001,70.04999999999995,71.75000000000011,4400,0
2018-10-23 00:00:00,71.3000000000001,74.44999999999993,69.24999999999997,72.45000000000005,5678,0
2018-10-24 00:00:00,71.95000000000007,74.69999999999999,70.55000000000007,73.14999999999998,3639,0
2018-10-25 00:00:00,73.75,75.59999999999988,71.85000000000002,73.44999999999999,4081,0
2018-10-26 00:00:00,72.90000000000006,75.0500000000001,72.04999999999998,73.6,3038,0
2018-10-29 00:00:00,73.65000000000009,76.79999999999993,71.35000000000005,74.05000000000001,6391,0
2018-10-30 00:00:00,74.44999999999993,76.1,71.85000000000002,74.00000000000006,5532,0
2018-10-31 00:00:00,73.9,76.80000000000007,71.35000000000005,74.45000000000007,5028,0
2018-11-01 00:00:00,74.64999999999989,77.39999999999995,72.24999999999994,75.60000000000002,5235,0
2018-11-02 00:00:00,74.19999999999987,76.80000000000007,71.35000000000005,73.70000000000005,6875,0
2018-11-05 00:00:00,73.44999999999999,75.64999999999998,72.00000000000003,73.85000000000005,4457,0
2018-11-06 00:00:00,73.64999999999995,77.2999999999999,71.50000000000006,74.35000000000002,5909,0
2018-11-07 00:00:00,74.80000000000004,77.15000000000003,72.5,75.19999999999996,5927,0
2018-11-08 00:00:00,74.69999999999999,77.45000000000005,72.65,75.25000000000006,5138,0
2018-11-09 00:00:00,74.95000000000005,77.00000000000003,73.44999999999999,74.89999999999995,4695,0
2018-11-12 00:00:00,75.40000000000006,76.20000000000005,73.10000000000002,75.10000000000005,4839,0
2018-11-13 00:00:00,74.89999999999995,77.24999999999994,73.50000000000009,75.75000000000003,5091,0
2018-11-14 00:00:00,76.94999999999993,78.9,75.45000000000002,78.20000000000007,6140,0
2018-11-15 00:00:00,77.90000000000006,79.59999999999994,76.35000000000005,78.29999999999998,4965,0
2018-11-16 00:00:00,78.10000000000002,83.40000000000003,75.34999999999997,80.69999999999993,4541,0
2018-11-19 00:00:00,81.64999999999992,83.9,76.64999999999992,79.50000000000003,5192,0
2018-11-20 00:00:00,78.99999999999991,81.65000000000006,77.25000000000009,78.64999999999995,2582,0
2018-11-21 00:00:00,79.20000000000002,82.24999999999994,76.4500000000001,80.04999999999995,6476,0
2018-11-22 00:00:00,78.9,82.15000000000003,76.4,79.09999999999997,3599,0
2018-11-23 00:00:00,79.85,81.1,76.69999999999987,79.24999999999997,4943,0
2018-11-26 00:00:00,79.09999999999997,82.24999999999994,74.89999999999995,78.14999999999998,6102,0
2018-11-27 00:00:00,77.60000000000005,81.05000000000004,75.59999999999988,78.6999999999999,4492,0
2018-11-28 00:00:00,78.10000000000002,80.35000000000011,77.2999999999999,79.05000000000001,2858,0
2018-11-29 00:00:00,79.90000000000009,81.20000000000005,77.99999999999997,79.69999999999999,5103,0
2018-11-30 00:00:00,79.9499999999999,81.74999999999997,76.79999999999993,78.9500000000001,4583,0
2018-12-03 00:00:00,78.09999999999988,82.35,75.64999999999998,79.54999999999998,6769,0
2018-12-04 00:00:00,80.59999999999988,82.99999999999997,78.25000000000003,80.90000000000003,7404,0
2018-12-05 00:00:00,81.95000000000007,84.75000000000009,78.10000000000002,80.90000000000003,5640,0
2018-12-06 00:00:00,82.15000000000003,83.14999999999998,79.10000000000011,81.35000000000005,7271,0
2018-12-07 00:00:00,80.0500000000001,83.09999999999988,78.20000000000007,80.94999999999999,5053,0
2018-12-10 00:00:00,81.50000000000006,83.04999999999993,80.0500000000001,81.29999999999995,4625,0
2018-12-11 00:00:00,81.0499999999999,83.10000000000002,80.15,81.15000000000009,4179,0
2018-12-12 00:00:00,81.44999999999996,83.5499999999999,79.09999999999997,81.05000000000004,4671,0
2018-12-13 00:00:00,80.34999999999997,83.5499999999999,75.25000000000006,77.95000000000002,7580,0
2018-12-14 00:00:00,78.05000000000007,80.75000000000003,75.75000000000003,77.40000000000009,6364,0
2018-12-17 00:00:00,77.30000000000004,81.64999999999992,74.00000000000006,76.90000000000012,5814,0
2018-12-18 00:00:00,76.85000000000002,79.69999999999999,75.34999999999997,77.80000000000001,7303,0
2018-12-19 00:00:00,78.29999999999998,80.99999999999994,75.70000000000007,78.65000000000009,7340,0
2018-12-20 00:00:00,80.2000000000001,82.75000000000006,77.09999999999994,80.24999999999991,6931,0
2018-12-21 00:00:00,79.89999999999995,82.45000000000005,77.75000000000006,79.75000000000009,5030,0
2018-12-24 00:00:00,78.25000000000003,81.55000000000001,76.95000000000007,79.09999999999997,3738,0
2018-12-25 00:00:00,79.69999999999999,81.89999999999998,78.6,80.15,4682,0
2018-12-26 00:00:00,79.89999999999995,83.65000000000009,77.5,81.35000000000005,5946,0
2018-12-27 00:00:00,79.69999999999999,83.5499999999999,78.20000000000007,81.65000000000006,5454,0
2018-12-28 00:00:00,81.70000000000002,86.15000000000009,79.09999999999997,83.34999999999994,5488,0
2019-01-02 00:00:00,84.09999999999997,87.5,81.35000000000005,85.0500000000001,3383,0
2019-01-03 00:00:00,85.60000000000002,87.24999999999994,83.05000000000007,85.49999999999997,3590,0
2019-01-04 00:00:00,86.1,89.35000000000002,80.69999999999993,84.24999999999997,5626,0
2019-01-07 00:00:00,83.24999999999989,86.20000000000005,81.44999999999996,83.75,3987,0
2019-01-08 00:00:00,83.85000000000005,89.09999999999997,80.79999999999998,85.99999999999994,6439,0
2019-01-09 00:00:00,84.9499999999999,87.04999999999998,82.65,84.85,5527,0
2019-01-10 00:00:00,85.45000000000002,88.35000000000008,80.45000000000002,84.00000000000006,5392,0
2019-01-11 00:00:00,85.04999999999995,87.09999999999994,81.85000000000002,83.75,4562,0
2019-01-14 00:00:00,83.94999999999996,86.75000000000011,79.95000000000005,82.95000000000002,5222,0
2019-01-15 00:00:00,82.7000000000001,84.59999999999994,79.85,82.54999999999995,4492,0
2019-01-16 00:00:00,82.60000000000005,87.24999999999994,79.95000000000005,84.30000000000007,5250,0
2019-01-17 00:00:00,83.44999999999999,86.0499999999999,82.24999999999994,83.99999999999991,5394,0
2019-01-18 00:00:00,82.2999999999999,86.14999999999995,80.64999999999998,82.84999999999997,5448,0
2019-01-21 00:00:00,82.80000000000001,84.14999999999992,80.49999999999997,82.39999999999995,5569,0
2019-01-22 00:00:00,81.85000000000002,84.54999999999998,79.65000000000003,82.5,4520,0
2019-01-23 00:00:00,83.14999999999998,95.49999999999997,78.70000000000005,81.44999999999996,7546,0
2019-01-24 00:00:00,81.70000000000002,83.6,79.95000000000005,81.59999999999997,4182,0
2019-01-25 00:00:00,80.65000000000012,82.15000000000003,79.35000000000002,80.70000000000007,3764,0
2019-01-28 00:00:00,80.39999999999992,83.20000000000007,76.89999999999998,80.30000000000001,5397,0
2019-01-29 00:00:00,80.79999999999998,83.19999999999993,79.24999999999997,81.55000000000001,5965,0
2019-01-30 00:00:00,82.30000000000004,83.29999999999998,80.15,82.05000000000013,5541,0
2019-01-31 00:00:00,81.85000000000002,84.05000000000001,80.09999999999991,81.65000000000006,4281,0
2019-02-01 00:00:00,81.4500000000001,83.35000000000008,79.75000000000009,81.25,2751,0
2019-02-11 00:00:00,82.15000000000003,86.35000000000005,78.50000000000009,82.69999999999996,6029,0
2019-02-12 00:00:00,82.5,84.54999999999998,80.70000000000007,81.94999999999993,4881,0
2019-02-13 00:00:00,81.70000000000002,83.25000000000003,80.54999999999993,81.55000000000001,3426,0
2019-02-14 00:00:00,81.4500000000001,84.40000000000012,77.99999999999997,80.64999999999998,5452,0
2019-02-15 00:00:00,81.1,84.34999999999988,77.95000000000002,80.99999999999994,4074,0
2019-02-18 00:00:00,80.30000000000001,82.7000000000001,79.15000000000006,80.64999999999998,4248,0
2019-02-19 00:00:00,81.1,85.44999999999987,78.29999999999998,82.04999999999998,5092,0
2019-02-20 00:00:00,78.19999999999993,83.84999999999991,77.35,82.25000000000009,3858,0
2019-02-21 00:00:00,78.39999999999989,79.69999999999999,74.35000000000002,78.35000000000008,3334,0
2019-02-22 00:00:00,80.29999999999987,81.50000000000006,77.35,79.80000000000004,4329,0
2019-02-25 00:00:00,79.90000000000009,82.95000000000002,75.0,79.09999999999997,6073,0
2019-02-26 00:00:00,79.30000000000007,82.74999999999991,74.35000000000002,78.35000000000008,6856,0
2019-02-27 00:00:00,79.20000000000002,80.94999999999999,76.70000000000002,79.30000000000007,6261,0
2019-02-28 00:00:00,79.75000000000009,82.00000000000003,75.89999999999989,78.24999999999989,5028,0
2019-03-01 00:00:00,78.49999999999994,79.9499999999999,75.89999999999989,77.4499999999999,4767,0
2019-03-04 00:00:00,77.85000000000011,82.35,74.29999999999993,79.05000000000001,6408,0
2019-03-05 00:00:00,79.35000000000002,80.99999999999994,77.65,79.45000000000007,4456,0
2019-03-06 00:00:00,79.60000000000008,81.95000000000007,78.29999999999998,80.49999999999997,4717,0
2019-03-07 00:00:00,80.64999999999998,84.85,78.44999999999999,82.60000000000005,5964,0
2019-03-08 00:00:00,82.99999999999997,84.74999999999994,80.64999999999998,81.74999999999997,6442,0
2019-03-11 00:00:00,82.39999999999995,84.59999999999994,80.0,81.70000000000002,4803,0
2019-03-12 00:00:00,81.59999999999997,83.9,79.85,81.89999999999998,3740,0
2019-03-13 00:00:00,82.35,83.79999999999995,81.14999999999995,82.90000000000006,3114,0
2019-03-14 00:00:00,82.60000000000005,84.20000000000002,80.0,81.74999999999997,4199,0
2019-03-15 00:00:00,81.50000000000006,85.64999999999998,77.84999999999997,82.24999999999994,7312,0
2019-03-18 00:00:00,81.85000000000002,83.35000000000008,80.15,81.64999999999992,4212,0
2019-03-19 00:00:00,81.74999999999997,84.24999999999997,79.35000000000002,81.20000000000005,4359,0
2019-03-20 00:00:00,81.74999999999997,83.05000000000007,80.09999999999991,81.50000000000006,3995,0
2019-03-21 00:00:00,82.15000000000003,83.70000000000005,80.70000000000007,82.04999999999998,4597,0
2019-03-22 00:00:00,81.89999999999998,84.35000000000002,80.75000000000003,82.90000000000006,2689,0
2019-03-25 00:00:00,84.00000000000006,85.55000000000007,82.69999999999996,84.00000000000006,4264,0
2019-03-26 00:00:00,83.6,85.89999999999989,82.5,83.94999999999996,4060,0
2019-03-27 00:00:00,83.9,85.2000000000001,82.10000000000008,83.04999999999993,3149,0
2019-03-28 00:00:00,83.34999999999994,85.15,82.4499999999999,83.65000000000009,3657,0
2019-03-29 00:00:00,83.14999999999998,84.54999999999998,81.64999999999992,82.95000000000002,3763,0
2019-04-01 00:00:00,81.35000000000005,84.20000000000002,78.55000000000004,81.25,6353,0
2019-04-02 00:00:00,80.54999999999993,82.45000000000005,78.75,80.19999999999996,6292,0
2019-04-03 00:00:00,80.64999999999998,85.19999999999996,73.10000000000002,77.95000000000002,7055,0
2019-04-04 00:00:00,78.34999999999994,80.75000000000003,75.0,77.35,10022,0
2019-04-08 00:00:00,79.29999999999993,83.44999999999999,74.65000000000003,79.00000000000006,7222,0
2019-04-09 00:00:00,78.75,80.90000000000003,77.00000000000003,77.80000000000001,7704,0
2019-04-10 00:00:00,77.59999999999991,82.04999999999998,75.30000000000001,78.99999999999991,13390,0
2019-04-11 00:00:00,79.00000000000006,81.84999999999988,76.79999999999993,79.29999999999993,5891,0
2019-04-12 00:00:00,79.00000000000006,80.55000000000007,76.74999999999997,77.89999999999992,5729,0
2019-04-15 00:00:00,75.19999999999996,79.44999999999993,73.19999999999993,77.30000000000004,9246,0
2019-04-16 00:00:00,76.80000000000007,79.25000000000011,74.05000000000001,76.35000000000005,4160,0
2019-04-17 00:00:00,76.29999999999995,81.4,71.1,77.10000000000008,8082,0
2019-04-18 00:00:00,77.15000000000003,78.75,76.14999999999995,77.35,3153,0
2019-04-19 00:00:00,77.45000000000005,78.85000000000005,75.50000000000011,76.65000000000006,5004,0
2019-04-22 00:00:00,75.94999999999999,77.90000000000006,75.19999999999996,76.20000000000005,3873,0
2019-04-23 00:00:00,75.45000000000002,78.44999999999999,74.10000000000011,76.69999999999987,4840,0
2019-04-24 00:00:00,76.69999999999987,79.15000000000006,72.09999999999994,74.59999999999994,6256,0
2019-04-25 00:00:00,75.10000000000005,78.75,72.35,75.39999999999992,6097,82962
2019-04-26 00:00:00,75.60000000000002,78.40000000000003,74.15000000000006,76.55000000000001,3772,81964
2019-04-29 00:00:00,76.60000000000011,78.75,74.05000000000001,76.15000000000009,4046,80981
2019-04-30 00:00:00,76.29999999999995,80.0,74.35000000000002,77.90000000000006,4379,79305
2019-05-06 00:00:00,79.69999999999999,81.00000000000009,76.3000000000001,78.50000000000009,6870,72670
2019-05-07 00:00:00,77.89999999999992,79.25000000000011,76.54999999999987,77.84999999999997,3828,69047
2019-05-08 00:00:00,77.90000000000006,79.74999999999994,76.74999999999997,78.70000000000005,5736,63857
2019-05-09 00:00:00,78.79999999999995,80.15,77.99999999999997,79.15000000000006,5376,58443
2019-05-10 00:00:00,78.6,81.89999999999998,76.20000000000005,80.15,6679,55918
2019-05-13 00:00:00,80.94999999999999,82.80000000000001,78.99999999999991,81.4500000000001,0,53192
2019-05-14 00:00:00,80.75000000000003,81.25,78.79999999999995,79.50000000000003,0,35459
2019-05-15 00:00:00,79.05000000000001,80.34999999999997,77.59999999999991,80.24999999999991,0,33753
2019-05-16 00:00:00,84.39999999999998,88.10000000000002,83.49999999999994,86.50000000000006,103,30978
2019-05-17 00:00:00,81.1,82.95000000000002,79.39999999999998,81.49999999999991,4876,38798
2019-05-20 00:00:00,81.29999999999995,83.35000000000008,79.75000000000009,81.29999999999995,3807,34567
2019-05-21 00:00:00,76.49999999999991,82.09999999999994,74.50000000000003,79.85,4691,29204
2019-05-22 00:00:00,75.0500000000001,75.45000000000002,72.95000000000002,74.20000000000002,3295,45014
2019-05-23 00:00:00,77.7000000000001,79.85,76.55000000000001,78.35000000000008,3695,53507
2019-05-24 00:00:00,78.70000000000005,79.50000000000003,77.30000000000004,78.14999999999998,3112,54835
2019-05-27 00:00:00,77.19999999999999,81.05000000000004,71.65000000000006,76.70000000000002,8296,57607
2019-05-28 00:00:00,78.14999999999998,80.45000000000002,74.64999999999989,77.90000000000006,5715,59594
2019-05-29 00:00:00,78.40000000000003,80.99999999999994,76.50000000000006,78.9500000000001,5094,62628
2019-05-30 00:00:00,78.29999999999998,80.99999999999994,77.04999999999998,78.85000000000005,3735,63999
2019-05-31 00:00:00,79.14999999999992,81.1999999999999,76.14999999999995,78.9,5029,64975
2019-06-03 00:00:00,79.25000000000011,81.85000000000002,78.05000000000007,80.40000000000006,5824,68248
2019-06-04 00:00:00,80.40000000000006,82.5,78.75,80.90000000000003,4803,70086
2019-06-05 00:00:00,80.55000000000007,83.34999999999994,79.09999999999997,81.79999999999993,5097,73010
2019-06-06 00:00:00,81.14999999999995,83.49999999999994,80.19999999999996,81.79999999999993,5459,72129
2019-06-10 00:00:00,82.30000000000004,82.75000000000006,80.09999999999991,81.49999999999991,4960,72226
2019-06-11 00:00:00,81.74999999999997,83.04999999999993,78.24999999999989,80.10000000000005,6318,69116
2019-06-12 00:00:00,80.94999999999999,82.45000000000005,79.45000000000007,80.04999999999995,6987,71463
2019-06-13 00:00:00,80.69999999999993,82.69999999999996,79.05000000000001,80.85000000000008,4631,73816
2019-06-14 00:00:00,81.4,83.50000000000009,79.54999999999998,81.85000000000002,3146,74780
2019-06-17 00:00:00,81.65000000000006,83.55000000000004,81.20000000000005,82.5,3565,75956
2019-06-18 00:00:00,81.74999999999997,83.44999999999999,79.74999999999994,81.34999999999991,4916,76441
2019-06-19 00:00:00,80.10000000000005,82.09999999999994,79.54999999999998,80.40000000000006,3766,77133
2019-06-20 00:00:00,81.05000000000004,83.05000000000007,78.75,80.40000000000006,5482,79223
2019-06-21 00:00:00,79.89999999999995,82.95000000000002,78.5499999999999,80.84999999999994,6726,79258
2019-06-24 00:00:00,80.90000000000003,82.15000000000003,78.40000000000003,80.10000000000005,4365,79692
2019-06-25 00:00:00,79.75000000000009,82.35,78.85000000000005,80.69999999999993,5476,80261
2019-06-26 00:00:00,80.94999999999999,81.79999999999993,78.85000000000005,80.0,4303,79626
2019-06-27 00:00:00,79.85,81.74999999999997,78.55000000000004,79.69999999999999,4517,79855
2019-06-28 00:00:00,80.39999999999992,83.99999999999991,77.65,81.4500000000001,7874,82368
2019-07-01 00:00:00,80.19999999999996,83.64999999999995,78.49999999999994,81.70000000000002,5032,85612
2019-07-02 00:00:00,81.25,87.09999999999994,78.20000000000007,83.75,8072,92448
2019-07-03 00:00:00,84.20000000000002,86.05000000000004,82.80000000000001,85.0,5357,95335
2019-07-04 00:00:00,84.65000000000003,86.00000000000009,82.84999999999997,84.45000000000007,5026,94773
2019-07-05 00:00:00,84.54999999999998,85.89999999999989,82.65,84.10000000000011,4792,94525
2019-07-08 00:00:00,83.8000000000001,86.59999999999997,82.09999999999994,84.05000000000001,5452,93143
2019-07-09 00:00:00,84.05000000000001,86.25,82.59999999999991,85.04999999999995,5584,96861
2019-07-10 00:00:00,85.0,86.64999999999992,82.84999999999997,84.24999999999997,7970,96730
2019-07-11 00:00:00,84.69999999999999,87.80000000000001,82.69999999999996,84.54999999999998,10538,100293
2019-07-12 00:00:00,84.34999999999988,86.70000000000002,82.84999999999997,85.55000000000007,5608,101073
2019-07-15 00:00:00,85.34999999999997,88.8000000000001,81.20000000000005,83.75,9862,97479
2019-07-16 00:00:00,83.8000000000001,85.64999999999998,82.89999999999992,84.05000000000001,4909,96409
2019-07-17 00:00:00,84.09999999999997,85.10000000000005,82.99999999999997,84.09999999999997,5324,94691
2019-07-18 00:00:00,84.30000000000007,86.1,83.29999999999998,84.85,6057,97115
2019-07-19 00:00:00,85.39999999999992,86.4,82.90000000000006,84.80000000000004,4736,96189
2019-07-22 00:00:00,84.50000000000003,86.80000000000007,82.90000000000006,85.40000000000006,4865,99020
2019-07-23 00:00:00,85.99999999999994,90.39999999999992,83.25000000000003,85.54999999999993,7551,97200
2019-07-24 00:00:00,85.2000000000001,86.1999999999999,83.50000000000009,84.44999999999993,5710,93364
2019-07-25 00:00:00,84.64999999999989,85.45000000000002,83.75,84.65000000000003,4087,90737
2019-07-26 00:00:00,84.45000000000007,85.85000000000008,83.64999999999995,84.69999999999999,3989,90686
2019-07-29 00:00:00,84.80000000000004,86.35000000000005,82.40000000000009,84.20000000000002,8248,86478
2019-07-30 00:00:00,84.19999999999987,85.75000000000003,82.45000000000005,84.40000000000012,6768,82478
2019-07-31 00:00:00,84.69999999999999,86.44999999999996,83.49999999999994,85.40000000000006,6067,82723
2019-08-01 00:00:00,84.85,86.89999999999998,83.85000000000005,85.89999999999989,4888,83540
2019-08-02 00:00:00,87.65,88.8000000000001,85.65000000000012,87.19999999999999,6686,83053
2019-08-05 00:00:00,87.2999999999999,91.20000000000005,84.39999999999998,88.6,7696,82906
2019-08-06 00:00:00,88.6,91.35000000000005,85.94999999999999,88.94999999999996,8394,78749
2019-08-07 00:00:00,88.55000000000004,90.25000000000006,88.35000000000008,89.65000000000003,6489,74109
2019-08-08 00:00:00,88.85000000000005,90.15,88.35000000000008,89.44999999999993,5900,70888
2019-08-09 00:00:00,89.54999999999998,91.49999999999991,88.75,90.39999999999992,8006,64504
2019-08-12 00:00:00,89.54999999999998,91.1999999999999,88.6,89.50000000000003,6489,59486
2019-08-13 00:00:00,90.0,91.29999999999995,89.05000000000001,90.45000000000002,6032,51301
2019-08-14 00:00:00,90.0500000000001,92.35,88.45000000000013,90.35000000000011,6895,42211
2019-08-15 00:00:00,90.15,93.29999999999998,84.80000000000004,87.19999999999999,4468,64365
2019-08-16 00:00:00,89.65000000000003,90.35000000000011,86.70000000000002,88.39999999999989,7482,82814
2019-08-19 00:00:00,88.55000000000004,90.0500000000001,86.95000000000007,88.75,5865,85951
2019-08-20 00:00:00,88.75,89.85,87.4499999999999,88.49999999999994,5039,88719
2019-08-21 00:00:00,88.49999999999994,89.89999999999995,86.15000000000009,87.60000000000005,4733,91238
2019-08-22 00:00:00,87.85000000000011,89.30000000000007,86.1999999999999,87.80000000000001,4605,92603
2019-08-23 00:00:00,87.65,89.44999999999993,85.94999999999999,88.05000000000007,5264,95048
2019-08-26 00:00:00,88.9500000000001,91.70000000000002,86.29999999999995,88.29999999999998,6174,96538
2019-08-27 00:00:00,87.99999999999997,89.75000000000009,87.09999999999994,88.75,6474,98447
2019-08-28 00:00:00,88.65000000000009,90.19999999999996,87.75000000000006,88.6,4127,98488
2019-08-29 00:00:00,89.20000000000002,95.09999999999991,84.35000000000002,90.60000000000002,12062,104995
2019-08-30 00:00:00,90.0,91.94999999999993,87.54999999999995,89.35000000000002,11201,104009
2019-09-02 00:00:00,89.34999999999988,90.94999999999999,86.89999999999998,88.50000000000009,9653,104208
2019-09-03 00:00:00,89.09999999999997,89.89999999999995,87.5,88.6,5860,104247
2019-09-04 00:00:00,89.09999999999997,91.0499999999999,87.35,89.00000000000006,9707,105305
2019-09-05 00:00:00,89.90000000000009,91.65000000000006,88.75,90.10000000000005,9459,105368
2019-09-06 00:00:00,90.0500000000001,92.05000000000013,88.14999999999998,89.75000000000009,11475,107180
2019-09-09 00:00:00,88.39999999999989,90.55000000000007,87.5,89.44999999999993,8227,106816
2019-09-10 00:00:00,89.39999999999998,90.19999999999996,87.80000000000001,88.75,8422,106382
2019-09-11 00:00:00,88.8000000000001,89.24999999999997,87.15000000000003,87.75000000000006,7638,107360
2019-09-12 00:00:00,87.65,88.9,84.69999999999999,86.44999999999996,11106,104883
2019-09-16 00:00:00,85.70000000000007,89.60000000000008,82.85000000000011,86.89999999999998,9742,104375
2019-09-17 00:00:00,87.99999999999997,90.34999999999997,83.6,86.00000000000009,12083,105810
2019-09-18 00:00:00,86.44999999999996,88.65000000000009,82.99999999999997,85.0500000000001,10056,107066
2019-09-19 00:00:00,85.60000000000002,87.40000000000009,84.20000000000002,85.79999999999998,7157,106949
2019-09-20 00:00:00,86.15000000000009,87.40000000000009,84.09999999999997,86.34999999999991,7417,107251
2019-09-23 00:00:00,86.4,87.40000000000009,84.9499999999999,86.0499999999999,7950,107371
2019-09-24 00:00:00,86.14999999999995,88.40000000000003,83.29999999999998,85.45000000000002,7876,109944
2019-09-25 00:00:00,85.04999999999995,87.09999999999994,84.29999999999993,86.1,5520,110737
2019-09-26 00:00:00,85.59999999999988,87.65,82.84999999999997,84.60000000000008,7495,110758
2019-09-27 00:00:00,84.69999999999999,87.04999999999998,82.35,84.00000000000006,6871,108717
2019-09-30 00:00:00,85.60000000000002,87.65,81.49999999999991,84.50000000000003,5639,106032
2019-10-08 00:00:00,85.45000000000002,87.04999999999998,83.6,85.90000000000003,5761,105901
2019-10-09 00:00:00,86.00000000000009,87.45000000000005,84.30000000000007,85.75000000000003,6946,106832
2019-10-10 00:00:00,86.05000000000004,87.10000000000008,83.9500000000001,85.09999999999991,4488,109675
2019-10-11 00:00:00,84.54999999999998,86.1,82.2999999999999,83.94999999999996,8111,111195
2019-10-14 00:00:00,83.70000000000005,86.55000000000001,81.44999999999996,84.55000000000013,10638,115973
2019-10-15 00:00:00,84.80000000000004,86.05000000000004,82.80000000000001,84.30000000000007,8031,117573
2019-10-16 00:00:00,84.25000000000011,85.90000000000003,82.99999999999997,84.00000000000006,7057,117374
2019-10-17 00:00:00,84.35000000000002,85.99999999999994,83.29999999999998,85.19999999999996,7827,118744
2019-10-18 00:00:00,85.04999999999995,86.4,82.24999999999994,83.75,9270,119872
2019-10-21 00:00:00,83.70000000000005,85.54999999999993,80.10000000000005,82.39999999999995,10395,121248
2019-10-22 00:00:00,82.65,83.64999999999995,81.14999999999995,82.40000000000009,7081,119748
2019-10-23 00:00:00,82.69999999999996,83.9,80.65000000000012,82.99999999999997,9115,120368
2019-10-24 00:00:00,82.99999999999997,83.35000000000008,81.65000000000006,82.5,6837,120918
2019-10-25 00:00:00,82.5,83.75,80.49999999999997,81.65000000000006,9502,122092
2019-10-28 00:00:00,81.49999999999991,82.45000000000005,78.75,80.04999999999995,10701,124052
2019-10-29 00:00:00,79.65000000000003,81.70000000000002,78.79999999999995,80.15,7157,124633
2019-10-30 00:00:00,80.64999999999998,83.49999999999994,75.49999999999997,78.85000000000005,13077,121040
2019-10-31 00:00:00,80.30000000000001,82.35,78.14999999999998,80.90000000000003,9276,115106
2019-11-01 00:00:00,80.90000000000003,82.2999999999999,79.40000000000012,80.60000000000002,7033,111530
2019-11-04 00:00:00,80.10000000000005,81.55000000000001,78.70000000000005,80.35000000000011,7882,109897
2019-11-05 00:00:00,80.10000000000005,85.45000000000002,76.65000000000006,82.35,13192,104360
2019-11-06 00:00:00,82.25000000000009,83.64999999999995,81.44999999999996,82.75000000000006,7431,99168
2019-11-07 00:00:00,82.40000000000009,83.29999999999998,81.1,82.25000000000009,8918,94760
2019-11-08 00:00:00,81.0499999999999,82.90000000000006,80.25000000000006,81.4,7901,91076
2019-11-11 00:00:00,81.74999999999997,84.89999999999995,79.54999999999998,83.04999999999993,9192,84051
2019-11-12 00:00:00,83.29999999999998,84.74999999999994,81.1,82.5,8125,77148
2019-11-13 00:00:00,82.19999999999999,84.00000000000006,81.59999999999997,83.05000000000007,6180,71968
2019-11-14 00:00:00,83.29999999999998,85.0500000000001,81.20000000000005,82.69999999999996,12217,65599
2019-11-15 00:00:00,82.59999999999991,84.50000000000003,81.1,83.10000000000002,9786,59926
2019-11-18 00:00:00,83.64999999999995,87.5,80.70000000000007,85.09999999999991,10353,54934
2019-11-19 00:00:00,85.10000000000005,86.44999999999996,84.44999999999993,85.30000000000001,7969,47770
2019-11-20 00:00:00,81.50000000000006,83.70000000000005,80.0,81.1,5433,77939
2019-11-21 00:00:00,80.49999999999997,82.5,79.85,80.99999999999994,2609,78795
2019-11-22 00:00:00,83.75,85.10000000000005,82.69999999999996,84.09999999999997,7993,86346
2019-11-25 00:00:00,83.70000000000005,85.45000000000002,81.55000000000001,83.10000000000002,9210,89594
2019-11-26 00:00:00,83.10000000000002,85.0,81.70000000000002,83.79999999999995,8016,91483
2019-11-27 00:00:00,83.5499999999999,85.04999999999995,82.74999999999991,83.44999999999999,7108,94060
2019-11-28 00:00:00,83.65000000000009,84.69999999999999,82.99999999999997,83.64999999999995,6126,95188
2019-11-29 00:00:00,80.40000000000006,81.75000000000011,78.5499999999999,79.45000000000007,78,78195
2019-12-02 00:00:00,82.90000000000006,83.79999999999995,80.60000000000002,81.65000000000006,8541,95497
2019-12-03 00:00:00,82.14999999999989,82.95000000000002,80.75000000000003,81.95000000000007,7416,96132
2019-12-04 00:00:00,82.90000000000006,83.70000000000005,81.05000000000004,82.04999999999998,7868,98946
2019-12-05 00:00:00,82.09999999999994,83.14999999999998,80.55000000000007,82.10000000000008,5549,101272
2019-12-06 00:00:00,81.70000000000002,83.79999999999995,79.50000000000003,81.59999999999997,8485,101697
2019-12-09 00:00:00,81.05000000000004,82.14999999999989,79.80000000000004,81.1,8343,101199
2019-12-10 00:00:00,81.44999999999996,82.79999999999987,79.9499999999999,81.89999999999998,10295,103195
2019-12-11 00:00:00,81.55000000000001,83.6999999999999,80.0,82.24999999999994,9212,104913
2019-12-12 00:00:00,82.35,83.34999999999994,81.25,82.35,8381,105292
2019-12-13 00:00:00,82.19999999999999,82.99999999999997,80.55000000000007,81.25,7557,104388
2019-12-16 00:00:00,81.00000000000009,82.45000000000005,80.10000000000005,81.29999999999995,9875,104973
2019-12-17 00:00:00,81.15000000000009,82.69999999999996,78.44999999999999,80.30000000000001,13403,107378
2019-12-18 00:00:00,79.90000000000009,81.70000000000002,78.79999999999995,79.80000000000004,10628,107783
2019-12-19 00:00:00,80.34999999999997,81.29999999999995,78.94999999999996,80.10000000000005,10495,107911
2019-12-20 00:00:00,80.19999999999996,83.6999999999999,77.90000000000006,81.60000000000011,12905,108582
2019-12-23 00:00:00,81.59999999999997,82.89999999999992,80.0500000000001,81.59999999999997,10138,108353
2019-12-24 00:00:00,82.15000000000003,83.29999999999998,80.79999999999998,82.00000000000003,12642,108851
2019-12-25 00:00:00,82.19999999999999,83.04999999999993,80.84999999999994,82.14999999999989,8808,109662
2019-12-26 00:00:00,82.19999999999999,84.59999999999994,80.94999999999999,82.75000000000006,10990,108329
2019-12-27 00:00:00,82.5500000000001,83.6,80.80000000000013,82.54999999999995,10801,109398
2019-12-30 00:00:00,81.99999999999989,83.6,80.64999999999998,82.5,10311,110020
2019-12-31 00:00:00,82.5,83.40000000000003,81.25,81.85000000000002,11167,107527
2020-01-02 00:00:00,81.70000000000002,83.10000000000002,80.09999999999991,81.55000000000001,11690,110754
2020-01-03 00:00:00,81.90000000000012,83.14999999999998,79.95000000000005,82.04999999999998,12502,111921
2020-01-06 00:00:00,82.25000000000009,84.80000000000004,80.2000000000001,82.60000000000005,10926,112849
2020-01-07 00:00:00,82.24999999999994,83.20000000000007,80.84999999999994,81.49999999999991,10429,111924
2020-01-08 00:00:00,82.15000000000003,83.20000000000007,80.15,81.85000000000002,10109,110735
2020-01-09 00:00:00,81.55000000000001,85.64999999999998,77.80000000000001,81.70000000000002,17265,117005
2020-01-10 00:00:00,81.74999999999997,85.25000000000006,79.80000000000004,83.40000000000003,15272,116707
2020-01-13 00:00:00,83.64999999999995,84.29999999999993,82.15000000000003,83.19999999999993,9635,115226
2020-01-14 00:00:00,83.10000000000002,84.14999999999992,82.15000000000003,83.10000000000002,13008,113435
2020-01-15 00:00:00,83.50000000000009,85.34999999999997,81.55000000000001,83.55000000000004,12547,111498
2020-01-16 00:00:00,83.14999999999998,84.65000000000003,81.74999999999997,83.20000000000007,10560,110923
2020-01-17 00:00:00,83.25000000000003,85.55000000000007,80.59999999999988,83.70000000000005,14946,111448
2020-01-20 00:00:00,84.09999999999997,86.44999999999996,81.70000000000002,84.30000000000007,12821,110607
2020-01-21 00:00:00,84.00000000000006,87.45000000000005,82.80000000000001,86.1,16234,107816
2020-01-22 00:00:00,87.39999999999995,89.9499999999999,84.44999999999993,86.44999999999996,11765,104620
2020-01-23 00:00:00,87.00000000000003,91.70000000000002,84.89999999999995,89.39999999999998,9814,102430
2020-02-03 00:00:00,95.2000000000001,102.24999999999994,91.20000000000005,95.69999999999993,12557,92097
2020-02-04 00:00:00,95.10000000000005,96.70000000000002,93.25000000000003,94.54999999999998,8142,89248
2020-02-05 00:00:00,94.00000000000006,97.00000000000003,91.94999999999993,95.24999999999991,8784,87706
2020-02-06 00:00:00,95.0,96.89999999999998,92.99999999999997,94.89999999999995,10277,85059
2020-02-07 00:00:00,94.85,97.60000000000005,93.65000000000009,96.15000000000009,9252,84234
2020-02-10 00:00:00,96.70000000000002,97.69999999999996,93.55000000000004,95.15,11889,78256
2020-02-11 00:00:00,95.15,96.85000000000002,91.44999999999996,92.85000000000011,13105,69463
2020-02-12 00:00:00,93.15000000000012,95.19999999999996,90.64999999999998,92.25000000000009,12983,63697
2020-02-13 00:00:00,92.54999999999995,94.45000000000007,90.90000000000003,93.35000000000008,11280,58044
2020-02-14 00:00:00,93.19999999999993,95.94999999999999,88.25000000000003,90.90000000000003,16250,53163
2020-02-17 00:00:00,90.99999999999994,93.9,88.20000000000007,90.30000000000001,13469,46701
2020-02-18 00:00:00,91.65000000000006,94.05000000000001,89.65000000000003,92.14999999999989,10425,41699
2020-02-19 00:00:00,86.44999999999996,88.19999999999993,85.90000000000003,86.94999999999993,7720,62924
2020-02-20 00:00:00,86.4,88.35000000000008,83.75,85.85000000000008,7214,64002
2020-02-21 00:00:00,91.3000000000001,93.9,89.7999999999999,92.10000000000008,10572,77750
2020-02-24 00:00:00,93.05000000000007,94.85,91.1999999999999,92.99999999999997,11816,80955
2020-02-25 00:00:00,93.75,94.54999999999998,91.20000000000005,92.75000000000006,9992,81726
2020-02-26 00:00:00,93.49999999999994,95.30000000000001,90.24999999999991,92.54999999999995,9518,82461
2020-02-27 00:00:00,93.34999999999994,95.54999999999993,90.89999999999989,93.19999999999993,10990,85991
2020-02-28 00:00:00,94.35000000000002,97.04999999999998,92.59999999999991,95.69999999999993,13638,90012
2020-03-02 00:00:00,95.24999999999991,98.34999999999994,91.0499999999999,94.85000000000014,13664,91390
2020-03-03 00:00:00,93.79999999999995,96.20000000000005,91.20000000000005,93.94999999999996,13215,92672
2020-03-04 00:00:00,95.24999999999991,97.5500000000001,92.80000000000001,95.30000000000001,13326,99365
2020-03-05 00:00:00,95.40000000000006,96.25,92.65,94.40000000000012,10497,100623
2020-03-06 00:00:00,94.85,97.59999999999991,93.15000000000012,95.49999999999997,13287,103005
2020-03-09 00:00:00,98.70000000000005,101.44999999999996,94.29999999999993,97.95000000000002,15072,105637
2020-03-10 00:00:00,97.95000000000002,101.85000000000002,90.99999999999994,95.10000000000005,16972,102554
2020-03-11 00:00:00,94.80000000000004,99.40000000000012,91.79999999999993,96.44999999999996,12457,105960
2020-03-12 00:00:00,96.4,98.94999999999996,93.40000000000003,95.24999999999991,11213,104829
2020-03-13 00:00:00,95.55000000000007,99.85,89.80000000000004,93.55000000000004,16828,104315
2020-03-16 00:00:00,94.89999999999995,98.55000000000004,89.60000000000008,94.14999999999992,17608,103241
2020-03-17 00:00:00,94.00000000000006,95.85000000000008,89.80000000000004,91.70000000000002,13728,106965
2020-03-18 00:00:00,90.79999999999998,97.35,87.65,93.85000000000005,13978,108335
2020-03-19 00:00:00,93.25000000000003,95.94999999999999,88.19999999999993,91.3000000000001,13632,109850
2020-03-20 00:00:00,91.80000000000007,94.50000000000003,88.9,91.65000000000006,13296,112027
2020-03-23 00:00:00,92.60000000000005,95.49999999999997,90.30000000000001,93.64999999999995,10150,113883
2020-03-24 00:00:00,93.20000000000007,96.64999999999992,89.55000000000013,92.80000000000001,16657,114714
2020-03-25 00:00:00,92.19999999999999,98.00000000000011,88.05000000000007,93.49999999999994,15053,117326
2020-03-26 00:00:00,93.79999999999995,96.20000000000005,90.84999999999994,94.39999999999998,18153,119624
2020-03-27 00:00:00,94.09999999999997,97.2999999999999,90.89999999999989,93.64999999999995,17380,118541
2020-03-30 00:00:00,92.99999999999997,96.79999999999993,89.30000000000007,91.84999999999988,21221,118464
2020-03-31 00:00:00,92.15000000000003,96.3000000000001,87.84999999999997,93.29999999999998,20537,117891
2020-04-01 00:00:00,92.59999999999991,96.89999999999998,91.1,95.09999999999991,17275,118767
2020-04-02 00:00:00,95.94999999999999,97.65,91.79999999999993,94.05000000000001,17021,118838
2020-04-03 00:00:00,93.49999999999994,96.44999999999996,88.75,91.55000000000001,18481,120089
2020-04-07 00:00:00,89.69999999999999,101.49999999999991,82.00000000000003,89.65000000000003,32526,120355
2020-04-08 00:00:00,90.25000000000006,93.70000000000005,84.39999999999998,89.05000000000001,22208,121228
2020-04-09 00:00:00,88.49999999999994,90.90000000000003,84.29999999999993,87.24999999999994,20848,119415
2020-04-10 00:00:00,88.25000000000003,92.65,82.74999999999991,88.19999999999993,27781,121706
2020-04-13 00:00:00,87.90000000000006,91.89999999999998,83.75,87.75000000000006,21280,120916
2020-04-14 00:00:00,88.19999999999993,89.44999999999993,84.65000000000003,86.25,19155,120630
2020-04-15 00:00:00,86.80000000000007,89.00000000000006,83.79999999999995,86.15000000000009,19213,120538
2020-04-16 00:00:00,86.3000000000001,90.34999999999997,85.85000000000008,87.90000000000006,16071,120208
2020-04-17 00:00:00,88.70000000000005,90.39999999999992,84.80000000000004,86.55000000000001,14484,119297
2020-04-20 00:00:00,85.54999999999993,88.29999999999998,81.35000000000005,84.09999999999997,19348,120606
2020-04-21 00:00:00,84.69999999999999,86.25,79.9499999999999,81.50000000000006,19368,118494
2020-04-22 00:00:00,82.04999999999998,84.95000000000005,78.40000000000003,80.94999999999999,20793,115406
2020-04-23 00:00:00,81.05000000000004,89.14999999999992,75.19999999999996,85.74999999999989,23347,112961
2020-04-24 00:00:00,87.00000000000003,92.19999999999999,83.75,87.65,27631,110400
2020-04-27 00:00:00,87.05000000000013,88.10000000000002,83.75,85.79999999999998,12355,106591
2020-04-28 00:00:00,86.29999999999995,88.40000000000003,82.19999999999999,84.75000000000009,17477,102796
2020-04-29 00:00:00,84.9499999999999,86.79999999999993,80.34999999999997,82.75000000000006,21451,99182
2020-04-30 00:00:00,82.25000000000009,85.0,77.69999999999996,79.54999999999998,18554,92672
2020-05-06 00:00:00,78.64999999999995,83.6,74.35000000000002,78.70000000000005,12322,89580
2020-05-07 00:00:00,78.05000000000007,83.75,73.40000000000003,78.50000000000009,22006,84787
2020-05-08 00:00:00,78.75,82.89999999999992,72.10000000000008,78.05000000000007,25429,78476
2020-05-11 00:00:00,77.84999999999997,83.6,72.00000000000003,77.25000000000009,22521,77498
2020-05-12 00:00:00,76.3000000000001,82.10000000000008,74.35000000000002,78.75,19667,69934
2020-05-13 00:00:00,79.15000000000006,80.84999999999994,74.29999999999993,75.90000000000003,19325,65773
2020-05-14 00:00:00,76.99999999999989,79.14999999999992,68.40000000000003,75.19999999999996,21624,58825
2020-05-15 00:00:00,76.90000000000012,78.75,70.19999999999996,75.10000000000005,30545,86468
2020-05-18 00:00:00,73.84999999999991,79.29999999999993,69.54999999999998,74.44999999999993,30156,92355
2020-05-19 00:00:00,74.35000000000002,81.25,70.04999999999995,77.45000000000005,31960,97425
2020-05-20 00:00:00,79.20000000000002,83.94999999999996,77.04999999999998,81.4500000000001,31506,98177
2020-05-21 00:00:00,81.25,84.54999999999998,78.05000000000007,82.5,25636,97932
2020-05-22 00:00:00,82.89999999999992,88.85000000000005,77.80000000000001,82.69999999999996,34181,100046
2020-05-25 00:00:00,82.69999999999996,87.39999999999995,78.25000000000003,83.50000000000009,26862,100711
2020-05-26 00:00:00,83.44999999999999,92.25000000000009,74.75000000000009,83.6,43256,105494
2020-05-27 00:00:00,83.6,89.30000000000007,80.90000000000003,86.89999999999998,46740,110545
2020-05-28 00:00:00,87.00000000000003,90.15,83.10000000000002,86.55000000000001,38490,112596
2020-05-29 00:00:00,86.74999999999997,89.25000000000011,82.79999999999987,85.04999999999995,28413,114631
2020-06-01 00:00:00,85.0,88.5499999999999,79.69999999999999,83.85000000000005,30942,116520
2020-06-02 00:00:00,83.70000000000005,89.75000000000009,78.9,85.0,48521,121810
2020-06-03 00:00:00,84.64999999999989,89.65000000000003,78.64999999999995,84.30000000000007,59755,122370
2020-06-04 00:00:00,83.9,88.6,79.55000000000013,85.15,39002,122579
2020-06-05 00:00:00,83.94999999999996,88.9,80.30000000000001,84.65000000000003,45320,125753
2020-06-08 00:00:00,85.34999999999997,90.24999999999991,80.64999999999998,85.39999999999992,40194,125228
2020-06-09 00:00:00,85.30000000000001,87.7000000000001,80.89999999999989,84.24999999999997,35016,124244
2020-06-10 00:00:00,84.69999999999999,87.59999999999991,80.75000000000003,85.34999999999997,36427,124194
2020-06-11 00:00:00,85.44999999999987,89.65000000000003,83.44999999999999,87.35,29421,124189
2020-06-12 00:00:00,87.80000000000001,89.85,85.40000000000006,87.69999999999996,31332,117472
2020-06-15 00:00:00,88.14999999999998,92.04999999999998,85.49999999999997,88.04999999999993,27527,116526
2020-06-16 00:00:00,86.59999999999997,89.60000000000008,84.30000000000007,86.89999999999998,28487,121988
2020-06-17 00:00:00,86.74999999999997,89.75000000000009,85.45000000000002,87.65,23051,125971
2020-06-18 00:00:00,88.65000000000009,92.65,83.35000000000008,88.09999999999988,42351,128884
2020-06-19 00:00:00,87.45000000000005,90.74999999999989,84.90000000000009,88.49999999999994,24159,129509
2020-06-22 00:00:00,87.80000000000001,90.10000000000005,84.85,87.25000000000009,20333,132972
2020-06-23 00:00:00,87.74999999999991,92.00000000000003,82.89999999999992,86.25,41924,138130
2020-06-24 00:00:00,86.50000000000006,89.14999999999992,83.29999999999998,85.45000000000002,28430,133063
2020-06-29 00:00:00,85.54999999999993,88.40000000000003,82.75000000000006,85.69999999999993,22410,132468
2020-06-30 00:00:00,86.44999999999996,88.5499999999999,83.09999999999988,86.55000000000001,25999,133254
2020-07-01 00:00:00,84.80000000000004,88.44999999999999,83.65000000000009,86.44999999999996,19784,133316
2020-07-02 00:00:00,86.85000000000002,87.74999999999991,84.20000000000002,85.90000000000003,16060,131613
2020-07-03 00:00:00,85.09999999999991,87.24999999999994,82.39999999999995,84.09999999999997,26398,133841
2020-07-06 00:00:00,83.39999999999989,92.99999999999997,74.54999999999998,84.35000000000002,44004,140665
2020-07-07 00:00:00,84.49999999999989,89.39999999999998,78.14999999999998,83.55000000000004,35720,136861
2020-07-08 00:00:00,83.40000000000003,87.90000000000006,77.99999999999997,82.35,38187,136945
2020-07-09 00:00:00,81.65000000000006,86.15000000000009,77.10000000000008,82.65,43457,140376
2020-07-10 00:00:00,82.95000000000002,85.95000000000013,79.64999999999989,82.04999999999998,29783,137610
2020-07-13 00:00:00,81.59999999999997,85.45000000000002,77.99999999999997,82.5,25537,139861
2020-07-14 00:00:00,82.69999999999996,85.10000000000005,80.49999999999997,81.90000000000012,17256,138075
2020-07-15 00:00:00,83.9,88.34999999999994,77.95000000000002,83.30000000000013,32572,135192
2020-07-16 00:00:00,83.6999999999999,87.80000000000001,80.10000000000005,83.99999999999991,30333,131842
2020-07-17 00:00:00,83.44999999999999,87.65,80.45000000000002,83.79999999999995,28185,129597
2020-07-20 00:00:00,83.85000000000005,85.34999999999997,81.14999999999995,83.55000000000004,19034,127740
2020-07-21 00:00:00,84.45000000000007,85.69999999999993,80.0,82.80000000000001,27140,127891
2020-07-22 00:00:00,83.14999999999998,89.30000000000007,77.5,84.44999999999993,30134,129482
2020-07-23 00:00:00,84.65000000000003,87.05000000000013,82.19999999999999,84.54999999999998,23146,126292
2020-07-24 00:00:00,84.45000000000007,89.50000000000003,80.55000000000007,85.94999999999999,24564,123468
2020-07-27 00:00:00,85.45000000000002,88.09999999999988,83.44999999999999,85.60000000000002,17118,121261
2020-07-28 00:00:00,84.24999999999997,87.10000000000008,82.54999999999995,84.50000000000003,21951,119553
2020-07-29 00:00:00,84.69999999999999,87.19999999999999,80.75000000000003,83.04999999999993,17388,120899
2020-07-30 00:00:00,82.89999999999992,84.35000000000002,81.15000000000009,82.65,15576,122003
2020-07-31 00:00:00,81.80000000000007,85.34999999999997,79.05000000000001,81.15000000000009,21827,122461
2020-08-03 00:00:00,80.60000000000002,85.59999999999988,75.79999999999998,81.29999999999995,18975,119884
2020-08-04 00:00:00,80.94999999999999,85.0500000000001,78.79999999999995,82.99999999999997,20253,115312
2020-08-05 00:00:00,83.44999999999999,88.29999999999998,78.9,83.9,22410,112913
2020-08-06 00:00:00,83.24999999999989,86.79999999999993,81.94999999999993,84.00000000000006,20259,109541
2020-08-07 00:00:00,83.9,86.70000000000002,79.80000000000004,83.55000000000004,24842,102447
2020-08-10 00:00:00,83.64999999999995,88.30000000000013,80.94999999999999,85.45000000000002,19570,95516
2020-08-11 00:00:00,85.40000000000006,87.95000000000002,82.15000000000003,85.69999999999993,20980,88416
2020-08-12 00:00:00,85.65000000000012,88.79999999999995,81.65000000000006,86.70000000000002,23922,82933
2020-08-13 00:00:00,86.14999999999995,89.14999999999992,84.20000000000002,86.64999999999992,14885,80946
2020-08-14 00:00:00,87.45000000000005,89.64999999999989,84.50000000000003,87.00000000000003,18733,74400
2020-08-17 00:00:00,87.65,88.85000000000005,85.30000000000001,86.74999999999997,10795,66407
2020-08-18 00:00:00,86.25,88.44999999999999,83.85000000000005,85.99999999999994,11275,54183
2020-08-19 00:00:00,85.34999999999997,88.9500000000001,82.54999999999995,85.25000000000006,10289,45665
2020-08-20 00:00:00,83.70000000000005,86.05000000000004,80.10000000000005,82.5,19778,99429
2020-08-21 00:00:00,82.59999999999991,85.74999999999989,80.19999999999996,83.34999999999994,18046,102605
2020-08-24 00:00:00,83.29999999999998,85.35000000000011,81.25,82.95000000000002,14605,105102
2020-08-25 00:00:00,83.44999999999999,84.39999999999998,79.20000000000002,81.4,25902,117341
2020-08-26 00:00:00,81.29999999999995,85.35000000000011,77.25000000000009,80.99999999999994,18080,123000
2020-08-27 00:00:00,80.94999999999999,83.85000000000005,79.20000000000002,81.89999999999998,21444,124231
2020-08-28 00:00:00,81.44999999999996,83.5499999999999,79.05000000000001,81.44999999999996,24864,127568
2020-08-31 00:00:00,81.35000000000005,84.24999999999997,79.29999999999993,82.5,16911,128959
2020-09-01 00:00:00,82.75000000000006,84.00000000000006,80.25000000000006,82.00000000000003,17593,135235
2020-09-02 00:00:00,81.4,84.49999999999989,78.64999999999995,81.74999999999997,24350,146633
2020-09-03 00:00:00,82.30000000000004,85.94999999999999,79.09999999999997,83.25000000000003,29069,151584
2020-09-04 00:00:00,83.14999999999998,85.39999999999992,80.90000000000003,82.89999999999992,20996,153803
2020-09-07 00:00:00,83.05000000000007,84.14999999999992,80.0,82.10000000000008,27699,157894
2020-09-08 00:00:00,82.75000000000006,85.60000000000002,80.90000000000003,83.70000000000005,27839,157187
2020-09-09 00:00:00,83.49999999999994,86.90000000000012,80.75000000000003,83.94999999999996,36424,157228
2020-09-10 00:00:00,83.6,86.44999999999996,80.45000000000002,84.05000000000001,28304,155515
2020-09-11 00:00:00,83.29999999999998,85.19999999999996,79.24999999999997,81.25,21810,158299
2020-09-14 00:00:00,90.60000000000002,90.64999999999998,77.65,80.15,23556,159739
2020-09-15 00:00:00,80.39999999999992,84.05000000000001,76.49999999999991,80.75000000000003,28553,157865
2020-09-16 00:00:00,80.44999999999987,82.80000000000001,77.65,80.0,27798,158258
2020-09-17 00:00:00,80.24999999999991,82.80000000000001,77.5,79.90000000000009,25888,157104
2020-09-18 00:00:00,79.89999999999995,82.60000000000005,76.89999999999998,79.14999999999992,21948,159210
2020-09-21 00:00:00,79.29999999999993,83.05000000000007,76.29999999999995,80.49999999999997,24890,161658
2020-09-22 00:00:00,81.0499999999999,84.54999999999998,78.99999999999991,82.25000000000009,28727,162383
2020-09-23 00:00:00,81.89999999999998,84.34999999999988,79.00000000000006,81.55000000000001,24851,158231
2020-09-24 00:00:00,81.44999999999996,85.64999999999998,79.10000000000011,82.35,27519,156479
2020-09-25 00:00:00,82.19999999999999,84.15000000000006,79.85,81.74999999999997,20386,157720
2020-09-28 00:00:00,81.89999999999998,84.20000000000002,80.15,82.75000000000006,13726,158621
2020-09-29 00:00:00,82.54999999999995,84.50000000000003,79.69999999999999,81.4,15932,159312
2020-09-30 00:00:00,82.00000000000003,85.70000000000007,77.45000000000005,81.20000000000005,18329,157015
2020-10-09 00:00:00,80.40000000000006,82.45000000000005,79.05000000000001,80.19999999999996,15252,161026
2020-10-12 00:00:00,80.24999999999991,83.35000000000008,77.10000000000008,80.60000000000002,17810,161725
2020-10-13 00:00:00,80.89999999999989,81.4500000000001,78.75,79.65000000000003,15366,164697
2020-10-14 00:00:00,79.50000000000003,81.94999999999993,77.89999999999992,80.50000000000011,22530,166947
2020-10-15 00:00:00,80.29999999999987,83.65000000000009,77.89999999999992,80.25000000000006,23387,170708
2020-10-16 00:00:00,80.54999999999993,82.65,78.04999999999993,80.64999999999998,19155,171024
2020-10-19 00:00:00,80.60000000000002,84.44999999999993,77.99999999999997,81.94999999999993,21844,170918
2020-10-20 00:00:00,81.59999999999997,84.05000000000001,79.65000000000003,82.24999999999994,18867,171651
2020-10-21 00:00:00,81.89999999999998,83.94999999999996,80.10000000000005,81.14999999999995,26516,170145
2020-10-22 00:00:00,81.70000000000002,83.8000000000001,79.75000000000009,82.09999999999994,24256,171958
2020-10-23 00:00:00,81.95000000000007,83.5499999999999,79.95000000000005,81.15000000000009,19156,172169
2020-10-26 00:00:00,81.00000000000009,83.6999999999999,79.44999999999993,82.09999999999994,20327,170660
2020-10-27 00:00:00,82.69999999999996,84.95000000000005,80.54999999999993,83.40000000000003,19151,173591
2020-10-28 00:00:00,83.29999999999998,85.84999999999994,79.54999999999998,82.60000000000005,27164,168133
2020-10-29 00:00:00,82.74999999999991,85.15,79.80000000000004,82.15000000000003,22617,163204
2020-10-30 00:00:00,82.19999999999999,84.35000000000002,79.95000000000005,82.5,19811,162923
2020-11-02 00:00:00,81.85000000000002,85.64999999999998,79.75000000000009,83.14999999999998,19976,165933
2020-11-03 00:00:00,83.25000000000003,84.59999999999994,81.65000000000006,83.49999999999994,20480,163660
2020-11-04 00:00:00,83.14999999999998,86.25,82.00000000000003,84.74999999999994,24490,165085
2020-11-05 00:00:00,84.29999999999993,86.79999999999993,82.59999999999991,84.59999999999994,21610,160008
2020-11-06 00:00:00,84.90000000000009,86.25,82.60000000000005,84.05000000000001,21173,157162
2020-11-09 00:00:00,84.20000000000002,85.24999999999991,81.20000000000005,83.14999999999998,20389,147620
2020-11-10 00:00:00,81.94999999999993,86.20000000000005,78.64999999999995,82.59999999999991,25666,138591
2020-11-11 00:00:00,83.04999999999993,84.30000000000007,81.14999999999995,82.69999999999996,20750,133676
2020-11-12 00:00:00,81.84999999999988,84.54999999999998,81.35000000000005,82.84999999999997,20789,125982
2020-11-13 00:00:00,82.65,86.55000000000001,79.85000000000014,82.80000000000001,31826,118082
2020-11-16 00:00:00,82.39999999999995,85.15,80.84999999999994,82.7000000000001,22042,109392
2020-11-17 00:00:00,82.69999999999996,83.9,80.90000000000003,82.19999999999999,16345,97766
2020-11-18 00:00:00,82.30000000000004,84.74999999999994,79.14999999999992,81.3000000000001,19488,85583
2020-11-19 00:00:00,81.0499999999999,83.89999999999986,79.75000000000009,81.34999999999991,14530,73451
2020-11-20 00:00:00,80.0,83.65000000000009,76.59999999999997,80.09999999999991,30795,133602
2020-11-23 00:00:00,80.34999999999997,82.19999999999999,78.99999999999991,80.55000000000007,23542,139475
2020-11-24 00:00:00,80.94999999999999,82.35,78.65000000000009,80.49999999999997,23188,146409
2020-11-25 00:00:00,80.65000000000012,83.8000000000001,77.84999999999997,81.3000000000001,27337,150960
2020-11-26 00:00:00,80.70000000000007,82.5500000000001,78.55000000000004,80.39999999999992,21569,152480
2020-11-27 00:00:00,80.30000000000001,83.04999999999993,77.80000000000001,80.04999999999995,21238,152960
2020-11-30 00:00:00,79.49999999999989,83.65000000000009,76.79999999999993,80.15,31592,153716
2020-12-01 00:00:00,79.19999999999987,81.70000000000002,77.35,79.95000000000005,21363,152190
2020-12-02 00:00:00,79.7999999999999,81.20000000000005,77.5,78.99999999999991,23121,153903
2020-12-03 00:00:00,79.89999999999995,81.49999999999991,77.5500000000001,79.44999999999993,20258,156153
2020-12-04 00:00:00,79.74999999999994,82.04999999999998,78.24999999999989,80.25000000000006,17252,156859
2020-12-07 00:00:00,79.54999999999998,81.65000000000006,78.29999999999998,80.19999999999996,22025,157534
2020-12-08 00:00:00,80.45000000000002,82.65,78.9500000000001,80.84999999999994,21192,163314
2020-12-09 00:00:00,80.34999999999997,82.69999999999996,78.34999999999994,80.84999999999994,24669,164226
2020-12-10 00:00:00,80.75000000000003,82.19999999999999,79.50000000000003,80.64999999999998,24923,168074
2020-12-11 00:00:00,80.69999999999993,82.2999999999999,77.35,78.9,30617,164658
2020-12-14 00:00:00,79.15000000000006,80.40000000000006,77.75000000000006,79.00000000000006,16804,164269
2020-12-15 00:00:00,79.09999999999997,80.75000000000003,77.65,78.70000000000005,25709,161975
2020-12-16 00:00:00,78.79999999999995,79.85,76.4500000000001,77.84999999999997,20490,163938
2020-12-17 00:00:00,78.09999999999988,80.39999999999992,76.05000000000004,78.04999999999993,23047,164716
2020-12-18 00:00:00,78.34999999999994,80.30000000000001,76.20000000000005,77.59999999999991,22725,167254
2020-12-21 00:00:00,77.75000000000006,79.14999999999992,76.20000000000005,77.2999999999999,18606,165327
2020-12-22 00:00:00,77.99999999999997,80.69999999999993,76.15000000000009,79.14999999999992,25906,169597
2020-12-23 00:00:00,79.54999999999998,80.84999999999994,78.14999999999998,79.54999999999998,22106,172688
2020-12-24 00:00:00,79.44999999999993,81.74999999999997,77.59999999999991,79.35000000000002,22203,171750
2020-12-25 00:00:00,79.85000000000014,82.60000000000005,77.39999999999995,80.25000000000006,18356,176150
2020-12-28 00:00:00,80.99999999999994,82.54999999999995,79.24999999999997,81.1999999999999,17768,174813
2020-12-29 00:00:00,81.74999999999997,83.25000000000003,80.30000000000001,81.79999999999993,18700,175453
2020-12-30 00:00:00,81.4,84.14999999999992,79.54999999999998,82.2999999999999,20939,176948
2020-12-31 00:00:00,82.5500000000001,85.74999999999989,78.40000000000003,81.80000000000007,21984,173113
2021-01-04 00:00:00,81.50000000000006,83.6,79.65000000000003,80.85000000000008,18153,171527
2021-01-05 00:00:00,81.00000000000009,84.15000000000006,79.24999999999997,81.89999999999998,17398,174774
2021-01-06 00:00:00,82.10000000000008,84.25000000000011,79.90000000000009,82.00000000000003,20742,175109
2021-01-07 00:00:00,82.24999999999994,83.79999999999995,80.59999999999988,81.89999999999998,23146,177213
2021-01-08 00:00:00,81.65000000000006,83.50000000000009,78.44999999999999,80.79999999999998,23494,169708
2021-01-11 00:00:00,81.00000000000009,82.69999999999996,78.25000000000003,80.24999999999991,23158,167496
2021-01-12 00:00:00,80.54999999999993,82.09999999999994,77.69999999999996,79.95000000000005,22070,166166
2021-01-13 00:00:00,80.10000000000005,81.94999999999993,77.54999999999995,79.55000000000013,31035,174759
2021-01-14 00:00:00,80.04999999999995,83.94999999999996,76.74999999999997,81.25,37907,176782
2021-01-15 00:00:00,81.74999999999997,84.40000000000012,77.65,80.70000000000007,34511,177945
2021-01-18 00:00:00,81.1,82.5,79.24999999999997,80.85000000000008,26340,171753
2021-01-19 00:00:00,81.1,82.59999999999991,79.85000000000014,80.94999999999999,19099,168958
2021-01-20 00:00:00,80.89999999999989,82.45000000000005,79.04999999999987,80.75000000000003,20367,166695
2021-01-21 00:00:00,80.94999999999999,83.05000000000007,79.05000000000001,81.50000000000006,23273,167840
2021-01-22 00:00:00,80.99999999999994,84.95000000000005,79.20000000000002,82.65,25243,169791
2021-01-25 00:00:00,82.59999999999991,85.24999999999991,80.90000000000003,83.24999999999989,21660,172099
2021-01-26 00:00:00,83.20000000000007,84.85,80.25000000000006,82.15000000000003,32830,167464
2021-01-27 00:00:00,82.5500000000001,84.45000000000007,80.34999999999997,81.89999999999998,29370,160094
2021-01-28 00:00:00,81.60000000000011,84.14999999999992,79.14999999999992,81.25,27640,160642
2021-01-29 00:00:00,81.1999999999999,85.0500000000001,77.10000000000008,81.60000000000011,44371,157835
2021-02-01 00:00:00,81.70000000000002,83.29999999999998,80.0,81.25,21816,150792
2021-02-02 00:00:00,80.75000000000003,82.19999999999999,79.49999999999989,80.90000000000003,20291,145948
2021-02-03 00:00:00,80.50000000000011,82.95000000000002,77.45000000000005,79.89999999999995,31081,143464
2021-02-04 00:00:00,80.35000000000011,81.94999999999993,76.80000000000007,78.9500000000001,29806,134810
2021-02-05 00:00:00,78.55000000000004,81.1999999999999,76.85000000000002,79.09999999999997,27936,122370
2021-02-08 00:00:00,79.45000000000007,81.14999999999995,76.85000000000002,79.35000000000002,23351,103464
2021-02-09 00:00:00,79.44999999999993,80.90000000000003,77.60000000000005,79.20000000000002,19453,90134
2021-02-10 00:00:00,78.6,80.64999999999998,76.49999999999991,78.44999999999999,16220,83144
2021-02-18 00:00:00,78.09999999999988,79.44999999999993,74.24999999999997,75.94999999999999,18022,69983
2021-02-19 00:00:00,73.6,75.49999999999997,71.15000000000009,72.60000000000005,13175,123258
2021-02-22 00:00:00,74.85,76.44999999999996,72.2999999999999,74.39999999999998,22427,146825
2021-02-23 00:00:00,73.84999999999991,76.35000000000005,72.04999999999998,74.00000000000006,24280,153515
2021-02-24 00:00:00,73.9,75.70000000000007,72.94999999999987,74.24999999999997,26029,155150
2021-02-25 00:00:00,73.49999999999994,75.19999999999996,72.35,73.6,19341,160129
2021-02-26 00:00:00,74.04999999999987,75.85000000000008,70.85000000000008,72.75000000000006,18815,166309
2021-03-01 00:00:00,73.49999999999994,76.1999999999999,72.35,75.49999999999997,20009,165575
2021-03-02 00:00:00,75.29999999999987,77.84999999999997,74.29999999999993,75.94999999999999,21843,165776
2021-03-03 00:00:00,75.89999999999989,78.55000000000004,73.94999999999996,75.94999999999999,23565,168755
2021-03-04 00:00:00,75.79999999999998,77.19999999999999,74.39999999999998,75.49999999999997,19599,172106
2021-03-05 00:00:00,75.50000000000011,80.09999999999991,72.5,76.89999999999998,29791,178989
2021-03-08 00:00:00,76.59999999999997,79.80000000000004,74.39999999999998,77.5,23787,178236
2021-03-09 00:00:00,77.04999999999998,79.74999999999994,74.85,77.54999999999995,24690,176848
2021-03-10 00:00:00,77.35,79.9499999999999,75.19999999999996,77.95000000000002,25635,181691
2021-03-11 00:00:00,77.90000000000006,79.39999999999998,75.59999999999988,76.74999999999997,21550,176739
2021-03-12 00:00:00,76.59999999999997,78.04999999999993,75.04999999999995,76.55000000000001,20322,177481
2021-03-15 00:00:00,76.55000000000001,77.90000000000006,74.24999999999997,76.00000000000009,21869,179284
2021-03-16 00:00:00,76.05000000000004,77.45000000000005,74.89999999999995,76.25,20311,175334
2021-03-17 00:00:00,76.15000000000009,77.59999999999991,75.35000000000011,76.50000000000006,19987,175220
2021-03-18 00:00:00,76.55000000000001,77.69999999999996,74.7999999999999,76.05000000000004,16921,175534
2021-03-19 00:00:00,76.1999999999999,78.9,74.44999999999993,77.00000000000003,22561,174865
2021-03-22 00:00:00,77.24999999999994,78.25000000000003,75.34999999999997,76.89999999999998,16179,176050
2021-03-23 00:00:00,76.55000000000001,78.64999999999995,75.60000000000002,77.65,15244,179312
2021-03-24 00:00:00,78.64999999999995,80.09999999999991,77.60000000000005,79.24999999999997,18634,181634
2021-03-25 00:00:00,79.35000000000002,80.24999999999991,77.90000000000006,79.39999999999998,15826,185228
2021-03-26 00:00:00,79.24999999999997,79.85,78.04999999999993,78.99999999999991,15434,184940
2021-03-29 00:00:00,78.75,80.0,77.60000000000005,78.94999999999996,16094,183802
2021-03-30 00:00:00,78.85000000000005,81.65000000000006,76.70000000000002,78.85000000000005,16857,184108
2021-03-31 00:00:00,78.70000000000005,80.45000000000002,77.35,79.05000000000001,15710,186021
2021-04-01 00:00:00,78.79999999999995,79.9499999999999,77.35,78.70000000000005,17397,185044
2021-04-02 00:00:00,78.6,80.39999999999992,77.24999999999994,78.75,18747,185530
2021-04-06 00:00:00,78.40000000000003,79.50000000000003,77.04999999999998,78.44999999999999,14764,183614
2021-04-07 00:00:00,78.25000000000003,80.09999999999991,76.74999999999997,78.29999999999998,24646,184531
2021-04-08 00:00:00,78.44999999999999,79.54999999999998,76.94999999999993,77.80000000000001,16254,182922
2021-04-09 00:00:00,78.04999999999993,79.54999999999998,76.90000000000012,78.04999999999993,17001,180378
2021-04-12 00:00:00,78.29999999999998,80.74999999999989,76.65000000000006,78.99999999999991,19364,184166
2021-04-13 00:00:00,79.59999999999994,81.55000000000001,77.84999999999997,79.80000000000004,27677,186106
2021-04-14 00:00:00,80.0,80.55000000000007,78.75,79.70000000000013,18734,189012
2021-04-15 00:00:00,79.9499999999999,80.74999999999989,78.35000000000008,79.39999999999998,12841,188516
2021-04-16 00:00:00,79.35000000000002,80.94999999999999,78.14999999999998,79.9499999999999,17603,189268
2021-04-19 00:00:00,79.95000000000005,82.30000000000004,78.19999999999993,80.34999999999997,22011,190249
2021-04-20 00:00:00,80.65000000000012,81.14999999999995,79.39999999999998,80.15,15844,190869
2021-04-21 00:00:00,79.59999999999994,81.4,78.6,80.30000000000001,22566,193164
2021-04-22 00:00:00,80.19999999999996,81.1,78.8000000000001,79.90000000000009,17710,189680
2021-04-23 00:00:00,79.80000000000004,81.14999999999995,78.55000000000004,80.0500000000001,16228,188747
2021-04-26 00:00:00,79.50000000000003,80.40000000000006,77.95000000000002,78.94999999999996,27468,178285
2021-04-27 00:00:00,78.9,80.30000000000001,76.70000000000002,78.25000000000003,21386,175444
2021-04-28 00:00:00,78.44999999999999,79.45000000000007,77.25000000000009,78.05000000000007,22467,173039
2021-04-29 00:00:00,78.39999999999989,80.04999999999995,76.25,77.80000000000001,19023,167521
2021-04-30 00:00:00,77.4499999999999,81.85000000000002,75.94999999999999,79.89999999999995,20979,175211
2021-05-06 00:00:00,79.9499999999999,81.44999999999996,78.44999999999999,80.0,17317,171957
2021-05-07 00:00:00,79.90000000000009,81.4,77.5500000000001,78.79999999999995,18182,162319
2021-05-10 00:00:00,78.64999999999995,79.80000000000004,76.64999999999992,78.5499999999999,20764,152909
2021-05-11 00:00:00,78.34999999999994,80.84999999999994,76.85000000000002,79.24999999999997,26326,152613
2021-05-12 00:00:00,79.39999999999998,81.29999999999995,78.20000000000007,80.30000000000001,24360,141041
2021-05-13 00:00:00,80.04999999999995,82.5,78.55000000000004,81.1,24111,130449
2021-05-14 00:00:00,81.25,82.89999999999992,80.04999999999995,81.44999999999996,17772,123752
2021-05-17 00:00:00,81.05000000000004,83.29999999999998,79.15000000000006,81.1999999999999,20045,107633
2021-05-18 00:00:00,81.59999999999997,82.39999999999995,79.30000000000007,80.84999999999994,20602,92190
2021-05-19 00:00:00,81.14999999999995,83.64999999999995,79.80000000000004,82.35,18881,82842
2021-05-20 00:00:00,79.00000000000006,81.70000000000002,76.99999999999989,80.09999999999991,21156,140359
2021-05-21 00:00:00,83.49999999999994,86.4500000000001,81.65000000000006,84.54999999999998,28163,169402
2021-05-24 00:00:00,85.04999999999995,86.3000000000001,81.95000000000007,84.20000000000002,24201,170203
2021-05-25 00:00:00,84.35000000000002,85.04999999999995,82.09999999999994,83.75,17961,170349
2021-05-26 00:00:00,84.15000000000006,86.29999999999995,82.84999999999997,84.54999999999998,19443,175281
2021-05-27 00:00:00,84.35000000000002,85.15,82.60000000000005,83.49999999999994,17013,172559
2021-05-28 00:00:00,83.25000000000003,84.44999999999993,81.74999999999997,83.05000000000007,16593,172109
2021-05-31 00:00:00,83.29999999999998,86.25,81.20000000000005,83.64999999999995,18089,176569
2021-06-01 00:00:00,83.85000000000005,85.44999999999987,82.7000000000001,83.70000000000005,15453,178485
2021-06-02 00:00:00,83.29999999999998,85.35000000000011,80.90000000000003,82.95000000000002,31494,177167
2021-06-03 00:00:00,83.04999999999993,84.09999999999997,81.79999999999993,83.20000000000007,18830,178673
2021-06-04 00:00:00,83.44999999999999,85.79999999999998,79.89999999999995,82.19999999999999,25207,180299
2021-06-07 00:00:00,81.50000000000006,82.84999999999997,79.89999999999995,81.34999999999991,25415,182621
2021-06-08 00:00:00,82.04999999999998,82.84999999999997,80.39999999999992,81.55000000000001,19916,183744
2021-06-09 00:00:00,81.85000000000002,82.5,79.80000000000004,80.79999999999998,22317,187007
2021-06-10 00:00:00,81.55000000000001,82.30000000000004,80.35000000000011,81.14999999999995,19475,184842
2021-06-11 00:00:00,81.4,82.95000000000002,78.85000000000005,80.30000000000001,20146,190735
2021-06-15 00:00:00,80.45000000000002,82.20000000000013,78.65000000000009,80.60000000000002,21219,192378
2021-06-16 00:00:00,80.60000000000002,82.00000000000003,79.65000000000003,80.60000000000002,16955,193984
2021-06-17 00:00:00,80.30000000000001,82.09999999999994,79.14999999999992,80.34999999999997,21228,197916
2021-06-18 00:00:00,80.34999999999997,83.9500000000001,78.6,82.15000000000003,27088,198766
2021-06-21 00:00:00,82.15000000000003,84.59999999999994,81.00000000000009,83.10000000000002,20422,202979
2021-06-22 00:00:00,83.10000000000002,84.34999999999988,81.85000000000002,83.35000000000008,15806,207356
2021-06-23 00:00:00,83.25000000000003,84.35000000000002,82.09999999999994,83.14999999999998,15838,210576
2021-06-24 00:00:00,83.35000000000008,84.54999999999998,81.29999999999995,82.84999999999997,18648,211816
2021-06-25 00:00:00,82.94999999999987,83.75,81.60000000000011,82.35,13918,212422
2021-06-28 00:00:00,82.45000000000005,84.55000000000013,80.19999999999996,82.00000000000003,20189,211509
2021-06-29 00:00:00,81.85000000000002,83.94999999999996,80.84999999999994,82.69999999999996,15797,214532
2021-06-30 00:00:00,82.54999999999995,84.45000000000007,81.4,82.95000000000002,15998,220690
2021-07-01 00:00:00,83.04999999999993,85.04999999999995,81.20000000000005,82.80000000000001,18182,219461
2021-07-02 00:00:00,82.84999999999997,84.15000000000006,82.09999999999994,82.95000000000002,14434,224663
2021-07-05 00:00:00,83.25000000000003,84.29999999999993,81.70000000000002,83.10000000000002,13187,225325
2021-07-06 00:00:00,83.00000000000011,84.14999999999992,81.4,82.39999999999995,17574,223955
2021-07-07 00:00:00,82.54999999999995,86.85000000000002,80.45000000000002,84.39999999999998,26947,239713
2021-07-08 00:00:00,84.85,87.65,83.35000000000008,86.20000000000005,25422,226221
2021-07-09 00:00:00,86.1,88.24999999999989,84.14999999999992,86.29999999999995,24475,221320
2021-07-12 00:00:00,85.69999999999993,89.55000000000013,83.14999999999998,87.04999999999998,30746,224503
2021-07-13 00:00:00,87.30000000000004,88.04999999999993,85.70000000000007,87.04999999999998,19828,223432
2021-07-14 00:00:00,87.65,89.95000000000005,85.24999999999991,87.90000000000006,28314,222015
2021-07-15 00:00:00,87.39999999999995,88.70000000000005,84.30000000000007,85.84999999999994,22570,215776
2021-07-16 00:00:00,85.90000000000003,87.5,84.50000000000003,86.35000000000005,14967,216361
2021-07-19 00:00:00,86.15000000000009,87.25000000000009,84.89999999999995,85.90000000000003,13281,216671
2021-07-20 00:00:00,85.15,88.24999999999989,85.0500000000001,86.70000000000002,20314,216791
2021-07-21 00:00:00,86.55000000000001,88.70000000000005,85.0,87.35,18068,221454
2021-07-22 00:00:00,86.79999999999993,87.95000000000002,85.60000000000002,87.04999999999998,16749,215848
2021-07-23 00:00:00,86.94999999999993,88.85000000000005,85.75000000000003,87.15000000000003,18663,218257
2021-07-26 00:00:00,87.30000000000004,89.20000000000002,86.29999999999995,88.05000000000007,19370,218314
2021-07-27 00:00:00,88.44999999999999,93.25000000000003,83.84999999999991,87.5,29757,213381
2021-07-28 00:00:00,88.44999999999999,89.89999999999995,86.50000000000006,88.50000000000009,20824,207683
2021-07-29 00:00:00,88.35000000000008,90.0500000000001,87.24999999999994,88.70000000000005,16290,205447
2021-07-30 00:00:00,89.50000000000003,92.95000000000002,87.54999999999995,90.94999999999999,21643,204892
2021-08-02 00:00:00,90.94999999999999,94.05000000000001,88.04999999999993,91.4,24628,187280
2021-08-03 00:00:00,91.15000000000009,92.69999999999996,88.64999999999995,90.49999999999997,14205,180228
2021-08-04 00:00:00,90.65000000000012,91.49999999999991,88.99999999999991,90.60000000000002,16608,180193
2021-08-05 00:00:00,90.54999999999993,93.25000000000003,89.35000000000002,91.79999999999993,15443,178387
2021-08-06 00:00:00,91.4,92.24999999999994,90.30000000000001,91.65000000000006,16630,174948
2021-08-09 00:00:00,91.60000000000011,94.45000000000007,86.80000000000007,89.39999999999998,29252,155344
2021-08-10 00:00:00,89.89999999999995,92.54999999999995,86.70000000000002,89.05000000000001,21635,146359
2021-08-11 00:00:00,89.00000000000006,89.80000000000004,86.79999999999993,88.14999999999998,21077,136368
2021-08-12 00:00:00,88.55000000000004,90.64999999999998,87.35,89.15000000000006,15895,125476
2021-08-13 00:00:00,88.29999999999998,90.40000000000006,86.39999999999986,88.25000000000003,15471,110549
2021-08-16 00:00:00,88.70000000000005,90.49999999999997,86.00000000000009,87.90000000000006,21279,94966
2021-08-17 00:00:00,88.19999999999993,90.10000000000005,86.20000000000005,88.40000000000003,20261,79944
2021-08-18 00:00:00,88.49999999999994,93.34999999999994,85.19999999999996,90.15,18601,66547
2021-08-19 00:00:00,90.49999999999997,92.2999999999999,88.49999999999994,90.74999999999989,24594,177046
2021-08-20 00:00:00,90.60000000000002,92.24999999999994,88.70000000000005,90.25000000000006,22196,177415
2021-08-23 00:00:00,89.65000000000003,91.34999999999991,88.25000000000003,89.54999999999998,18699,178871
2021-08-24 00:00:00,88.84999999999991,91.64999999999992,87.84999999999997,90.30000000000001,17532,185130
2021-08-25 00:00:00,90.79999999999998,92.60000000000005,89.45000000000007,90.64999999999998,21563,188815
2021-08-26 00:00:00,89.69999999999999,91.3000000000001,87.14999999999989,88.50000000000009,21990,189341
2021-08-27 00:00:00,89.24999999999997,90.19999999999996,87.84999999999997,88.85000000000005,19077,193280
2021-08-30 00:00:00,88.9,92.15000000000003,86.4,89.85,25726,199122
2021-08-31 00:00:00,89.90000000000009,91.44999999999996,87.45000000000005,88.85000000000005,19578,200092
2021-09-01 00:00:00,89.39999999999998,93.55000000000004,86.95000000000007,91.1999999999999,25336,209819
2021-09-02 00:00:00,90.34999999999997,92.35,89.54999999999998,90.79999999999998,21236,209981
2021-09-03 00:00:00,90.45000000000002,92.24999999999994,89.65000000000003,90.60000000000002,17135,210550
2021-09-06 00:00:00,90.84999999999994,92.99999999999997,88.6,90.19999999999996,21227,208719
2021-09-07 00:00:00,90.39999999999992,91.80000000000007,87.45000000000005,89.09999999999997,22395,207247
2021-09-08 00:00:00,88.9,90.79999999999998,87.15000000000003,89.14999999999992,24893,213523
2021-09-09 00:00:00,89.05000000000001,90.34999999999997,87.45000000000005,88.64999999999995,20241,214632
2021-09-10 00:00:00,88.99999999999991,91.25,87.45000000000005,89.44999999999993,30535,212833
2021-09-13 00:00:00,89.85,92.84999999999997,85.10000000000005,87.95000000000002,24160,212874
2021-09-14 00:00:00,88.10000000000002,89.45000000000007,86.50000000000006,88.10000000000002,26332,210207
2021-09-15 00:00:00,88.40000000000003,90.89999999999989,84.85,86.85000000000002,26454,212216
2021-09-16 00:00:00,87.04999999999998,88.9,85.70000000000007,87.80000000000001,19749,209866
2021-09-17 00:00:00,87.75000000000006,89.44999999999993,86.74999999999997,88.29999999999998,16674,212334
2021-09-22 00:00:00,88.49999999999994,89.65000000000003,87.90000000000006,88.70000000000005,19540,211514
2021-09-23 00:00:00,88.44999999999999,91.20000000000005,86.3000000000001,89.14999999999992,23009,217481
2021-09-24 00:00:00,88.64999999999995,89.95000000000005,86.94999999999993,88.19999999999993,20280,219971
2021-09-27 00:00:00,88.19999999999993,90.40000000000006,86.20000000000005,87.65,23580,218959
2021-09-28 00:00:00,87.59999999999991,88.84999999999991,86.0499999999999,87.5500000000001,23945,215126
2021-09-29 00:00:00,87.5500000000001,90.09999999999991,85.65000000000012,88.49999999999994,19397,215043
2021-09-30 00:00:00,88.44999999999999,90.45000000000002,85.94999999999999,87.90000000000006,19127,212853
2021-10-08 00:00:00,87.04999999999998,88.44999999999999,84.60000000000008,86.1,22184,216143
2021-10-11 00:00:00,85.34999999999997,87.04999999999998,81.94999999999993,84.00000000000006,29125,221258
2021-10-12 00:00:00,83.99999999999991,85.45000000000002,82.09999999999994,83.65000000000009,22000,220456
2021-10-13 00:00:00,83.94999999999996,86.34999999999991,82.15000000000003,84.35000000000002,24443,223277
2021-10-14 00:00:00,84.75000000000009,86.25,83.29999999999998,84.89999999999995,18818,223321
2021-10-15 00:00:00,84.75000000000009,87.69999999999996,81.59999999999997,84.80000000000004,24352,227594
2021-10-18 00:00:00,82.89999999999992,84.35000000000002,81.74999999999997,82.99999999999997,25556,226558
2021-10-19 00:00:00,83.35000000000008,86.1999999999999,81.20000000000005,84.24999999999997,30225,229783
2021-10-20 00:00:00,85.0,86.25,82.35,83.85000000000005,25211,228404
2021-10-21 00:00:00,84.50000000000003,86.49999999999991,83.14999999999998,85.19999999999996,18611,226367
2021-10-22 00:00:00,84.65000000000003,85.90000000000003,82.99999999999997,84.40000000000012,21232,226289
2021-10-25 00:00:00,84.54999999999998,86.1,82.5,84.10000000000011,17874,225666
2021-10-26 00:00:00,84.30000000000007,86.44999999999996,82.90000000000006,84.80000000000004,19614,224213
2021-10-27 00:00:00,85.04999999999995,86.4500000000001,83.64999999999995,85.0,22596,223370
2021-10-28 00:00:00,85.15,87.35,83.20000000000007,85.79999999999998,28941,224910
2021-10-29 00:00:00,85.94999999999999,87.84999999999997,83.6999999999999,85.55000000000007,26794,219200
2021-11-01 00:00:00,86.29999999999995,88.64999999999995,84.15000000000006,86.94999999999993,27771,220359
2021-11-02 00:00:00,86.85000000000002,90.15,84.55000000000013,87.84999999999997,27654,214553
2021-11-03 00:00:00,88.14999999999998,89.69999999999999,86.1,87.89999999999992,26695,211483
2021-11-04 00:00:00,87.84999999999997,89.10000000000011,86.74999999999997,88.10000000000002,21013,210574
2021-11-05 00:00:00,89.09999999999997,90.84999999999994,87.59999999999991,89.30000000000007,31828,207041
2021-11-08 00:00:00,89.60000000000008,91.15000000000009,86.89999999999998,89.24999999999997,27975,201799
2021-11-09 00:00:00,88.64999999999995,91.25,87.00000000000003,90.04999999999995,25903,199402
2021-11-10 00:00:00,90.39999999999992,91.74999999999997,88.00000000000011,89.39999999999998,24621,192451
2021-11-11 00:00:00,88.25000000000003,89.95000000000005,86.89999999999998,88.04999999999993,28160,174184
2021-11-12 00:00:00,88.04999999999993,89.90000000000009,86.44999999999996,87.59999999999991,20489,165001
2021-11-15 00:00:00,87.80000000000001,91.1,85.94999999999999,89.30000000000007,23352,158165
2021-11-16 00:00:00,89.44999999999993,91.35000000000005,87.00000000000003,88.85000000000005,21989,142931
2021-11-17 00:00:00,88.6,90.09999999999991,87.80000000000001,88.9,24721,126287
2021-11-18 00:00:00,89.10000000000011,90.75000000000003,88.19999999999993,89.74999999999994,24092,101480
2021-11-19 00:00:00,89.65000000000003,92.54999999999995,85.94999999999999,88.05000000000007,26538,72230
2021-11-22 00:00:00,88.25000000000003,89.85,86.94999999999993,88.40000000000003,25766,210448
2021-11-23 00:00:00,88.05000000000007,89.49999999999989,86.50000000000006,88.25000000000003,27439,209572
2021-11-24 00:00:00,88.50000000000009,91.75000000000011,86.3000000000001,89.74999999999994,26541,222115
2021-11-25 00:00:00,89.45000000000007,90.45000000000002,88.44999999999999,89.20000000000002,16820,223680
2021-11-26 00:00:00,89.65000000000003,91.95000000000007,88.50000000000009,90.55000000000007,17441,233703
2021-11-29 00:00:00,90.10000000000005,91.50000000000006,88.65000000000009,90.10000000000005,21755,232715
2021-11-30 00:00:00,89.30000000000007,91.55000000000001,87.80000000000001,90.10000000000005,22893,234547
2021-12-01 00:00:00,89.7999999999999,90.84999999999994,88.19999999999993,89.69999999999999,19266,232490
2021-12-02 00:00:00,89.64999999999989,92.09999999999994,87.35,89.24999999999997,25337,230277
2021-12-03 00:00:00,89.44999999999993,90.75000000000003,87.04999999999998,88.25000000000003,23433,222951
2021-12-06 00:00:00,89.74999999999994,91.1,88.34999999999994,89.85,26788,219755
2021-12-07 00:00:00,89.39999999999998,91.35000000000005,85.64999999999998,87.5,31136,213774
2021-12-08 00:00:00,87.80000000000001,89.39999999999998,86.20000000000005,87.69999999999996,21056,215230
2021-12-09 00:00:00,87.75000000000006,90.0,85.15,87.90000000000006,23664,212544
2021-12-10 00:00:00,88.30000000000013,89.69999999999999,87.30000000000004,88.6,19474,215094
2021-12-13 00:00:00,88.29999999999998,89.80000000000004,85.10000000000005,87.39999999999995,29429,218714
2021-12-14 00:00:00,87.59999999999991,89.85,86.0499999999999,88.35000000000008,29557,228633
2021-12-15 00:00:00,87.84999999999997,89.95000000000005,86.1,88.10000000000002,21343,229118
2021-12-16 00:00:00,87.65,88.70000000000005,85.49999999999997,87.09999999999994,23126,226070
2021-12-17 00:00:00,86.94999999999993,90.04999999999995,85.35000000000011,88.14999999999998,27608,234865
2021-12-20 00:00:00,87.69999999999996,90.55000000000007,85.79999999999998,88.50000000000009,24519,236247
2021-12-21 00:00:00,88.34999999999994,89.80000000000004,86.80000000000007,88.64999999999995,24799,236181
2021-12-22 00:00:00,88.44999999999999,91.3000000000001,86.65000000000006,89.44999999999993,28931,248460
2021-12-23 00:00:00,89.35000000000002,91.29999999999995,88.10000000000002,90.0,24432,259133
2021-12-24 00:00:00,89.74999999999994,91.1999999999999,88.04999999999993,89.74999999999994,20773,256207
2021-12-27 00:00:00,90.15,92.5,88.10000000000002,89.95000000000005,28578,257280
2021-12-28 00:00:00,90.19999999999996,91.59999999999997,88.64999999999995,90.45000000000002,22389,256248
2021-12-29 00:00:00,90.84999999999994,91.70000000000002,89.35000000000002,90.40000000000006,19090,258939
2021-12-30 00:00:00,90.0,93.04999999999993,87.65,91.0499999999999,21104,264598
2021-12-31 00:00:00,90.34999999999997,91.99999999999989,89.00000000000006,90.25000000000006,21314,255981
2022-01-04 00:00:00,89.69999999999999,91.79999999999993,88.10000000000002,90.34999999999997,23376,256516
2022-01-05 00:00:00,90.0,91.3000000000001,88.10000000000002,89.7999999999999,24978,254023
2022-01-06 00:00:00,89.75000000000009,90.30000000000001,87.94999999999987,89.00000000000006,28607,249375
2022-01-07 00:00:00,89.09999999999997,90.49999999999997,87.95000000000002,89.20000000000002,26867,244161
2022-01-10 00:00:00,89.24999999999997,90.75000000000003,88.19999999999993,89.39999999999998,21849,244292
2022-01-11 00:00:00,89.25000000000011,91.55000000000001,87.2999999999999,90.0,27632,247837
2022-01-12 00:00:00,90.10000000000005,91.44999999999996,88.39999999999989,89.60000000000008,25360,239160
2022-01-13 00:00:00,89.74999999999994,91.1,88.50000000000009,89.49999999999989,24548,238812
2022-01-14 00:00:00,89.89999999999995,91.70000000000002,88.55000000000004,90.09999999999991,30917,243764
2022-01-17 00:00:00,90.0,92.74999999999991,87.89999999999992,89.30000000000007,41362,243629
2022-01-18 00:00:00,89.65000000000003,92.4499999999999,86.3000000000001,89.00000000000006,38134,248327
2022-01-19 00:00:00,90.69999999999993,91.55000000000001,88.25000000000003,89.69999999999999,42188,243684
2022-01-20 00:00:00,89.35000000000002,90.34999999999997,87.89999999999992,88.94999999999996,29399,241518
2022-01-21 00:00:00,89.35000000000002,90.80000000000013,86.89999999999998,88.75,29192,243533
2022-01-24 00:00:00,89.80000000000004,90.34999999999997,86.59999999999997,88.79999999999995,34586,239279
2022-01-25 00:00:00,88.75,90.60000000000002,87.2999999999999,90.09999999999991,37653,235244
2022-01-26 00:00:00,89.69999999999999,91.69999999999987,87.10000000000008,89.20000000000002,42087,224991
2022-01-27 00:00:00,89.05000000000001,90.90000000000003,86.70000000000002,88.64999999999995,38316,221663
2022-01-28 00:00:00,89.15000000000006,91.55000000000001,85.34999999999997,88.8000000000001,32275,215592
2022-02-07 00:00:00,88.6,91.00000000000009,84.45000000000007,87.90000000000006,31386,204044
2022-02-08 00:00:00,88.24999999999989,90.0,86.34999999999991,88.19999999999993,30268,194307
2022-02-09 00:00:00,88.34999999999994,89.39999999999998,87.10000000000008,88.50000000000009,28304,187407
2022-02-10 00:00:00,88.79999999999995,89.50000000000003,86.89999999999998,88.09999999999988,25596,178730
2022-02-11 00:00:00,87.69999999999996,89.74999999999994,84.90000000000009,87.35,50430,152534
2022-02-14 00:00:00,87.30000000000004,89.05000000000001,84.89999999999995,86.85000000000002,28213,131664
2022-02-15 00:00:00,87.09999999999994,89.35000000000002,85.85000000000008,86.74999999999997,35593,103436
2022-02-16 00:00:00,87.35,89.05000000000001,86.0499999999999,87.95000000000002,26305,85404
2022-02-17 00:00:00,87.40000000000009,88.49999999999994,85.30000000000001,87.19999999999999,32644,206648
2022-02-18 00:00:00,87.15000000000003,89.89999999999995,85.0,87.00000000000003,34154,218561
2022-02-21 00:00:00,86.85000000000002,90.34999999999997,82.40000000000009,85.60000000000002,45255,235899
2022-02-22 00:00:00,86.25,88.65000000000009,84.60000000000008,86.70000000000002,50197,244911
2022-02-23 00:00:00,87.35,87.99999999999997,85.30000000000001,86.59999999999997,36040,245898
2022-02-24 00:00:00,87.15000000000003,88.94999999999996,85.34999999999997,86.70000000000002,38403,247646
2022-02-25 00:00:00,86.50000000000006,89.09999999999997,85.0,87.60000000000005,28814,250123
2022-02-28 00:00:00,87.5,88.79999999999995,86.49999999999991,87.5,29664,248881
2022-03-01 00:00:00,87.60000000000005,89.75000000000009,84.29999999999993,86.34999999999991,34919,252900
2022-03-02 00:00:00,86.00000000000009,87.40000000000009,84.89999999999995,86.35000000000005,30508,256162
2022-03-03 00:00:00,86.50000000000006,88.84999999999991,82.95000000000002,85.40000000000006,58535,266830
2022-03-04 00:00:00,86.14999999999995,87.95000000000002,83.40000000000003,86.00000000000009,50122,266100
2022-03-07 00:00:00,85.55000000000007,88.75,82.00000000000003,85.39999999999992,53756,269456
2022-03-08 00:00:00,85.0,87.00000000000003,83.8000000000001,85.34999999999997,43995,271273
2022-03-09 00:00:00,85.55000000000007,86.80000000000007,81.74999999999997,84.35000000000002,61836,274901
2022-03-10 00:00:00,84.69999999999999,86.65000000000006,82.24999999999994,84.00000000000006,37612,277181
2022-03-11 00:00:00,84.00000000000006,91.70000000000002,77.90000000000006,85.60000000000002,76205,277300
2022-03-14 00:00:00,85.99999999999994,89.09999999999997,85.09999999999991,88.04999999999993,58018,262611
2022-03-15 00:00:00,87.60000000000005,93.25000000000003,83.09999999999988,87.5,77434,268200
2022-03-16 00:00:00,88.10000000000002,93.64999999999995,82.65,88.55000000000004,68991,262894
2022-03-17 00:00:00,87.80000000000001,89.75000000000009,86.59999999999997,87.95000000000002,33175,262382
2022-03-18 00:00:00,88.14999999999998,90.15,85.55000000000007,88.04999999999993,30602,263778
2022-03-21 00:00:00,87.60000000000005,89.34999999999988,86.70000000000002,88.19999999999993,21785,263583
2022-03-22 00:00:00,87.95000000000002,88.8000000000001,85.84999999999994,86.85000000000002,33171,263833
2022-03-23 00:00:00,87.30000000000004,89.14999999999992,85.39999999999992,87.25000000000009,31132,262116
2022-03-24 00:00:00,87.14999999999989,90.19999999999996,85.15,88.19999999999993,27804,264231
2022-03-25 00:00:00,87.80000000000001,89.50000000000003,86.49999999999991,88.25000000000003,29200,265830
2022-03-28 00:00:00,88.40000000000003,90.10000000000005,86.59999999999997,88.55000000000004,24082,262763
2022-03-29 00:00:00,89.14999999999992,90.0500000000001,87.5500000000001,88.94999999999996,24550,264538
2022-03-30 00:00:00,89.30000000000007,91.59999999999997,87.30000000000004,89.75000000000009,34724,270964
2022-03-31 00:00:00,89.39999999999998,91.05000000000004,86.60000000000011,88.6,27695,265445
2022-04-01 00:00:00,88.9,90.69999999999993,87.09999999999994,88.70000000000005,29130,269236
2022-04-06 00:00:00,88.44999999999999,90.54999999999993,87.5,89.00000000000006,26184,269641
2022-04-07 00:00:00,89.29999999999993,91.44999999999996,87.45000000000005,89.7999999999999,27451,275956
2022-04-08 00:00:00,89.59999999999994,91.65000000000006,87.94999999999987,89.65000000000003,31660,273825
2022-04-11 00:00:00,89.85000000000014,92.14999999999989,87.39999999999995,89.44999999999993,29474,271017
2022-04-12 00:00:00,89.54999999999998,94.44999999999993,83.44999999999999,89.05000000000001,49616,266531
2022-04-13 00:00:00,89.09999999999997,90.34999999999997,87.99999999999997,89.39999999999998,29290,267648
2022-04-14 00:00:00,89.69999999999999,90.79999999999998,87.65,89.00000000000006,37931,269531
2022-04-15 00:00:00,88.6,90.89999999999989,86.3000000000001,88.35000000000008,43475,273327
2022-04-18 00:00:00,88.20000000000007,89.60000000000008,85.49999999999997,86.79999999999993,44551,265431
2022-04-19 00:00:00,87.10000000000008,88.55000000000004,84.75000000000009,86.79999999999993,33400,266170
2022-04-20 00:00:00,86.14999999999995,88.55000000000004,85.69999999999993,87.45000000000005,55715,259512
2022-04-21 00:00:00,87.35,88.75,86.74999999999997,87.65,26598,258597
2022-04-22 00:00:00,87.45000000000005,89.44999999999993,85.34999999999997,87.54999999999995,35651,264306
2022-04-25 00:00:00,87.7000000000001,89.75000000000009,86.70000000000002,88.75,30773,254758
2022-04-26 00:00:00,88.55000000000004,89.54999999999998,87.5,88.65000000000009,25726,250730
2022-04-27 00:00:00,88.6,89.44999999999993,87.30000000000004,88.49999999999994,28486,249191
2022-04-28 00:00:00,88.24999999999989,89.09999999999997,87.15000000000003,87.84999999999997,28746,245827
2022-04-29 00:00:00,87.99999999999997,90.09999999999991,86.4500000000001,88.44999999999999,32421,241514
2022-05-05 00:00:00,88.05000000000007,90.34999999999997,87.04999999999998,89.35000000000002,22424,236722
2022-05-06 00:00:00,89.00000000000006,91.44999999999996,87.65,89.89999999999995,30449,224887
2022-05-09 00:00:00,89.69999999999999,91.35000000000005,88.70000000000005,90.2000000000001,21622,216380
2022-05-10 00:00:00,90.60000000000002,91.00000000000009,88.9500000000001,90.24999999999991,30470,202523
2022-05-11 00:00:00,89.74999999999994,91.44999999999996,88.25000000000003,89.89999999999995,31222,189053
2022-05-12 00:00:00,90.15,91.25,88.6,89.90000000000009,28678,179202
2022-05-13 00:00:00,90.30000000000001,91.70000000000002,87.80000000000001,89.39999999999998,26556,168286
2022-05-16 00:00:00,89.39999999999998,90.84999999999994,87.24999999999994,89.15000000000006,29417,152575
2022-05-17 00:00:00,89.85,89.95000000000005,88.14999999999998,88.85000000000005,23007,139834
2022-05-18 00:00:00,88.75,90.79999999999998,86.65000000000006,89.20000000000002,27371,117927
2022-05-19 00:00:00,88.29999999999998,90.55000000000007,86.4,88.75,42801,215933
2022-05-20 00:00:00,88.25000000000003,89.14999999999992,87.04999999999998,88.00000000000011,31330,226807
2022-05-23 00:00:00,87.89999999999992,89.90000000000009,87.59999999999991,89.10000000000011,25295,234900
2022-05-24 00:00:00,88.75,90.24999999999991,88.20000000000007,89.54999999999998,21602,241978
2022-05-25 00:00:00,89.80000000000004,91.25,88.94999999999996,90.09999999999991,29515,251922
2022-05-26 00:00:00,91.1999999999999,92.80000000000001,89.30000000000007,91.25,34567,256209
2022-05-27 00:00:00,90.90000000000003,92.45000000000005,89.69999999999999,91.20000000000005,31342,257377
2022-05-30 00:00:00,90.60000000000002,91.44999999999996,89.54999999999998,90.49999999999997,24375,256170
2022-05-31 00:00:00,90.15,92.04999999999998,88.09999999999988,90.24999999999991,42323,258618
2022-06-01 00:00:00,90.30000000000001,91.65000000000006,88.9,90.10000000000005,27972,258162
2022-06-02 00:00:00,90.49999999999997,92.19999999999999,88.44999999999999,89.90000000000009,38254,262247
2022-06-06 00:00:00,89.95000000000005,91.79999999999993,88.29999999999998,89.80000000000004,30936,265326
2022-06-07 00:00:00,89.74999999999994,91.99999999999989,88.44999999999999,90.55000000000007,35187,262237
2022-06-08 00:00:00,90.30000000000001,91.59999999999997,89.20000000000002,90.24999999999991,31423,267679
2022-06-09 00:00:00,90.19999999999996,92.45000000000005,88.64999999999995,90.30000000000001,41254,271095
2022-06-10 00:00:00,90.40000000000006,91.89999999999998,88.9,90.10000000000005,31123,271270
2022-06-13 00:00:00,90.04999999999995,91.29999999999995,89.15000000000006,90.15,32814,272212
2022-06-14 00:00:00,90.0,91.20000000000005,88.8000000000001,90.04999999999995,30123,270494
2022-06-15 00:00:00,90.25000000000006,91.59999999999997,88.29999999999998,89.69999999999999,37413,271502
2022-06-16 00:00:00,90.0,90.69999999999993,89.14999999999992,90.0,30258,268264
2022-06-17 00:00:00,90.04999999999995,91.1999999999999,88.9,89.9499999999999,31157,268413
2022-06-20 00:00:00,89.75000000000009,90.89999999999989,88.10000000000002,89.15000000000006,33234,265646
2022-06-21 00:00:00,89.39999999999998,90.40000000000006,88.29999999999998,89.39999999999998,22753,265941
2022-06-22 00:00:00,89.54999999999998,90.74999999999989,88.5499999999999,90.0,24043,268334
2022-06-23 00:00:00,89.95000000000005,91.25,87.84999999999997,89.15000000000006,29780,270208
2022-06-24 00:00:00,89.24999999999997,90.90000000000003,87.09999999999994,88.79999999999995,30378,272597
2022-06-27 00:00:00,88.44999999999999,90.19999999999996,85.84999999999994,87.60000000000005,40328,269028
2022-06-28 00:00:00,88.04999999999993,90.10000000000005,85.25000000000006,87.40000000000009,36609,269169
2022-06-29 00:00:00,87.90000000000006,89.05000000000001,86.4,87.84999999999997,36532,268080
2022-06-30 00:00:00,87.65,90.64999999999998,85.74999999999989,88.50000000000009,33143,263249
2022-07-01 00:00:00,88.25000000000003,89.65000000000003,87.10000000000008,88.19999999999993,36324,259010
2022-07-04 00:00:00,88.04999999999993,90.45000000000002,85.60000000000002,88.6,40023,265156
2022-07-05 00:00:00,88.44999999999999,91.29999999999995,86.20000000000005,88.75,44991,265889
2022-07-06 00:00:00,89.09999999999997,90.60000000000002,88.25000000000003,89.20000000000002,38758,264920
2022-07-07 00:00:00,89.00000000000006,91.14999999999995,87.89999999999992,89.59999999999994,26377,267384
2022-07-08 00:00:00,89.35000000000002,90.75000000000003,88.20000000000007,89.20000000000002,27729,264862
2022-07-11 00:00:00,89.30000000000007,91.74999999999997,87.59999999999991,89.95000000000005,36494,264304
2022-07-12 00:00:00,89.90000000000009,90.79999999999998,88.49999999999994,90.0,34941,267953
2022-07-13 00:00:00,90.0,90.90000000000003,88.9500000000001,90.0500000000001,33227,268366
2022-07-14 00:00:00,90.0500000000001,91.3000000000001,89.15000000000006,90.25000000000006,33329,269721
2022-07-15 00:00:00,90.45000000000002,92.05000000000013,88.85000000000005,90.49999999999997,37953,274645
2022-07-18 00:00:00,90.49999999999997,91.89999999999998,89.14999999999992,90.30000000000001,30896,275181
2022-07-19 00:00:00,90.40000000000006,91.35000000000005,89.29999999999993,90.49999999999997,29846,275185
2022-07-20 00:00:00,90.0500000000001,92.90000000000006,89.09999999999997,91.50000000000006,27720,277725
2022-07-21 00:00:00,91.4,92.60000000000005,90.85000000000008,91.70000000000002,33241,283676
2022-07-22 00:00:00,91.4,92.4499999999999,90.39999999999992,91.29999999999995,28687,287362
2022-07-25 00:00:00,91.25,93.34999999999994,90.0,91.20000000000005,31384,288191
2022-07-26 00:00:00,91.14999999999995,93.10000000000002,89.74999999999994,91.74999999999997,33672,292092
2022-07-27 00:00:00,91.69999999999987,92.74999999999991,90.34999999999997,91.1999999999999,34266,290596
2022-07-28 00:00:00,91.20000000000005,92.64999999999986,89.35000000000002,91.25,39656,289653
2022-07-29 00:00:00,91.74999999999997,93.64999999999995,91.1,92.5,39409,296992
2022-08-01 00:00:00,93.00000000000011,94.65000000000003,92.15000000000003,93.75,36903,291124
2022-08-02 00:00:00,93.79999999999995,94.89999999999995,92.10000000000008,93.49999999999994,42176,291423
2022-08-03 00:00:00,92.84999999999997,95.34999999999997,90.54999999999993,92.84999999999997,40174,283945
2022-08-04 00:00:00,92.39999999999995,95.19999999999996,90.0,92.90000000000006,63023,269766
2022-08-05 00:00:00,92.75000000000006,94.24999999999997,91.15000000000009,92.80000000000001,36194,262570
2022-08-08 00:00:00,92.35,93.99999999999991,90.69999999999993,92.65,34765,250718
2022-08-09 00:00:00,92.95000000000002,94.50000000000003,90.94999999999999,93.04999999999993,53109,234882
2022-08-10 00:00:00,93.14999999999998,95.50000000000011,91.20000000000005,93.05000000000007,48917,220996
2022-08-11 00:00:00,93.40000000000003,95.09999999999991,92.00000000000003,93.94999999999996,43098,210876
2022-08-12 00:00:00,93.79999999999995,95.60000000000002,91.80000000000007,93.8000000000001,36057,196221
2022-08-15 00:00:00,95.0,100.65000000000012,90.19999999999996,95.09999999999991,50274,160496
2022-08-16 00:00:00,95.30000000000001,97.65,93.6,95.84999999999994,41755,133495
2022-08-17 00:00:00,95.75000000000003,97.20000000000013,94.54999999999998,95.99999999999994,20848,115138
2022-08-18 00:00:00,100.34999999999997,101.55000000000001,99.20000000000002,100.54999999999993,36885,164635
2022-08-19 00:00:00,96.10000000000014,97.65,93.79999999999995,95.75000000000003,46003,244447
2022-08-22 00:00:00,95.65000000000012,97.90000000000006,93.6,95.54999999999993,32676,251712
2022-08-23 00:00:00,95.60000000000002,96.89999999999998,94.40000000000012,95.75000000000003,40143,259498
2022-08-24 00:00:00,95.85000000000008,96.89999999999998,94.54999999999998,96.14999999999995,37265,265170
2022-08-25 00:00:00,95.80000000000013,96.89999999999998,94.00000000000006,95.34999999999997,38247,268147
2022-08-26 00:00:00,95.55000000000007,96.80000000000007,94.20000000000002,95.94999999999999,41403,270276
2022-08-29 00:00:00,96.05000000000004,97.84999999999997,93.6,96.1,38090,269737
2022-08-30 00:00:00,95.99999999999994,97.65,94.40000000000012,95.99999999999994,43904,272191
2022-08-31 00:00:00,95.99999999999994,96.89999999999998,94.60000000000008,95.55000000000007,37617,274904
2022-09-01 00:00:00,95.35000000000011,98.5499999999999,93.6,96.50000000000006,45807,283268
2022-09-02 00:00:00,96.74999999999997,99.35000000000002,94.69999999999999,96.15000000000009,48494,286994
2022-09-05 00:00:00,96.20000000000005,97.80000000000001,95.35000000000011,96.59999999999997,39431,285978
2022-09-06 00:00:00,97.15000000000003,98.25000000000003,95.15,96.70000000000002,34655,287722
2022-09-07 00:00:00,96.79999999999993,97.84999999999997,94.95000000000005,95.84999999999994,47154,296030
2022-09-08 00:00:00,95.80000000000013,96.74999999999997,95.04999999999995,96.0499999999999,33032,295454
2022-09-09 00:00:00,96.1,98.34999999999994,92.75000000000006,94.90000000000009,47278,307440
2022-09-13 00:00:00,95.0,96.20000000000005,94.30000000000007,95.25000000000006,32835,304614
2022-09-14 00:00:00,94.85,96.15000000000009,94.05000000000001,94.85,39052,307283
2022-09-15 00:00:00,94.69999999999999,96.65000000000006,93.44999999999999,95.19999999999996,47536,308673
2022-09-16 00:00:00,94.89999999999995,96.64999999999992,93.29999999999998,95.15,57082,306669
2022-09-19 00:00:00,95.34999999999997,96.50000000000006,93.9,95.29999999999987,49551,306026
2022-09-20 00:00:00,95.34999999999997,96.64999999999992,94.24999999999997,95.49999999999997,52904,309057
2022-09-21 00:00:00,95.24999999999991,96.70000000000002,94.69999999999999,95.75000000000003,42941,308108
2022-09-22 00:00:00,95.84999999999994,96.70000000000002,94.60000000000008,95.39999999999992,45923,307587
2022-09-23 00:00:00,95.19999999999996,96.1,93.29999999999998,94.55000000000013,42598,304758
2022-09-26 00:00:00,93.6,96.3000000000001,91.20000000000005,93.64999999999995,63868,303408
2022-09-27 00:00:00,94.04999999999987,95.19999999999996,92.09999999999994,93.9,59996,301743
2022-09-28 00:00:00,93.25000000000003,94.20000000000002,92.04999999999998,93.04999999999993,57031,306743
2022-09-29 00:00:00,93.6,96.05000000000004,89.80000000000004,92.09999999999994,63913,309713
2022-09-30 00:00:00,92.04999999999998,94.60000000000008,89.49999999999989,91.69999999999987,54166,307432
2022-10-10 00:00:00,92.05000000000013,94.30000000000007,90.24999999999991,92.54999999999995,54063,301542
2022-10-11 00:00:00,92.75000000000006,94.39999999999998,91.00000000000009,92.84999999999997,44682,301903
2022-10-12 00:00:00,92.15000000000003,98.34999999999994,89.60000000000008,93.40000000000003,71705,298065
2022-10-13 00:00:00,93.49999999999994,95.0500000000001,92.35,93.9500000000001,45784,297293
2022-10-14 00:00:00,94.20000000000002,96.95000000000007,92.19999999999999,95.0500000000001,54389,300443
2022-10-17 00:00:00,94.85,95.90000000000003,93.85000000000005,95.0,37800,299772
2022-10-18 00:00:00,94.75000000000009,96.1,93.55000000000004,94.80000000000004,45011,303911
2022-10-19 00:00:00,94.60000000000008,96.1,93.44999999999999,94.69999999999999,40940,309195
2022-10-20 00:00:00,94.44999999999993,95.69999999999993,92.00000000000003,93.6999999999999,57578,306359
2022-10-21 00:00:00,93.99999999999991,95.35000000000011,92.35,93.70000000000005,43553,305444
2022-10-24 00:00:00,93.29999999999998,96.44999999999996,91.55000000000001,94.59999999999994,42051,305593
2022-10-25 00:00:00,94.69999999999999,96.35000000000005,92.25000000000009,93.99999999999991,54531,306604
2022-10-26 00:00:00,94.10000000000011,96.05000000000004,92.84999999999997,94.59999999999994,42888,309929
2022-10-27 00:00:00,95.0,96.3000000000001,93.94999999999996,95.2000000000001,44642,309165
2022-10-28 00:00:00,95.45000000000002,97.09999999999994,93.75,95.10000000000005,48518,310950
2022-10-31 00:00:00,95.70000000000007,97.60000000000005,94.54999999999998,95.84999999999994,52766,307232
2022-11-01 00:00:00,95.45000000000002,97.05000000000013,93.64999999999995,95.0,58979,302888
2022-11-02 00:00:00,94.89999999999995,96.90000000000012,92.95000000000002,94.95000000000005,49447,299246
2022-11-03 00:00:00,95.10000000000005,96.44999999999996,93.84999999999991,95.0,37399,295574
2022-11-04 00:00:00,94.89999999999995,96.29999999999995,92.19999999999999,94.54999999999998,59941,285073
2022-11-07 00:00:00,95.0,96.20000000000005,93.8000000000001,94.85,48348,278662
2022-11-08 00:00:00,95.0,97.35,93.50000000000009,95.75000000000003,55744,269973
2022-11-09 00:00:00,95.49999999999997,97.14999999999989,94.85,95.85000000000008,50358,259330
2022-11-10 00:00:00,95.94999999999999,97.5,94.50000000000003,95.70000000000007,43170,250788
2022-11-11 00:00:00,96.25,101.05000000000004,88.05000000000007,94.35000000000002,90692,246697
2022-11-14 00:00:00,93.10000000000002,95.79999999999998,90.04999999999995,92.19999999999999,79817,227417
2022-11-15 00:00:00,92.00000000000003,95.69999999999993,91.00000000000009,92.80000000000001,69392,204243
2022-11-16 00:00:00,93.55000000000004,99.05000000000001,87.69999999999996,93.44999999999999,73728,182255
2022-11-17 00:00:00,83.9,89.80000000000004,79.50000000000003,85.49999999999997,64775,173386
2022-11-18 00:00:00,90.70000000000007,93.84999999999991,86.25,89.75000000000009,83941,212231
2022-11-21 00:00:00,90.49999999999997,92.39999999999995,87.74999999999991,89.9499999999999,60916,219029
2022-11-22 00:00:00,89.9499999999999,91.80000000000007,87.65,89.54999999999998,59453,226624
2022-11-23 00:00:00,90.09999999999991,92.4499999999999,87.65,89.69999999999999,73241,226182
2022-11-24 00:00:00,90.30000000000001,91.85000000000002,88.6,89.95000000000005,71702,227697
2022-11-25 00:00:00,89.85,94.20000000000002,85.15,89.09999999999997,69071,239399
2022-11-28 00:00:00,89.35000000000002,93.19999999999993,84.89999999999995,88.20000000000007,65238,241609
2022-11-29 00:00:00,88.05000000000007,91.99999999999989,83.55000000000004,87.30000000000004,101005,259270
2022-11-30 00:00:00,87.99999999999997,90.24999999999991,84.74999999999994,87.5,65986,257025
2022-12-01 00:00:00,87.45000000000005,91.59999999999997,84.95000000000005,88.85000000000005,62076,247818
2022-12-02 00:00:00,89.39999999999998,90.99999999999994,87.00000000000003,88.79999999999995,52924,245617
2022-12-05 00:00:00,88.44999999999999,90.60000000000002,86.4,89.15000000000006,52119,247970
2022-12-06 00:00:00,88.49999999999994,91.14999999999995,85.69999999999993,88.5499999999999,60787,254567
2022-12-07 00:00:00,88.44999999999999,93.5499999999999,84.39999999999998,89.34999999999988,113117,254584
2022-12-08 00:00:00,89.85,92.65,87.5500000000001,90.35000000000011,63538,249407
2022-12-09 00:00:00,90.34999999999997,92.09999999999994,88.8000000000001,90.94999999999999,59525,247998
2022-12-12 00:00:00,91.4500000000001,93.6,88.6999999999999,91.1,49431,250506
2022-12-13 00:00:00,91.3000000000001,93.75,87.95000000000002,90.94999999999999,69709,252935
2022-12-14 00:00:00,91.44999999999996,95.0500000000001,88.10000000000002,91.84999999999988,78047,247882
2022-12-15 00:00:00,91.70000000000002,93.29999999999998,89.24999999999997,91.4,66422,247694
2022-12-16 00:00:00,91.1999999999999,93.50000000000009,89.14999999999992,91.60000000000011,49676,245051
2022-12-19 00:00:00,91.44999999999996,94.35000000000002,89.7999999999999,92.39999999999995,51999,240108
2022-12-20 00:00:00,91.85000000000002,94.50000000000003,89.95000000000005,91.74999999999997,45615,239538
2022-12-21 00:00:00,91.64999999999992,95.25000000000006,89.39999999999998,92.80000000000001,44770,241883
2022-12-22 00:00:00,92.5,93.9500000000001,91.25,92.4499999999999,34335,241677
2022-12-23 00:00:00,92.45000000000005,95.25000000000006,90.44999999999987,93.55000000000004,38829,243080
2022-12-26 00:00:00,93.20000000000007,95.15,90.15,92.54999999999995,40861,239450
2022-12-27 00:00:00,92.15000000000003,94.7999999999999,89.30000000000007,91.70000000000002,47605,242530
2022-12-28 00:00:00,91.80000000000007,92.89999999999992,90.39999999999992,91.59999999999997,32435,238870
2022-12-29 00:00:00,92.00000000000003,93.24999999999989,91.15000000000009,92.35,30666,240393
2022-12-30 00:00:00,92.04999999999998,94.09999999999997,90.79999999999998,92.54999999999995,37095,238284
2023-01-03 00:00:00,92.75000000000006,94.80000000000004,90.30000000000001,93.05000000000007,39423,237937
2023-01-04 00:00:00,93.40000000000003,94.65000000000003,91.64999999999992,93.6,43843,243504
2023-01-05 00:00:00,93.20000000000007,94.39999999999998,92.15000000000003,92.84999999999997,30936,243505
2023-01-06 00:00:00,92.85000000000011,94.24999999999997,91.1999999999999,92.89999999999992,50227,241521
2023-01-09 00:00:00,93.15000000000012,94.45000000000007,90.95000000000013,93.25000000000003,35705,245307
2023-01-10 00:00:00,93.9,94.85000000000014,90.55000000000007,92.24999999999994,49710,251079
2023-01-11 00:00:00,92.15000000000003,94.54999999999998,90.45000000000002,92.65,46845,250785
2023-01-12 00:00:00,92.35,93.6,91.05000000000004,92.19999999999999,45317,249192
2023-01-13 00:00:00,92.45000000000005,93.34999999999994,90.45000000000002,91.25,50355,251113
2023-01-16 00:00:00,91.50000000000006,93.35000000000008,88.64999999999995,90.94999999999999,67221,254039
2023-01-17 00:00:00,91.34999999999991,92.2999999999999,89.74999999999994,90.84999999999994,46810,254618
2023-01-18 00:00:00,91.64999999999992,92.90000000000006,89.00000000000006,90.69999999999993,46950,257544
2023-01-19 00:00:00,91.4,92.7000000000001,89.09999999999997,91.14999999999995,46397,259672
2023-01-20 00:00:00,91.25,92.60000000000005,88.9500000000001,90.54999999999993,28767,263635
2023-01-30 00:00:00,90.80000000000013,94.65000000000003,87.5,91.80000000000007,55433,259325
2023-01-31 00:00:00,91.74999999999997,94.20000000000002,89.80000000000004,92.45000000000005,63505,247005
2023-02-01 00:00:00,92.39999999999995,93.50000000000009,90.99999999999994,91.85000000000002,44189,241811
2023-02-02 00:00:00,91.80000000000007,94.14999999999992,90.70000000000007,92.7000000000001,43735,237017
2023-02-03 00:00:00,92.95000000000002,93.94999999999996,91.80000000000007,92.85000000000011,54256,229220
2023-02-06 00:00:00,93.10000000000002,94.20000000000002,91.44999999999996,92.90000000000006,49220,223364
2023-02-07 00:00:00,92.69999999999996,95.35000000000011,91.15000000000009,93.8000000000001,54958,222932
2023-02-08 00:00:00,93.5499999999999,94.44999999999993,92.60000000000005,93.50000000000009,46317,216007
2023-02-09 00:00:00,93.6,95.54999999999993,91.94999999999993,93.75,51949,212010
2023-02-10 00:00:00,93.8000000000001,95.0,92.30000000000004,93.79999999999995,45601,200156
2023-02-13 00:00:00,93.85000000000005,95.10000000000005,92.5,93.94999999999996,46878,193070
2023-02-14 00:00:00,93.85000000000005,95.64999999999998,92.4499999999999,94.05000000000001,52822,183074
2023-02-15 00:00:00,94.05000000000001,95.04999999999995,92.60000000000005,93.94999999999996,50508,172723
2023-02-16 00:00:00,93.85000000000005,97.54999999999995,91.25,94.69999999999999,52921,158668
2023-02-17 00:00:00,94.49999999999989,95.45000000000002,93.40000000000003,94.69999999999999,52464,137445
2023-02-20 00:00:00,94.30000000000007,97.15000000000003,91.70000000000002,93.8000000000001,55787,119630
2023-02-21 00:00:00,84.50000000000003,85.99999999999994,82.59999999999991,84.80000000000004,32461,159681
2023-02-22 00:00:00,90.94999999999999,91.74999999999997,89.74999999999994,91.14999999999995,48727,207691
2023-02-23 00:00:00,90.85000000000008,92.45000000000005,89.69999999999999,91.20000000000005,45542,216219
2023-02-24 00:00:00,91.29999999999995,92.99999999999997,90.19999999999996,91.95000000000007,41389,221925
2023-02-27 00:00:00,92.04999999999998,93.35000000000008,90.90000000000003,92.19999999999999,37566,224337
2023-02-28 00:00:00,92.39999999999995,94.35000000000002,90.0500000000001,92.35,60072,235449
2023-03-01 00:00:00,92.5,93.55000000000004,90.94999999999999,92.65,50074,240810
2023-03-02 00:00:00,93.00000000000011,94.20000000000002,90.45000000000002,92.00000000000003,44758,245331
2023-03-03 00:00:00,91.74999999999997,93.64999999999995,90.04999999999995,92.15000000000003,49845,247831
2023-03-06 00:00:00,92.5,93.85000000000005,91.55000000000001,92.69999999999996,52277,255872
2023-03-07 00:00:00,92.5,94.59999999999994,91.15000000000009,93.25000000000003,51768,261625
2023-03-08 00:00:00,92.99999999999997,94.24999999999997,92.35,93.34999999999994,38077,263551
2023-03-09 00:00:00,93.19999999999993,94.89999999999995,92.25000000000009,93.64999999999995,47946,267720
2023-03-10 00:00:00,93.6999999999999,94.75000000000009,92.84999999999997,94.30000000000007,43777,269017
2023-03-13 00:00:00,94.40000000000012,95.60000000000002,92.2999999999999,93.75,47407,269048
2023-03-14 00:00:00,93.6,95.34999999999997,93.05000000000007,94.39999999999998,49739,273561
2023-03-15 00:00:00,94.24999999999997,95.19999999999996,92.84999999999997,94.24999999999997,47305,273112
2023-03-16 00:00:00,94.39999999999998,96.20000000000005,92.75000000000006,94.85,53089,278536
2023-03-17 00:00:00,94.60000000000008,96.14999999999995,93.40000000000003,94.39999999999998,50973,281897
2023-03-20 00:00:00,93.70000000000005,95.45000000000002,92.60000000000005,94.14999999999992,61341,280888
2023-03-21 00:00:00,93.94999999999996,95.15,92.39999999999995,93.5499999999999,61705,282757
2023-03-22 00:00:00,93.79999999999995,94.60000000000008,92.5,93.79999999999995,54391,287059
2023-03-23 00:00:00,93.8000000000001,94.65000000000003,92.39999999999995,93.29999999999998,48179,287652
2023-03-24 00:00:00,93.44999999999999,94.74999999999994,91.4,93.20000000000007,58564,287619
2023-03-27 00:00:00,93.35000000000008,95.0,92.15000000000003,93.94999999999996,49466,289379
2023-03-28 00:00:00,93.64999999999995,94.7999999999999,93.14999999999998,94.14999999999992,36165,291137
2023-03-29 00:00:00,93.8000000000001,95.0500000000001,93.20000000000007,94.39999999999998,39692,293409
2023-03-30 00:00:00,94.24999999999997,96.20000000000005,92.04999999999998,93.85000000000005,54814,292528
2023-03-31 00:00:00,93.75,95.30000000000001,92.35,93.94999999999996,53993,288850
2023-04-03 00:00:00,93.64999999999995,95.44999999999987,91.85000000000002,93.55000000000004,58765,279959
2023-04-04 00:00:00,93.6,94.54999999999998,92.80000000000001,93.75,35971,280256
2023-04-06 00:00:00,93.8000000000001,95.2000000000001,92.59999999999991,93.99999999999991,47899,281236
2023-04-07 00:00:00,93.9,97.2999999999999,91.35000000000005,94.69999999999999,54862,286609
2023-04-10 00:00:00,94.50000000000003,95.84999999999994,93.64999999999995,95.0,40020,287591
2023-04-11 00:00:00,95.30000000000001,96.70000000000002,94.35000000000002,95.94999999999999,50138,295017
2023-04-12 00:00:00,95.99999999999994,96.99999999999989,95.24999999999991,96.14999999999995,35764,291626
2023-04-13 00:00:00,95.94999999999999,96.99999999999989,94.85,96.1,40999,289862
2023-04-14 00:00:00,95.94999999999999,97.30000000000004,94.40000000000012,95.94999999999999,51382,293448
2023-04-17 00:00:00,95.55000000000007,96.35000000000005,94.45000000000007,95.25000000000006,52947,289721
2023-04-18 00:00:00,94.95000000000005,96.89999999999998,93.79999999999995,95.49999999999997,45805,288991
2023-04-19 00:00:00,95.55000000000007,96.25,94.90000000000009,95.49999999999997,41187,287771
2023-04-20 00:00:00,95.49999999999997,96.4,94.44999999999993,95.60000000000002,38415,287239
2023-04-21 00:00:00,95.85000000000008,97.95000000000002,94.20000000000002,96.50000000000006,58414,294972
2023-04-24 00:00:00,96.3000000000001,97.5,95.95000000000013,96.74999999999997,45343,292251
2023-04-25 00:00:00,96.70000000000002,97.5,96.00000000000009,96.74999999999997,47944,291304
2023-04-26 00:00:00,96.85000000000002,98.29999999999998,95.39999999999992,97.15000000000003,50023,287742
2023-04-27 00:00:00,97.54999999999995,98.89999999999986,96.34999999999991,97.99999999999997,58901,279834
2023-04-28 00:00:00,97.65,98.34999999999994,96.80000000000007,97.84999999999997,37054,272226
2023-05-04 00:00:00,98.55000000000004,99.34999999999988,97.39999999999995,98.55000000000004,40219,262263
2023-05-05 00:00:00,98.65000000000009,101.25,96.64999999999992,99.30000000000007,49257,258622
2023-05-08 00:00:00,98.9,99.80000000000004,97.15000000000003,98.35000000000008,50992,238497
2023-05-09 00:00:00,98.49999999999994,99.65000000000003,98.05000000000007,98.75,50583,230502
2023-05-10 00:00:00,99.20000000000002,100.70000000000007,97.60000000000005,98.9,55860,220085
2023-05-11 00:00:00,99.74999999999994,100.90000000000003,97.69999999999996,99.04999999999987,42202,204490
2023-05-12 00:00:00,98.75,99.39999999999998,97.60000000000005,98.6999999999999,53170,190538
2023-05-15 00:00:00,98.8000000000001,100.19999999999996,97.09999999999994,98.65000000000009,52509,173733
2023-05-16 00:00:00,98.6,99.74999999999994,97.65,98.9,44191,157374
2023-05-17 00:00:00,99.30000000000007,100.04999999999995,97.30000000000004,98.44999999999999,30292,144525
2023-05-18 00:00:00,98.44999999999999,99.54999999999998,97.04999999999998,98.29999999999998,26104,130668
2023-05-19 00:00:00,96.49999999999991,97.74999999999991,95.34999999999997,96.65000000000006,56385,214545
2023-05-22 00:00:00,96.25,98.04999999999993,94.69999999999999,96.1,62770,228642
2023-05-23 00:00:00,96.20000000000005,98.20000000000007,94.65000000000003,96.55000000000001,54673,240950
2023-05-24 00:00:00,96.25,97.95000000000002,95.84999999999994,96.85000000000002,50354,242137
2023-05-25 00:00:00,96.70000000000002,97.54999999999995,95.55000000000007,96.50000000000006,51190,244174
2023-05-26 00:00:00,96.25,97.75000000000006,94.50000000000003,95.90000000000003,42801,244171
2023-05-29 00:00:00,95.64999999999998,98.04999999999993,93.9,96.14999999999995,43777,251847
2023-05-30 00:00:00,96.44999999999996,97.39999999999995,94.85,96.00000000000009,47195,260188
2023-05-31 00:00:00,96.1,97.4499999999999,94.90000000000009,95.99999999999994,43736,263144
2023-06-01 00:00:00,95.90000000000003,97.74999999999991,94.95000000000005,96.60000000000011,48413,272046
2023-06-02 00:00:00,96.34999999999991,99.95000000000005,92.24999999999994,96.14999999999995,64393,275197
2023-06-05 00:00:00,96.25,97.54999999999995,94.80000000000004,96.70000000000002,45854,278713
2023-06-06 00:00:00,96.65000000000006,98.29999999999998,95.49999999999997,97.25000000000009,43123,282536
2023-06-07 00:00:00,97.15000000000003,98.44999999999999,96.1,97.69999999999996,42355,286273
2023-06-08 00:00:00,97.39999999999995,98.85000000000005,96.44999999999996,97.69999999999996,53199,285450
2023-06-09 00:00:00,97.85000000000011,101.05000000000004,95.24999999999991,98.6,52938,299982
2023-06-12 00:00:00,98.70000000000005,100.10000000000005,97.15000000000003,98.75,47800,300871
2023-06-13 00:00:00,99.7999999999999,101.25,97.19999999999999,99.35000000000002,57998,314719
2023-06-14 00:00:00,99.54999999999998,101.49999999999991,97.60000000000005,99.69999999999999,45789,314910
2023-06-15 00:00:00,98.79999999999995,101.1999999999999,96.25,98.40000000000003,70594,310445
2023-06-16 00:00:00,98.40000000000003,101.20000000000005,94.59999999999994,97.74999999999991,75950,304815
2023-06-19 00:00:00,97.74999999999991,99.85,95.39999999999992,97.5,67528,303101
2023-06-20 00:00:00,97.95000000000002,99.20000000000002,96.49999999999991,97.60000000000005,53309,298630
2023-06-21 00:00:00,98.14999999999998,99.15000000000006,96.79999999999993,97.69999999999996,44716,295457
2023-06-26 00:00:00,98.19999999999993,99.05000000000001,97.25000000000009,97.89999999999992,39231,295525
2023-06-27 00:00:00,97.80000000000001,98.94999999999996,96.25,97.65,43994,294208
2023-06-28 00:00:00,97.99999999999997,98.75,96.89999999999998,97.99999999999997,37163,295854
2023-06-29 00:00:00,97.69999999999996,99.65000000000003,95.99999999999994,97.69999999999996,49983,299332
2023-06-30 00:00:00,97.69999999999996,99.39999999999998,95.99999999999994,98.09999999999988,46536,297166
2023-07-03 00:00:00,97.84999999999997,98.94999999999996,96.70000000000002,97.80000000000001,37407,295385
2023-07-04 00:00:00,97.90000000000006,101.4,93.14999999999998,97.10000000000008,53684,302513
2023-07-05 00:00:00,96.94999999999993,98.44999999999999,96.29999999999995,97.65,35124,304231
2023-07-06 00:00:00,97.89999999999992,98.65000000000009,96.29999999999995,97.19999999999999,41203,307611
2023-07-07 00:00:00,97.45000000000005,98.49999999999994,96.44999999999996,97.65,43161,306782
2023-07-10 00:00:00,97.75000000000006,99.69999999999999,96.20000000000005,97.94999999999987,39505,307428
2023-07-11 00:00:00,98.44999999999999,99.49999999999989,97.54999999999995,98.55000000000004,40283,314801
2023-07-12 00:00:00,98.29999999999998,99.65000000000003,97.69999999999996,98.79999999999995,47628,311671
2023-07-13 00:00:00,98.8000000000001,100.04999999999995,97.94999999999987,98.85000000000005,42579,312879
2023-07-14 00:00:00,98.79999999999995,101.1999999999999,96.29999999999995,98.70000000000005,73458,314015
2023-07-17 00:00:00,98.55000000000004,100.75000000000003,96.85000000000002,99.09999999999997,51339,324806
2023-07-18 00:00:00,99.15000000000006,100.55000000000007,98.35000000000008,99.44999999999993,43240,325571
2023-07-19 00:00:00,99.74999999999994,100.30000000000001,98.25000000000003,99.09999999999997,28653,327158
2023-07-20 00:00:00,99.00000000000006,100.45000000000002,98.10000000000002,99.69999999999999,33670,329581
2023-07-21 00:00:00,99.85000000000014,100.95000000000013,98.75,99.85,39483,333776
2023-07-24 00:00:00,100.25000000000006,100.95000000000013,98.9,100.15,29537,333340
2023-07-25 00:00:00,97.80000000000001,100.60000000000002,95.99999999999994,98.39999999999989,72449,323868
2023-07-26 00:00:00,98.9,100.84999999999994,96.74999999999997,99.09999999999997,56295,321271
2023-07-27 00:00:00,99.59999999999994,100.94999999999999,97.74999999999991,99.20000000000002,55500,320265
2023-07-28 00:00:00,99.05000000000001,100.94999999999999,97.19999999999999,98.94999999999996,55410,313571
2023-07-31 00:00:00,98.40000000000003,100.04999999999995,97.04999999999998,98.6999999999999,42006,307842
2023-08-01 00:00:00,98.9,100.2000000000001,97.5,98.65000000000009,46222,306079
2023-08-02 00:00:00,98.8000000000001,99.69999999999999,98.30000000000013,99.09999999999997,39245,299223
2023-08-03 00:00:00,98.9500000000001,100.04999999999995,98.19999999999993,99.09999999999997,44643,296569
2023-08-04 00:00:00,98.75,101.55000000000001,96.14999999999995,99.39999999999998,54019,291803
2023-08-07 00:00:00,99.20000000000002,100.29999999999987,98.85000000000005,99.85,34748,282775
2023-08-08 00:00:00,100.19999999999996,100.79999999999998,99.09999999999997,100.24999999999991,40664,271154
2023-08-09 00:00:00,100.40000000000006,100.75000000000003,99.39999999999998,100.15,35690,266473
2023-08-10 00:00:00,100.19999999999996,100.75000000000003,99.24999999999997,99.89999999999995,34139,260865
2023-08-11 00:00:00,100.35000000000011,100.84999999999994,99.29999999999993,100.15,38986,259547
2023-08-14 00:00:00,100.69999999999993,101.64999999999992,99.44999999999993,100.45000000000002,61738,246043
2023-08-15 00:00:00,100.99999999999994,103.50000000000009,98.89999999999986,101.1,72464,224545
2023-08-16 00:00:00,101.99999999999989,102.45000000000005,100.55000000000007,101.64999999999992,52607,206499
2023-08-17 00:00:00,101.74999999999997,102.89999999999992,99.9499999999999,101.4,40203,190652
2023-08-18 00:00:00,102.15000000000003,102.65,100.74999999999989,101.94999999999993,35143,176763
2023-08-21 00:00:00,101.99999999999989,105.24999999999991,100.84999999999994,103.65000000000009,44040,152406
2023-08-22 00:00:00,99.85,101.64999999999992,99.05000000000001,100.45000000000002,38985,211234
2023-08-23 00:00:00,101.75000000000011,102.74999999999991,100.75000000000003,101.90000000000012,44961,255837
2023-08-24 00:00:00,101.85000000000002,102.54999999999995,100.85000000000008,101.75000000000011,48668,264879
2023-08-25 00:00:00,101.80000000000007,103.75,99.60000000000008,101.44999999999996,48308,266630
2023-08-28 00:00:00,100.30000000000001,103.44999999999999,98.25000000000003,101.0499999999999,52970,269293
2023-08-29 00:00:00,100.64999999999998,103.40000000000003,98.49999999999994,100.90000000000003,52139,268320
2023-08-30 00:00:00,100.94999999999999,103.10000000000002,98.75,100.70000000000007,50429,275566
2023-08-31 00:00:00,100.49999999999997,101.85000000000002,99.80000000000004,100.70000000000007,39615,275064
2023-09-01 00:00:00,100.45000000000002,102.75000000000006,97.74999999999991,100.15,61059,278003
2023-09-04 00:00:00,100.09999999999991,100.75000000000003,97.84999999999997,99.24999999999997,58873,280200
2023-09-05 00:00:00,99.59999999999994,100.45000000000002,97.95000000000002,98.9,48755,285871
2023-09-06 00:00:00,99.20000000000002,101.44999999999996,96.4,98.50000000000009,70907,291520
2023-09-07 00:00:00,98.70000000000005,100.50000000000011,96.55000000000001,98.29999999999998,65446,298152
2023-09-08 00:00:00,98.64999999999995,100.75000000000003,96.35000000000005,98.55000000000004,58924,300339
2023-09-11 00:00:00,98.44999999999999,101.05000000000004,96.75000000000011,99.45000000000007,56843,296907
2023-09-12 00:00:00,99.39999999999998,100.94999999999999,98.00000000000011,99.35000000000002,47839,288103
2023-09-13 00:00:00,99.29999999999993,100.84999999999994,97.95000000000002,99.60000000000008,54967,282497
2023-09-14 00:00:00,99.60000000000008,101.79999999999993,97.80000000000001,99.85,49031,285982
2023-09-15 00:00:00,99.54999999999998,101.4500000000001,97.20000000000013,98.9,65984,287831
2023-09-18 00:00:00,98.99999999999991,100.39999999999992,97.14999999999989,99.04999999999987,64749,293354
2023-09-19 00:00:00,99.09999999999997,100.15,98.29999999999998,99.14999999999992,58729,292352
2023-09-20 00:00:00,99.00000000000006,100.39999999999992,97.74999999999991,98.85000000000005,52406,296277
2023-09-21 00:00:00,98.64999999999995,100.75000000000003,97.35,99.30000000000007,55357,299371
2023-09-22 00:00:00,99.20000000000002,101.1,96.59999999999997,98.29999999999998,60591,299743
2023-09-25 00:00:00,98.29999999999998,100.64999999999998,95.84999999999994,98.25000000000003,54490,301772
2023-09-26 00:00:00,98.19999999999993,99.65000000000003,96.59999999999997,98.44999999999999,45618,300058
2023-09-27 00:00:00,98.34999999999994,99.50000000000003,97.00000000000003,98.20000000000007,48485,297568
2023-09-28 00:00:00,97.95000000000002,100.19999999999996,96.74999999999997,98.75,56757,294398
2023-10-09 00:00:00,99.30000000000007,100.30000000000001,97.75000000000006,99.09999999999997,47911,291481
2023-10-10 00:00:00,98.99999999999991,99.95000000000005,98.15000000000012,99.09999999999997,63181,290803
2023-10-11 00:00:00,99.05000000000001,100.79999999999998,97.25000000000009,98.99999999999991,77912,300082
2023-10-12 00:00:00,98.65000000000009,100.84999999999994,96.65000000000006,98.84999999999991,64711,299860
2023-10-13 00:00:00,98.99999999999991,100.34999999999997,97.74999999999991,98.9,67605,294457
2023-10-16 00:00:00,99.30000000000007,100.55000000000007,97.5500000000001,99.44999999999993,49512,291610
2023-10-17 00:00:00,99.49999999999989,100.59999999999988,97.95000000000002,99.24999999999997,52894,292799
2023-10-18 00:00:00,99.35000000000002,100.54999999999993,97.89999999999992,99.20000000000002,51134,294373
2023-10-19 00:00:00,99.05000000000001,101.20000000000005,96.25,97.99999999999997,71468,302074
2023-10-20 00:00:00,98.9500000000001,101.55000000000001,95.60000000000002,98.9,76522,298533
2023-10-23 00:00:00,99.00000000000006,99.95000000000005,97.90000000000006,98.65000000000009,66975,289922
2023-10-24 00:00:00,98.29999999999998,100.19999999999996,96.64999999999992,98.50000000000009,65505,287481
2023-10-25 00:00:00,98.40000000000003,101.94999999999993,94.39999999999998,98.6,101919,280861
2023-10-26 00:00:00,98.6,99.95000000000005,97.4499999999999,98.55000000000004,54114,280963
2023-10-27 00:00:00,98.50000000000009,100.15,97.25000000000009,98.94999999999996,51090,277283
2023-10-30 00:00:00,98.94999999999996,99.85,97.84999999999997,98.9,49667,272282
2023-10-31 00:00:00,99.05000000000001,100.79999999999998,97.69999999999996,99.65000000000003,55442,276419
2023-11-01 00:00:00,99.65000000000003,101.25,98.65000000000009,100.0,54682,270548
2023-11-02 00:00:00,100.30000000000001,101.4,99.09999999999997,100.49999999999997,43686,268437
2023-11-03 00:00:00,100.10000000000005,101.14999999999995,99.09999999999997,100.40000000000006,39902,264159
2023-11-06 00:00:00,100.79999999999998,101.65000000000006,99.30000000000007,100.49999999999997,50283,264359
2023-11-07 00:00:00,100.75000000000003,101.95000000000007,99.24999999999997,100.85000000000008,37646,263774
2023-11-08 00:00:00,100.60000000000002,103.25000000000003,98.49999999999994,100.94999999999999,55474,262674
2023-11-09 00:00:00,100.79999999999998,101.70000000000002,100.10000000000005,100.84999999999994,41286,256267
2023-11-10 00:00:00,100.94999999999999,102.2999999999999,99.64999999999989,101.25,39848,252269
2023-11-13 00:00:00,100.99999999999994,101.89999999999998,99.69999999999999,100.84999999999994,48608,245864
2023-11-14 00:00:00,100.74999999999989,102.5,98.70000000000005,100.44999999999987,58486,230030
2023-11-15 00:00:00,99.9499999999999,101.85000000000002,98.6,100.55000000000007,56186,213326
2023-11-16 00:00:00,100.60000000000002,101.89999999999998,99.35000000000002,100.70000000000007,54223,203542
2023-11-17 00:00:00,100.75000000000003,102.00000000000003,99.90000000000009,100.75000000000003,48942,183761
2023-11-20 00:00:00,100.80000000000013,102.65,99.69999999999999,101.79999999999993,63597,163731
2023-11-21 00:00:00,101.74999999999997,103.29999999999998,100.54999999999993,101.84999999999988,42881,143988
2023-11-22 00:00:00,101.00000000000009,102.7000000000001,99.60000000000008,100.79999999999998,31379,183286
2023-11-23 00:00:00,100.25000000000006,101.44999999999996,98.44999999999999,99.44999999999993,72634,218206
2023-11-24 00:00:00,99.60000000000008,101.29999999999995,98.29999999999998,99.9499999999999,59071,224869
2023-11-27 00:00:00,99.65000000000003,101.14999999999995,98.34999999999994,99.54999999999998,59136,228171
2023-11-28 00:00:00,100.04999999999995,101.4,98.9,100.49999999999997,50574,232302
2023-11-29 00:00:00,100.34999999999997,102.24999999999994,98.94999999999996,100.54999999999993,56769,236730
2023-11-30 00:00:00,100.90000000000003,101.89999999999998,99.75000000000009,100.85000000000008,52177,242294
2023-12-01 00:00:00,100.50000000000011,101.85000000000002,99.95000000000005,101.20000000000005,44413,248867
2023-12-04 00:00:00,101.0499999999999,102.85000000000011,99.54999999999998,101.49999999999991,44133,248321
2023-12-05 00:00:00,101.4,103.10000000000002,100.10000000000005,101.80000000000007,51330,255273
2023-12-06 00:00:00,101.85000000000002,103.10000000000002,101.05000000000004,102.24999999999994,49978,258451
2023-12-07 00:00:00,102.5,103.75,99.54999999999998,101.89999999999998,69682,264153
2023-12-08 00:00:00,101.4,102.54999999999995,100.94999999999999,101.90000000000012,49861,269720
2023-12-11 00:00:00,102.45000000000005,103.40000000000003,101.35000000000005,102.60000000000005,52264,278255
2023-12-12 00:00:00,102.54999999999995,103.34999999999994,101.44999999999996,102.40000000000009,38344,281002
2023-12-13 00:00:00,102.39999999999995,104.45000000000007,101.1,102.89999999999992,57910,293508
2023-12-14 00:00:00,102.7000000000001,104.30000000000007,100.10000000000005,101.65000000000006,72798,291061
2023-12-15 00:00:00,101.64999999999992,103.5499999999999,100.24999999999991,102.24999999999994,53896,296367
2023-12-18 00:00:00,102.60000000000005,103.79999999999995,100.89999999999989,101.99999999999989,50905,292872
2023-12-19 00:00:00,102.19999999999999,103.55000000000004,100.99999999999994,102.5,46580,298543
2023-12-20 00:00:00,102.19999999999999,103.70000000000005,101.4,102.60000000000005,47589,297865
2023-12-21 00:00:00,102.59999999999991,105.35000000000011,100.19999999999996,102.5,63698,304401
2023-12-22 00:00:00,103.09999999999988,104.25000000000011,101.59999999999997,102.75000000000006,61235,306817
2023-12-25 00:00:00,102.60000000000005,105.0500000000001,100.69999999999993,103.14999999999998,53003,305838
2023-12-26 00:00:00,102.90000000000006,104.60000000000008,101.25,102.99999999999997,54282,304662
2023-12-27 00:00:00,103.25000000000003,104.74999999999994,101.25,103.49999999999994,47048,305379
2023-12-28 00:00:00,103.5499999999999,106.25,100.54999999999993,102.90000000000006,57894,304194
2023-12-29 00:00:00,103.05000000000007,104.10000000000011,101.70000000000002,103.10000000000002,40963,303211
2024-01-02 00:00:00,103.50000000000009,105.19999999999996,101.20000000000005,103.04999999999993,47224,301913
2024-01-03 00:00:00,102.99999999999997,105.19999999999996,101.29999999999995,103.19999999999993,63045,299750
2024-01-04 00:00:00,103.40000000000003,104.24999999999997,102.65,103.49999999999994,45827,299714
2024-01-05 00:00:00,104.05000000000001,105.79999999999998,102.2999999999999,104.05000000000001,54033,306917
2024-01-08 00:00:00,104.20000000000002,105.49999999999997,103.14999999999998,104.39999999999998,43957,301217
2024-01-09 00:00:00,104.54999999999998,106.1,103.6,105.2000000000001,56956,305756
2024-01-10 00:00:00,104.85000000000014,105.94999999999999,103.84999999999991,104.80000000000004,48236,301331
2024-01-11 00:00:00,104.54999999999998,106.44999999999996,102.40000000000009,103.9,71468,305677
2024-01-12 00:00:00,103.55000000000004,105.34999999999997,101.89999999999998,103.34999999999994,73603,291490
2024-01-15 00:00:00,102.90000000000006,105.30000000000001,101.25,104.09999999999997,57015,286985
2024-01-16 00:00:00,104.14999999999992,105.19999999999996,103.34999999999994,104.24999999999997,52661,282897
2024-01-17 00:00:00,104.35000000000002,105.79999999999998,103.10000000000002,104.80000000000004,50642,285530
2024-01-18 00:00:00,105.0,105.75000000000003,102.74999999999991,104.15000000000006,42122,282612
2024-01-19 00:00:00,104.35000000000002,105.34999999999997,102.90000000000006,104.35000000000002,44363,290308
2024-01-22 00:00:00,104.14999999999992,106.79999999999993,102.69999999999996,105.25000000000006,46473,296200
2024-01-23 00:00:00,105.0,106.3000000000001,103.70000000000005,104.9499999999999,48066,289422
2024-01-24 00:00:00,104.75000000000009,106.05000000000004,103.79999999999995,105.0,44244,291002
2024-01-25 00:00:00,103.39999999999989,105.79999999999998,101.64999999999992,104.25000000000011,79590,298483
2024-01-26 00:00:00,103.99999999999991,105.15,102.95000000000002,103.94999999999996,41780,285327
2024-01-29 00:00:00,103.85000000000005,105.85000000000008,102.60000000000005,104.54999999999998,38712,286381
2024-01-30 00:00:00,104.64999999999989,106.4,103.6,105.30000000000001,43031,286924
2024-01-31 00:00:00,106.14999999999995,108.10000000000002,103.84999999999991,106.54999999999987,52222,277956
2024-02-01 00:00:00,106.34999999999991,107.54999999999995,105.2000000000001,106.50000000000006,39644,265950
2024-02-02 00:00:00,106.55000000000001,107.75000000000006,106.00000000000009,106.75000000000011,35678,255863
2024-02-05 00:00:00,107.65,109.39999999999998,105.60000000000002,107.65,37075,231750
2024-02-06 00:00:00,107.59999999999991,109.64999999999989,104.30000000000007,106.25,51483,208666
2024-02-07 00:00:00,106.14999999999995,108.94999999999996,104.69999999999999,107.24999999999994,36552,192889
2024-02-08 00:00:00,106.89999999999998,109.39999999999998,104.49999999999989,106.55000000000001,28304,178656
2024-02-19 00:00:00,106.89999999999998,109.34999999999988,105.34999999999997,107.5500000000001,34598,164443
2024-02-20 00:00:00,107.90000000000006,109.15000000000006,105.75000000000003,107.7000000000001,42355,136106
2024-02-21 00:00:00,108.9,110.34999999999997,107.04999999999998,109.35000000000002,31154,175920
2024-02-22 00:00:00,106.49999999999991,108.55000000000004,104.89999999999995,106.80000000000007,55808,242012
2024-02-23 00:00:00,106.85000000000002,109.24999999999997,105.39999999999992,107.39999999999995,49329,257795
2024-02-26 00:00:00,107.35,109.25000000000011,105.79999999999998,107.84999999999997,43567,269577
2024-02-27 00:00:00,108.29999999999998,110.65000000000012,106.14999999999995,108.19999999999993,51608,267010
2024-02-28 00:00:00,108.50000000000009,110.40000000000006,106.85000000000002,109.15000000000006,36504,271253
2024-02-29 00:00:00,109.09999999999997,110.30000000000001,107.54999999999995,109.50000000000003,38680,275645
2024-03-01 00:00:00,109.29999999999993,111.84999999999988,104.74999999999994,107.90000000000006,53717,269887
2024-03-04 00:00:00,108.44999999999999,110.30000000000001,107.24999999999994,108.85000000000005,45906,271608
2024-03-05 00:00:00,109.20000000000002,110.70000000000007,107.54999999999995,109.64999999999989,45727,277954
2024-03-06 00:00:00,110.0,112.5500000000001,108.79999999999995,110.44999999999987,42308,284755
2024-03-07 00:00:00,111.3000000000001,115.0,107.00000000000003,110.90000000000003,65489,282472
2024-03-08 00:00:00,111.1,113.04999999999993,108.65000000000009,110.70000000000007,48977,279442
2024-03-11 00:00:00,110.85000000000008,113.14999999999998,108.19999999999993,110.45000000000002,56910,279616
2024-03-12 00:00:00,109.59999999999994,111.94999999999993,107.95000000000002,109.70000000000013,69679,283493
2024-03-13 00:00:00,109.69999999999999,112.39999999999995,106.25,110.0,83963,281861
2024-03-14 00:00:00,109.69999999999999,110.90000000000003,107.65,109.09999999999997,61148,283339
2024-03-15 00:00:00,109.19999999999987,111.3000000000001,107.5,109.85,54698,287214
2024-03-18 00:00:00,108.79999999999995,111.99999999999989,107.10000000000008,109.65000000000003,51620,285927
2024-03-19 00:00:00,109.90000000000009,112.04999999999998,108.35000000000008,110.79999999999998,49875,287558
2024-03-20 00:00:00,110.54999999999993,111.35000000000005,109.00000000000006,110.0,45338,288735
2024-03-21 00:00:00,110.19999999999996,112.09999999999994,107.69999999999996,109.85,76358,301094
2024-03-22 00:00:00,109.60000000000008,112.65,106.49999999999991,109.24999999999997,69251,299494
2024-03-25 00:00:00,109.29999999999993,110.85000000000008,106.89999999999998,108.85000000000005,65078,296051
2024-03-26 00:00:00,108.64999999999995,109.85,107.5,108.20000000000007,55616,298069
2024-03-27 00:00:00,108.50000000000009,110.49999999999997,106.29999999999995,108.49999999999994,59136,306904
2024-03-28 00:00:00,108.20000000000007,110.10000000000005,107.5,108.6,44429,304764
2024-03-29 00:00:00,108.50000000000009,111.70000000000002,105.75000000000003,109.05000000000001,59415,313902
2024-04-01 00:00:00,107.95000000000002,109.95000000000005,106.05000000000004,108.04999999999993,57080,307377
2024-04-02 00:00:00,108.49999999999994,109.35000000000002,107.25000000000009,108.6,46640,305169
2024-04-03 00:00:00,108.9,110.45000000000002,107.84999999999997,109.05000000000001,53856,316550
2024-04-08 00:00:00,108.94999999999996,110.85000000000008,107.19999999999999,109.09999999999997,53057,322510
2024-04-09 00:00:00,109.30000000000007,110.79999999999998,107.80000000000001,109.44999999999993,47693,329803
2024-04-10 00:00:00,108.6,110.29999999999987,107.09999999999994,108.44999999999999,56494,333047
2024-04-11 00:00:00,108.29999999999998,109.7999999999999,107.04999999999998,108.55000000000004,64784,334630
2024-04-12 00:00:00,109.20000000000002,111.55000000000001,108.44999999999999,109.85,68680,335892
2024-04-15 00:00:00,110.04999999999995,112.80000000000001,108.9,110.65000000000012,63487,333597
2024-04-16 00:00:00,111.3000000000001,111.89999999999998,109.74999999999994,110.89999999999989,55263,333280
2024-04-17 00:00:00,111.4,112.04999999999998,109.74999999999994,111.00000000000009,45667,333660
2024-04-18 00:00:00,111.00000000000009,113.04999999999993,108.79999999999995,110.79999999999998,65004,344187
2024-04-19 00:00:00,110.69999999999993,111.90000000000012,109.9499999999999,110.79999999999998,50043,337090
2024-04-22 00:00:00,111.20000000000005,112.7000000000001,110.45000000000002,111.49999999999991,47659,337553
2024-04-23 00:00:00,111.85000000000002,113.75,110.74999999999989,112.35,52467,343062
2024-04-24 00:00:00,111.55000000000001,112.65,109.24999999999997,110.49999999999997,65835,326099
2024-04-25 00:00:00,110.75000000000003,111.79999999999993,108.99999999999991,110.19999999999996,65016,324733
2024-04-26 00:00:00,110.45000000000002,113.9,106.4500000000001,109.85,84327,318766
2024-04-29 00:00:00,109.00000000000006,111.4,105.60000000000002,108.79999999999995,99791,307855
2024-04-30 00:00:00,109.39999999999998,111.25,107.2999999999999,109.44999999999993,57154,301982
2024-05-06 00:00:00,109.44999999999993,111.25,106.50000000000006,108.79999999999995,59489,289756
2024-05-07 00:00:00,109.35000000000002,110.94999999999999,108.14999999999998,109.80000000000004,67884,279103
2024-05-08 00:00:00,109.65000000000003,111.59999999999997,109.05000000000001,110.60000000000002,52866,269497
2024-05-09 00:00:00,110.60000000000002,111.90000000000012,108.34999999999994,109.65000000000003,46323,260444
2024-05-10 00:00:00,109.85,111.49999999999991,108.14999999999998,110.0,55016,249516
2024-05-13 00:00:00,110.55000000000007,111.89999999999998,108.75,110.34999999999997,55616,233931
2024-05-14 00:00:00,110.50000000000011,111.79999999999993,109.20000000000002,110.34999999999997,46096,216228
2024-05-15 00:00:00,110.90000000000003,111.80000000000007,108.9500000000001,110.49999999999997,41063,200029
2024-05-16 00:00:00,110.30000000000001,111.60000000000011,108.40000000000003,109.44999999999993,47597,182060
2024-05-17 00:00:00,109.59999999999994,110.85000000000008,107.65,109.24999999999997,48810,163876
2024-05-20 00:00:00,108.05000000000007,110.0,106.79999999999993,108.64999999999995,44752,189539
2024-05-21 00:00:00,107.80000000000001,109.80000000000004,107.24999999999994,108.6999999999999,36879,186279
2024-05-22 00:00:00,109.30000000000007,109.85,108.04999999999993,109.00000000000006,48870,227119
2024-05-23 00:00:00,109.49999999999989,110.09999999999991,108.70000000000005,109.29999999999993,44495,235361
2024-05-24 00:00:00,109.59999999999994,110.75000000000003,108.25000000000003,109.25000000000011,57666,243638
2024-05-27 00:00:00,109.44999999999993,110.64999999999998,108.34999999999994,109.44999999999993,51573,247942
2024-05-28 00:00:00,109.7999999999999,111.00000000000009,108.49999999999994,109.95000000000005,52841,259014
2024-05-29 00:00:00,110.10000000000005,111.4,109.10000000000011,110.04999999999995,38852,266081
2024-05-30 00:00:00,110.09999999999991,111.0499999999999,108.8000000000001,110.04999999999995,40274,268418
2024-05-31 00:00:00,109.30000000000007,110.45000000000002,107.60000000000005,109.05000000000001,62105,262519
2024-06-03 00:00:00,109.24999999999997,110.94999999999999,108.10000000000002,109.69999999999999,51971,277171
2024-06-04 00:00:00,109.44999999999993,110.75000000000003,109.00000000000006,110.25000000000006,39096,276026
2024-06-05 00:00:00,110.39999999999992,111.44999999999996,109.44999999999993,110.25000000000006,41329,287173
2024-06-06 00:00:00,110.15,111.05000000000004,109.35000000000002,110.19999999999996,33356,288794
2024-06-07 00:00:00,110.15,110.99999999999994,109.29999999999993,110.09999999999991,34245,291446
2024-06-11 00:00:00,110.0,111.35000000000005,109.24999999999997,110.55000000000007,32500,294618
2024-06-12 00:00:00,110.49999999999997,111.59999999999997,109.60000000000008,110.49999999999997,49436,298133
2024-06-13 00:00:00,110.64999999999998,111.80000000000007,109.95000000000005,111.05000000000004,44732,294738
2024-06-14 00:00:00,111.15000000000009,112.04999999999998,110.34999999999997,111.25,45802,290250
2024-06-17 00:00:00,111.0499999999999,112.45000000000005,110.0,111.85000000000002,53171,295170
2024-06-18 00:00:00,112.00000000000003,113.00000000000011,110.75000000000003,111.89999999999998,49107,307925
2024-06-19 00:00:00,111.70000000000002,113.34999999999994,110.09999999999991,111.84999999999988,48398,314013
2024-06-20 00:00:00,112.35,113.00000000000011,111.25,112.45000000000005,31925,313524
2024-06-21 00:00:00,112.10000000000008,112.89999999999992,110.75000000000003,111.70000000000002,49330,305768
2024-06-24 00:00:00,111.65000000000006,114.05000000000001,110.40000000000006,112.35000000000014,32529,311761
2024-06-25 00:00:00,112.5500000000001,113.49999999999994,111.94999999999993,112.5,30417,315180
2024-06-26 00:00:00,112.25000000000009,113.44999999999999,111.80000000000007,112.40000000000009,24953,318678
2024-06-27 00:00:00,112.14999999999989,114.54999999999998,110.79999999999998,113.25000000000003,34380,322530
2024-06-28 00:00:00,113.25000000000003,114.40000000000012,112.09999999999994,113.14999999999998,29882,320292
2024-07-01 00:00:00,113.14999999999998,117.60000000000005,108.04999999999993,112.09999999999994,57735,312959
2024-07-02 00:00:00,111.94999999999993,114.80000000000004,110.04999999999995,112.84999999999997,52521,309017
2024-07-03 00:00:00,112.89999999999992,114.74999999999994,111.20000000000005,113.25000000000003,41754,308957
2024-07-04 00:00:00,113.29999999999998,114.20000000000002,112.04999999999998,112.80000000000001,39040,307844
2024-07-05 00:00:00,112.65,114.00000000000006,111.20000000000005,112.19999999999999,49983,302770
2024-07-08 00:00:00,112.19999999999999,113.9,109.59999999999994,111.59999999999997,71055,299873
2024-07-09 00:00:00,112.10000000000008,113.19999999999993,111.35000000000005,112.54999999999995,44621,302108
2024-07-10 00:00:00,112.74999999999991,113.44999999999999,111.44999999999996,112.45000000000005,25935,304716
2024-07-11 00:00:00,112.7000000000001,113.14999999999998,111.64999999999992,112.35,20413,306719
2024-07-12 00:00:00,112.5,113.75,111.85000000000002,112.80000000000001,27194,308012
2024-07-15 00:00:00,112.99999999999997,114.35000000000002,111.85000000000002,113.25000000000003,35235,309384
2024-07-16 00:00:00,113.49999999999994,114.69999999999999,111.44999999999996,113.29999999999998,30468,311928
2024-07-17 00:00:00,113.40000000000003,114.29999999999993,112.14999999999989,113.55000000000004,31338,315359
2024-07-18 00:00:00,113.40000000000003,114.14999999999992,111.89999999999998,112.74999999999991,29448,317662
2024-07-19 00:00:00,112.84999999999997,114.30000000000007,111.79999999999993,113.39999999999989,29575,322964
2024-07-22 00:00:00,113.9,116.05000000000004,111.60000000000011,114.05000000000001,44822,324096
2024-07-23 00:00:00,114.35000000000002,115.70000000000007,113.29999999999998,114.54999999999998,37021,322968
2024-07-24 00:00:00,114.45000000000007,115.60000000000002,113.85000000000005,114.59999999999994,30908,323524
2024-07-25 00:00:00,115.04999999999995,116.65000000000006,113.10000000000002,114.85,52539,323099
2024-07-26 00:00:00,115.84999999999994,116.25,114.24999999999997,115.0,40105,327781
2024-07-29 00:00:00,115.34999999999997,115.89999999999989,114.05000000000001,115.19999999999996,36377,324801
2024-07-30 00:00:00,115.55000000000007,116.64999999999992,113.79999999999995,115.0,38505,326529
2024-07-31 00:00:00,115.50000000000011,117.19999999999999,114.39999999999998,115.69999999999993,49560,324998
2024-08-01 00:00:00,115.84999999999994,118.29999999999998,113.75,116.1,50679,327378
2024-08-02 00:00:00,116.64999999999992,118.44999999999999,114.05000000000001,116.44999999999996,46214,321786
2024-08-05 00:00:00,116.94999999999993,119.24999999999997,115.34999999999997,117.95000000000002,53595,312015
2024-08-06 00:00:00,115.79999999999998,119.09999999999997,113.44999999999999,116.74999999999997,52156,298240
2024-08-07 00:00:00,117.15000000000003,118.70000000000005,116.29999999999995,117.75000000000006,44263,293675
2024-08-08 00:00:00,116.70000000000002,118.94999999999996,113.6,115.99999999999994,67027,284141
2024-08-09 00:00:00,114.60000000000008,115.90000000000003,113.30000000000013,114.9499999999999,60351,270549
2024-08-12 00:00:00,112.5,114.9499999999999,109.85,112.04999999999998,68027,249841
2024-08-13 00:00:00,111.89999999999998,114.80000000000004,109.34999999999988,111.85000000000002,67501,224875
2024-08-14 00:00:00,112.15000000000003,115.64999999999998,110.94999999999999,112.65,64298,201823
2024-08-15 00:00:00,113.04999999999993,115.54999999999993,110.19999999999996,112.95000000000002,58910,181504
2024-08-16 00:00:00,112.89999999999992,114.50000000000003,111.79999999999993,113.09999999999988,54116,156630
2024-08-19 00:00:00,112.80000000000001,115.34999999999997,111.94999999999993,114.05000000000001,37842,133373
2024-08-20 00:00:00,113.14999999999998,114.69999999999999,112.69999999999996,113.9,61935,248163
2024-08-21 00:00:00,113.84999999999991,116.80000000000007,110.85000000000008,113.49999999999994,59129,263156
2024-08-22 00:00:00,114.00000000000006,115.75000000000003,112.80000000000001,114.29999999999993,64198,275841
2024-08-23 00:00:00,114.44999999999993,116.05000000000004,112.30000000000004,114.20000000000002,56553,281206
2024-08-26 00:00:00,113.9,115.69999999999993,112.85000000000011,114.35000000000002,51835,290642
2024-08-27 00:00:00,113.6,115.79999999999998,111.34999999999991,113.14999999999998,53795,293015
2024-08-28 00:00:00,113.15000000000012,115.30000000000001,110.80000000000013,113.40000000000003,50534,296850
2024-08-29 00:00:00,113.49999999999994,114.89999999999995,111.4,113.44999999999999,50849,297947
2024-08-30 00:00:00,113.6,115.40000000000006,110.55000000000007,112.80000000000001,38469,301428
2024-09-02 00:00:00,113.55000000000004,115.15,111.55000000000001,113.29999999999998,54920,304223
2024-09-03 00:00:00,112.89999999999992,114.49999999999989,111.14999999999995,112.59999999999991,49964,307158
2024-09-04 00:00:00,112.75000000000006,114.95000000000005,111.79999999999993,113.49999999999994,54014,311491
2024-09-05 00:00:00,113.99999999999991,115.70000000000007,111.65000000000006,113.49999999999994,48654,318768
2024-09-06 00:00:00,113.44999999999999,115.29999999999987,112.10000000000008,114.00000000000006,36131,320214
2024-09-09 00:00:00,113.9500000000001,115.25000000000006,113.40000000000003,114.59999999999994,34694,318687
2024-09-10 00:00:00,114.89999999999995,116.79999999999993,113.20000000000007,115.15,50565,323772
2024-09-11 00:00:00,114.85,116.70000000000002,113.79999999999995,115.40000000000006,46060,324594
2024-09-12 00:00:00,115.10000000000005,116.84999999999988,113.39999999999989,115.25000000000006,56002,330409
2024-09-13 00:00:00,115.65000000000012,117.15000000000003,114.09999999999997,116.00000000000009,42569,332634
2024-09-18 00:00:00,116.94999999999993,117.99999999999997,115.0,116.85000000000002,44106,336643
2024-09-19 00:00:00,117.15000000000003,119.65000000000003,114.69999999999999,116.49999999999991,63822,331980
2024-09-20 00:00:00,116.50000000000006,118.6,115.0,117.10000000000008,40553,342068
2024-09-23 00:00:00,117.75000000000006,119.24999999999997,115.65000000000012,117.60000000000005,49951,340379
2024-09-24 00:00:00,117.5,121.75000000000011,111.50000000000006,115.79999999999998,90049,339270
2024-09-25 00:00:00,115.59999999999988,118.20000000000007,111.65000000000006,115.49999999999997,65551,351935
2024-09-26 00:00:00,116.55000000000001,118.84999999999991,111.1999999999999,114.35000000000002,78262,352469
2024-09-27 00:00:00,112.09999999999994,122.19999999999999,100.0,109.45000000000007,119910,331223
2024-09-30 00:00:00,108.05000000000007,113.75,100.75000000000003,108.6,77641,314934
2024-10-08 00:00:00,107.5500000000001,117.10000000000008,101.94999999999993,110.04999999999995,67618,315640
2024-10-09 00:00:00,110.94999999999999,114.50000000000003,107.39999999999995,111.29999999999995,71074,311162
2024-10-10 00:00:00,109.64999999999989,113.9,108.6,111.70000000000002,60470,309551
2024-10-11 00:00:00,111.75000000000011,114.14999999999992,109.20000000000002,111.49999999999991,53485,309616
2024-10-14 00:00:00,112.24999999999994,113.94999999999996,109.85,111.80000000000007,66565,308955
2024-10-15 00:00:00,112.10000000000008,114.85,110.30000000000001,113.29999999999998,62018,308010
2024-10-16 00:00:00,113.6,115.2000000000001,111.44999999999996,113.20000000000007,41202,303826
2024-10-17 00:00:00,113.14999999999998,116.25,110.54999999999993,113.40000000000003,48663,308374
2024-10-18 00:00:00,113.9,116.55000000000001,110.0,112.99999999999997,55427,304215
2024-10-21 00:00:00,113.15000000000012,115.0500000000001,111.59999999999997,113.94999999999996,41843,306594
2024-10-22 00:00:00,113.50000000000009,115.94999999999999,111.50000000000006,113.44999999999999,42898,306197
2024-10-23 00:00:00,113.9,115.55000000000007,110.45000000000002,112.90000000000006,49355,301065
2024-10-24 00:00:00,112.5,115.04999999999995,110.19999999999996,111.95000000000007,47203,303011
2024-10-25 00:00:00,112.5500000000001,113.6,111.25,112.04999999999998,39888,300772
2024-10-28 00:00:00,112.7000000000001,113.40000000000003,110.45000000000002,111.85000000000002,43832,298782
2024-10-29 00:00:00,111.55000000000001,113.6,110.60000000000002,112.65,52031,296096
2024-10-30 00:00:00,112.75000000000006,113.70000000000005,111.15000000000009,112.30000000000004,41462,295322
2024-10-31 00:00:00,112.45000000000005,113.75,110.84999999999994,112.5,48069,293552
2024-11-01 00:00:00,112.15000000000003,114.60000000000008,110.75000000000003,112.84999999999997,53039,299927
2024-11-04 00:00:00,112.99999999999997,114.00000000000006,111.85000000000002,112.90000000000006,43994,292920
2024-11-05 00:00:00,112.85000000000011,115.60000000000002,111.80000000000007,114.00000000000006,43866,294047
2024-11-06 00:00:00,114.35000000000002,116.15000000000009,112.54999999999995,114.24999999999997,44145,291018
2024-11-07 00:00:00,114.35000000000002,115.49999999999997,112.65,114.24999999999997,45626,292667
2024-11-08 00:00:00,114.55000000000013,116.4,112.5500000000001,114.14999999999992,54406,287980
2024-11-11 00:00:00,115.04999999999995,115.55000000000007,112.80000000000001,113.94999999999996,44224,274655
2024-11-12 00:00:00,113.9500000000001,116.80000000000007,112.5500000000001,115.39999999999992,46086,271703
2024-11-13 00:00:00,115.25000000000006,116.3000000000001,114.10000000000011,115.34999999999997,40591,258417
2024-11-14 00:00:00,115.0,116.05000000000004,113.6999999999999,114.80000000000004,38774,250350
2024-11-15 00:00:00,114.85,116.50000000000006,113.50000000000009,115.19999999999996,46034,238341
2024-11-18 00:00:00,114.39999999999998,115.89999999999989,112.75000000000006,113.84999999999991,46695,229112
2024-11-19 00:00:00,113.94999999999996,116.1,111.80000000000007,114.24999999999997,42686,220321
2024-11-20 00:00:00,114.9499999999999,115.59999999999988,113.10000000000002,114.39999999999998,45736,197795
2024-11-21 00:00:00,114.45000000000007,116.65000000000006,112.24999999999994,114.50000000000003,53271,173069
2024-11-22 00:00:00,115.75000000000003,117.80000000000001,114.50000000000003,116.50000000000006,63554,223642
2024-11-25 00:00:00,117.04999999999998,119.35000000000002,114.45000000000007,117.09999999999994,48292,228283
2024-11-26 00:00:00,116.35000000000005,117.40000000000009,114.09999999999997,115.90000000000003,57319,294441
2024-11-27 00:00:00,116.49999999999991,118.19999999999993,114.05000000000001,115.40000000000006,53763,300815
2024-11-28 00:00:00,115.65000000000012,117.64999999999986,114.44999999999993,116.20000000000005,37747,307919
2024-11-29 00:00:00,116.70000000000002,118.35000000000008,113.79999999999995,115.75000000000003,49582,301769
2024-12-02 00:00:00,116.79999999999993,119.59999999999994,113.9,116.74999999999997,56799,317003
2024-12-03 00:00:00,116.74999999999997,118.70000000000005,114.60000000000008,116.25,60086,306594
2024-12-04 00:00:00,116.55000000000001,118.70000000000005,115.45000000000002,117.60000000000005,41150,313885
2024-12-05 00:00:00,117.10000000000008,118.55000000000004,116.1,117.59999999999991,38132,315000
2024-12-06 00:00:00,117.90000000000006,118.9,115.85000000000008,117.5,39675,318241
2024-12-09 00:00:00,117.90000000000006,119.15000000000006,116.05000000000004,117.75000000000006,46218,314779
2024-12-10 00:00:00,120.49999999999997,123.6,116.70000000000002,120.55000000000007,74263,323639
2024-12-11 00:00:00,119.85,121.89999999999998,118.6,120.30000000000001,59276,314910
2024-12-12 00:00:00,121.1,122.45000000000005,118.64999999999995,120.34999999999997,58625,318467
2024-12-13 00:00:00,121.4,123.20000000000007,119.50000000000003,121.1,77645,313331
2024-12-16 00:00:00,122.04999999999998,124.24999999999997,119.74999999999994,122.30000000000004,58977,310200
2024-12-17 00:00:00,121.90000000000012,123.05000000000007,119.60000000000008,121.89999999999998,62496,302108
2024-12-18 00:00:00,122.19999999999999,126.05000000000004,116.05000000000004,120.70000000000007,89208,299307
2024-12-19 00:00:00,119.60000000000008,122.59999999999991,118.15000000000012,120.90000000000003,71461,304607
2024-12-20 00:00:00,121.4,123.8000000000001,119.54999999999998,121.89999999999998,61804,311624
2024-12-23 00:00:00,122.75000000000006,125.55000000000007,119.54999999999998,121.64999999999992,76629,298394
2024-12-24 00:00:00,121.70000000000002,124.80000000000004,118.79999999999995,121.80000000000007,75059,296535
2024-12-25 00:00:00,121.99999999999989,123.6,119.05000000000001,121.89999999999998,60377,292600
2024-12-26 00:00:00,121.85000000000002,124.35000000000002,119.15000000000006,121.55000000000001,65756,288278
2024-12-27 00:00:00,122.00000000000003,124.9499999999999,120.30000000000001,122.95000000000002,61730,294403
2024-12-30 00:00:00,122.65,125.19999999999996,119.90000000000009,122.45000000000005,65889,283805
2024-12-31 00:00:00,123.44999999999999,125.24999999999991,121.89999999999998,123.84999999999991,67521,289737
2025-01-02 00:00:00,124.20000000000002,127.19999999999999,122.95000000000002,125.75000000000003,57808,289257
2025-01-03 00:00:00,126.25,128.55000000000004,121.4,124.69999999999999,110775,292616
2025-01-06 00:00:00,125.45000000000002,127.35,122.40000000000009,126.20000000000005,74661,284856
2025-01-07 00:00:00,126.00000000000009,128.14999999999998,123.8000000000001,126.44999999999996,64425,285748
2025-01-08 00:00:00,126.3000000000001,128.49999999999994,125.55000000000007,127.19999999999999,65797,292883
2025-01-09 00:00:00,126.90000000000012,129.95000000000005,124.65000000000003,127.30000000000004,73333,293327
2025-01-10 00:00:00,127.05000000000013,131.59999999999997,121.95000000000007,126.89999999999998,84156,294612
2025-01-13 00:00:00,127.80000000000001,129.9000000000001,124.15000000000006,126.85000000000002,73676,294790
2025-01-14 00:00:00,126.44999999999996,129.05,123.55000000000004,126.20000000000005,77004,294295
2025-01-15 00:00:00,126.50000000000006,128.9,125.94999999999999,127.94999999999987,53534,292213
2025-01-16 00:00:00,127.4499999999999,129.75000000000009,125.15,127.19999999999999,69503,294992
2025-01-17 00:00:00,127.60000000000005,129.74999999999994,124.00000000000006,125.99999999999994,56901,291171
2025-01-20 00:00:00,125.79999999999998,127.7000000000001,123.94999999999996,125.30000000000001,59601,293908
2025-01-21 00:00:00,125.94999999999999,128.29999999999998,123.04999999999993,126.34999999999991,70968,296767
2025-01-22 00:00:00,126.70000000000002,128.35000000000008,125.09999999999991,126.4500000000001,52600,294954
2025-01-23 00:00:00,127.00000000000003,128.49999999999994,124.64999999999989,126.55000000000001,52887,293204
2025-01-24 00:00:00,126.55000000000001,129.00000000000006,124.39999999999998,127.2999999999999,48139,293136
2025-01-27 00:00:00,126.94999999999993,129.59999999999994,125.10000000000005,127.5,45980,294182
2025-02-05 00:00:00,128.04999999999993,129.24999999999997,126.3000000000001,127.99999999999997,35870,293429
2025-02-06 00:00:00,127.95000000000002,130.0,126.65000000000006,128.40000000000003,47852,292044
2025-02-07 00:00:00,128.45,130.85000000000008,126.35000000000005,128.79999999999995,46268,283592
2025-02-10 00:00:00,128.40000000000003,130.54999999999993,126.95000000000007,129.09999999999997,58803,262574
2025-02-11 00:00:00,128.79999999999995,130.85000000000008,127.80000000000001,129.55000000000013,51984,248588
2025-02-12 00:00:00,130.0,131.4,126.89999999999998,129.09999999999997,51233,229030
2025-02-13 00:00:00,129.05,130.64999999999998,127.39999999999995,129.05,52305,209016
2025-02-14 00:00:00,128.6,131.65000000000006,125.34999999999997,128.34999999999994,58785,190334
2025-02-17 00:00:00,126.60000000000011,130.04999999999995,125.10000000000005,127.39999999999995,56294,168621
2025-02-18 00:00:00,125.59999999999988,128.55000000000004,121.05000000000004,124.89999999999995,61808,177304
2025-02-19 00:00:00,124.60000000000008,126.44999999999996,122.95000000000002,124.60000000000008,53208,175267
2025-02-20 00:00:00,125.39999999999992,128.2499999999999,121.94999999999993,124.69999999999999,73208,228011
2025-02-21 00:00:00,124.45000000000007,127.69999999999996,120.34999999999997,123.49999999999994,72192,247996
2025-02-24 00:00:00,123.05000000000007,127.19999999999999,117.00000000000003,121.60000000000011,91613,264702
2025-02-25 00:00:00,122.65,127.69999999999996,116.3000000000001,122.45000000000005,89567,281791
2025-02-26 00:00:00,123.44999999999999,126.89999999999998,121.14999999999995,123.55000000000004,75543,289764
2025-02-27 00:00:00,123.85000000000005,126.14999999999995,120.79999999999998,123.19999999999993,44975,291686
2025-02-28 00:00:00,123.5499999999999,126.74999999999997,120.55000000000007,124.20000000000002,50475,294975
2025-03-03 00:00:00,124.24999999999997,127.59999999999991,120.94999999999999,124.39999999999998,67381,301270
2025-03-04 00:00:00,124.65000000000003,127.35,121.50000000000006,124.65000000000003,53640,298438
2025-03-05 00:00:00,124.89999999999995,126.15000000000009,123.70000000000005,125.0,45598,300826
2025-03-06 00:00:00,124.59999999999994,126.60000000000011,121.64999999999992,124.15000000000006,52510,305153
2025-03-07 00:00:00,123.25000000000003,126.35000000000005,118.6999999999999,121.60000000000011,79707,301560
2025-03-10 00:00:00,121.49999999999991,124.49999999999989,119.20000000000002,121.70000000000002,52760,301255
2025-03-11 00:00:00,121.70000000000002,124.65000000000003,117.24999999999994,119.95000000000005,53248,301938
2025-03-12 00:00:00,119.35000000000002,126.25,114.45000000000007,121.25,83130,309903
2025-03-13 00:00:00,120.60000000000002,123.25000000000003,118.79999999999995,121.25,62987,309820
2025-03-14 00:00:00,120.60000000000002,124.60000000000008,117.19999999999999,120.84999999999994,65020,316139
2025-03-17 00:00:00,119.54999999999998,122.65,115.55000000000007,117.95000000000002,65695,321308
2025-03-18 00:00:00,117.95000000000002,121.1999999999999,115.64999999999998,118.6,68209,317201
2025-03-19 00:00:00,118.6999999999999,121.65000000000006,116.65000000000006,119.29999999999993,59841,315015
2025-03-20 00:00:00,120.10000000000005,121.89999999999998,118.6999999999999,120.15,57046,318539
2025-03-21 00:00:00,120.30000000000001,122.14999999999989,117.99999999999997,120.25000000000006,58073,321089
2025-03-24 00:00:00,119.69999999999999,123.6,117.69999999999996,120.84999999999994,65439,324015
2025-03-25 00:00:00,121.75000000000011,123.64999999999995,120.04999999999995,121.55000000000001,60189,319988
2025-03-26 00:00:00,121.25,125.19999999999996,118.55000000000004,122.7000000000001,50567,328641
2025-03-27 00:00:00,121.94999999999993,124.49999999999989,121.0499999999999,122.5,42270,328115
2025-03-28 00:00:00,122.2999999999999,124.59999999999994,120.40000000000006,122.24999999999994,49090,329339
2025-03-31 00:00:00,122.00000000000003,124.50000000000003,120.55000000000007,122.35,53386,332333
2025-04-01 00:00:00,122.30000000000004,123.94999999999996,120.40000000000006,121.90000000000012,39077,330338
2025-04-02 00:00:00,122.15000000000003,124.95000000000005,120.25000000000006,123.04999999999993,44032,340059
2025-04-03 00:00:00,124.64999999999989,127.75000000000006,121.05000000000004,124.39999999999998,62597,347617
2025-04-07 00:00:00,125.94999999999999,129.35000000000002,123.70000000000005,127.00000000000003,72274,354490
2025-04-08 00:00:00,126.85000000000002,128.70000000000005,124.29999999999993,126.35000000000005,54711,360758
2025-04-09 00:00:00,127.00000000000003,130.0999999999999,123.6,126.1,71227,369258
2025-04-10 00:00:00,125.75000000000003,128.9,122.15000000000003,125.34999999999997,69578,368889
2025-04-11 00:00:00,126.05000000000004,129.15000000000006,122.00000000000003,125.55000000000007,62648,365294
2025-04-14 00:00:00,125.40000000000006,127.65,124.05000000000001,126.75000000000011,52996,368474
2025-04-15 00:00:00,126.70000000000002,128.29999999999998,125.45000000000002,126.64999999999992,48235,368679
2025-04-16 00:00:00,127.60000000000005,129.60000000000008,124.75000000000009,127.45000000000005,59084,371738
2025-04-17 00:00:00,127.25000000000009,129.30000000000007,125.04999999999995,127.35,47316,364137
2025-04-18 00:00:00,127.90000000000006,129.09999999999997,125.79999999999998,127.95000000000002,48652,362328
2025-04-21 00:00:00,127.99999999999997,129.74999999999994,125.0,127.00000000000003,46472,350092
2025-04-22 00:00:00,127.25000000000009,128.75,126.59999999999997,128.04999999999993,33835,355804
2025-04-23 00:00:00,127.39999999999995,128.94999999999996,125.79999999999998,127.5,49323,348189
2025-04-24 00:00:00,127.69999999999996,130.10000000000005,125.79999999999998,127.65,39780,347334
2025-04-25 00:00:00,128.29999999999998,130.04999999999995,125.90000000000003,128.34999999999994,53243,345495
2025-04-28 00:00:00,129.35000000000002,130.90000000000003,126.89999999999998,129.24999999999997,45830,344830
2025-04-29 00:00:00,129.89999999999995,131.89999999999998,128.19999999999993,130.5000000000001,50163,349768
2025-04-30 00:00:00,130.0999999999999,131.1500000000001,128.14999999999998,129.00000000000006,52615,345556
2025-05-06 00:00:00,129.09999999999997,131.1999999999999,128.04999999999993,129.85,46541,345160
2025-05-07 00:00:00,129.05,132.00000000000003,125.74999999999989,128.5499999999999,62281,331784
2025-05-08 00:00:00,128.9,130.79999999999998,127.25000000000009,128.79999999999995,53906,331750
2025-05-09 00:00:00,129.05,131.14999999999995,127.35,129.65000000000003,55055,320005
2025-05-12 00:00:00,128.05000000000007,133.25000000000003,121.74999999999997,126.4,77590,289951
2025-05-13 00:00:00,126.1999999999999,128.14999999999998,125.34999999999997,127.60000000000005,63363,258492
2025-05-14 00:00:00,127.59999999999991,128.89999999999986,125.45000000000002,127.24999999999994,55124,230056
2025-05-15 00:00:00,127.65,128.55000000000004,126.1,127.65,52751,204435
2025-05-16 00:00:00,127.24999999999994,128.8499999999999,125.79999999999998,127.60000000000005,58571,178964
2025-05-19 00:00:00,127.19999999999999,129.7,126.15000000000009,128.29999999999998,51434,223960
2025-05-20 00:00:00,128.40000000000003,130.34999999999997,126.65000000000006,128.85000000000005,57849,252910
2025-05-21 00:00:00,129.24999999999997,129.59999999999994,127.04999999999998,128.2499999999999,42215,263189
2025-05-22 00:00:00,127.90000000000006,130.15,126.79999999999993,128.34999999999994,47004,272686
2025-05-23 00:00:00,127.95000000000002,129.54999999999998,126.20000000000005,127.99999999999997,51313,282900
2025-05-26 00:00:00,128.29999999999998,129.05,127.35,127.95000000000002,48389,292268
2025-05-27 00:00:00,127.99999999999997,128.79999999999995,126.20000000000005,127.04999999999998,43924,294782
2025-05-28 00:00:00,126.70000000000002,128.25000000000003,125.85000000000008,127.10000000000008,44738,301487
2025-05-29 00:00:00,127.19999999999999,127.7000000000001,125.15,126.0499999999999,57177,305240
2025-05-30 00:00:00,126.80000000000007,128.45,125.64999999999998,127.04999999999998,55053,302564
2025-06-03 00:00:00,126.95000000000007,128.10000000000002,126.1,127.25000000000009,42868,305917
2025-06-04 00:00:00,127.30000000000004,128.40000000000003,125.60000000000002,127.30000000000004,46001,310504
2025-06-05 00:00:00,127.15000000000003,128.75,125.34999999999997,126.89999999999998,64481,313513
2025-06-06 00:00:00,126.79999999999993,128.20000000000007,126.15000000000009,127.84999999999997,49178,322548
2025-06-09 00:00:00,127.89999999999992,129.40000000000012,127.15000000000003,128.75,50459,329228
2025-06-10 00:00:00,128.79999999999995,129.35000000000002,127.64999999999986,128.6,47942,332159
2025-06-11 00:00:00,128.8499999999999,130.0500000000001,128.05000000000007,128.6,38116,338203
2025-06-12 00:00:00,128.79999999999995,129.74999999999994,127.65,128.70000000000005,45977,338966
2025-06-13 00:00:00,128.75,129.65000000000003,127.65,128.45,58651,341878
2025-06-16 00:00:00,128.6500000000001,129.65000000000003,127.5500000000001,128.70000000000005,46176,346376
2025-06-17 00:00:00,128.29999999999998,130.10000000000005,126.4500000000001,128.6,69095,362936
2025-06-18 00:00:00,128.34999999999994,129.2500000000001,127.84999999999997,128.6,39784,359932
2025-06-19 00:00:00,128.70000000000005,129.59999999999994,127.84999999999997,128.85000000000005,44503,364496
2025-06-20 00:00:00,128.45,129.65000000000003,127.84999999999997,128.75,44226,375837
2025-06-23 00:00:00,128.8499999999999,129.7,127.99999999999997,128.79999999999995,47714,372616
2025-06-24 00:00:00,128.75,129.7,127.39999999999995,128.40000000000003,44144,366050
2025-06-25 00:00:00,128.45000000000013,129.6499999999999,126.65000000000006,128.05000000000007,65780,366217
2025-06-26 00:00:00,127.90000000000006,128.8499999999999,126.89999999999998,127.80000000000001,38895,362539
2025-06-27 00:00:00,127.95000000000002,129.24999999999997,126.70000000000002,127.80000000000001,62234,370631
2025-06-30 00:00:00,127.90000000000006,129.20000000000002,126.4,127.35,68517,354330
2025-07-01 00:00:00,127.54999999999995,128.70000000000005,127.00000000000003,127.99999999999997,58698,355707
2025-07-02 00:00:00,128.25000000000003,129.24999999999997,127.69999999999996,128.79999999999995,45931,364342
2025-07-03 00:00:00,128.75,129.65000000000003,127.15000000000003,128.50000000000009,51486,362496
2025-07-04 00:00:00,128.6,129.14999999999992,127.99999999999997,128.45,42974,372045
2025-07-07 00:00:00,128.55000000000004,129.7,127.89999999999992,128.8000000000001,49192,374284
2025-07-08 00:00:00,128.9500000000001,129.95000000000005,127.54999999999995,128.8499999999999,61895,366759
2025-07-09 00:00:00,128.75,129.50000000000003,127.94999999999987,128.9,46228,361161
2025-07-10 00:00:00,128.75,130.49999999999997,126.74999999999997,128.55000000000004,65698,361002
2025-07-11 00:00:00,128.45,129.39999999999998,126.79999999999993,128.34999999999994,73843,360192
2025-07-14 00:00:00,128.05000000000007,129.24999999999997,126.85000000000002,128.10000000000002,63084,361657
2025-07-15 00:00:00,128.15000000000012,129.59999999999994,127.24999999999994,128.64999999999995,48707,355225
2025-07-16 00:00:00,128.79999999999995,129.35000000000002,127.69999999999996,128.34999999999994,50699,348670
2025-07-17 00:00:00,128.45,129.15000000000006,127.69999999999996,128.40000000000003,45552,349813
2025-07-18 00:00:00,128.29999999999998,129.05,127.30000000000004,128.0000000000001,44183,350126
2025-07-21 00:00:00,127.14999999999989,128.9,126.70000000000002,128.05000000000007,72060,356184
2025-07-22 00:00:00,128.10000000000002,129.20000000000002,126.25,127.5,58900,354122
2025-07-23 00:00:00,127.15000000000003,129.05,124.7999999999999,127.2999999999999,87176,351754
2025-07-24 00:00:00,127.24999999999994,128.75,124.59999999999994,126.35000000000005,88969,356125
2025-07-25 00:00:00,126.50000000000006,128.19999999999993,124.50000000000003,126.10000000000014,76382,354843
2025-07-28 00:00:00,127.09999999999994,128.34999999999994,124.89999999999995,126.74999999999997,71923,336201
2025-07-29 00:00:00,126.49999999999991,128.10000000000002,124.29999999999993,125.84999999999994,59938,335544
2025-07-30 00:00:00,126.00000000000009,128.20000000000007,124.29999999999993,126.70000000000002,72345,325085
2025-07-31 00:00:00,126.99999999999989,128.29999999999998,126.29999999999995,127.60000000000005,54371,319322
2025-08-01 00:00:00,126.79999999999993,128.64999999999995,126.00000000000009,127.15000000000003,52177,314738
2025-08-04 00:00:00,127.84999999999997,129.30000000000007,126.1,127.54999999999995,62616,304492
2025-08-05 00:00:00,127.69999999999996,129.05,126.59999999999997,127.85000000000011,52618,299907
2025-08-06 00:00:00,127.5500000000001,129.20000000000002,126.50000000000006,127.80000000000001,47098,292754
2025-08-07 00:00:00,128.10000000000002,128.85000000000005,127.04999999999998,127.84999999999997,50196,285536
2025-08-08 00:00:00,127.75000000000006,129.00000000000006,126.69999999999987,127.99999999999997,48873,277854
2025-08-11 00:00:00,127.90000000000006,129.09999999999997,126.00000000000009,127.60000000000005,56309,265456
2025-08-12 00:00:00,127.35,128.6,125.84999999999994,127.04999999999998,48505,251796
2025-08-13 00:00:00,126.74999999999997,128.45,125.35000000000011,126.89999999999998,47424,239562
2025-08-14 00:00:00,126.65000000000006,127.80000000000001,125.30000000000001,126.59999999999997,69601,219559
2025-08-15 00:00:00,126.74999999999997,127.84999999999997,125.30000000000001,126.35000000000005,61238,205256
2025-08-18 00:00:00,125.90000000000003,127.05000000000013,124.14999999999992,125.60000000000002,70226,193456
2025-08-19 00:00:00,124.69999999999999,125.60000000000002,122.75000000000006,124.09999999999997,63773,207580
2025-08-20 00:00:00,125.35000000000011,127.60000000000005,121.20000000000005,123.6,57558,240481
2025-08-21 00:00:00,123.99999999999991,125.84999999999994,121.74999999999997,124.24999999999997,71435,256667
2025-08-22 00:00:00,123.89999999999986,125.60000000000002,121.55000000000001,122.89999999999992,60045,268686
2025-08-25 00:00:00,122.80000000000001,126.70000000000002,120.0500000000001,124.20000000000002,75781,277375
2025-08-26 00:00:00,123.75,125.39999999999992,122.5,124.35000000000002,70567,281237
2025-08-27 00:00:00,124.35000000000002,125.50000000000011,122.74999999999991,124.29999999999993,62229,284852
2025-08-28 00:00:00,123.9,125.60000000000002,122.10000000000008,123.35000000000008,59475,284284
2025-08-29 00:00:00,123.35000000000008,124.45000000000007,122.2999999999999,122.95000000000002,56279,290935
2025-09-01 00:00:00,123.04999999999993,125.55000000000007,120.90000000000003,124.05000000000001,60563,298272
2025-09-02 00:00:00,124.20000000000002,124.80000000000004,122.80000000000001,123.85000000000005,52692,297981
2025-09-03 00:00:00,124.30000000000007,125.90000000000003,122.75000000000006,124.35000000000002,62433,307131
2025-09-04 00:00:00,124.65000000000003,125.94999999999999,124.20000000000002,125.0500000000001,62934,313971
2025-09-05 00:00:00,125.19999999999996,126.74999999999997,121.65000000000006,123.6,75029,311087
2025-09-08 00:00:00,123.49999999999994,124.09999999999997,121.80000000000007,122.80000000000001,68859,317167
2025-09-09 00:00:00,122.54999999999995,123.29999999999998,121.44999999999996,122.05000000000013,53634,320493
2025-09-10 00:00:00,122.10000000000008,123.50000000000009,119.00000000000006,120.64999999999998,64907,326208
2025-09-11 00:00:00,121.05000000000004,123.14999999999998,117.60000000000005,119.89999999999995,82561,333879
2025-09-12 00:00:00,120.25000000000006,121.94999999999993,119.25000000000011,121.1,71456,326607
2025-09-15 00:00:00,121.1,123.05000000000007,119.89999999999995,121.50000000000006,54025,329431
2025-09-16 00:00:00,120.80000000000013,125.34999999999997,117.45000000000005,122.04999999999998,89826,342668
2025-09-17 00:00:00,122.24999999999994,124.45000000000007,120.25000000000006,122.65,70704,351842
2025-09-18 00:00:00,122.24999999999994,123.29999999999998,121.1,122.60000000000005,64176,357740
2025-09-19 00:00:00,122.60000000000005,125.45000000000002,118.70000000000005,121.59999999999997,92239,354592
2025-09-22 00:00:00,121.35000000000005,123.25000000000003,120.25000000000006,122.04999999999998,50317,359448
2025-09-23 00:00:00,121.74999999999997,123.6,119.09999999999997,120.90000000000003,81508,347558
2025-09-24 00:00:00,121.55000000000001,122.85000000000011,119.00000000000006,120.85000000000008,60601,348922
2025-09-25 00:00:00,120.89999999999989,122.89999999999992,117.84999999999997,120.84999999999994,80972,351002
2025-09-26 00:00:00,121.20000000000005,122.25000000000009,119.95000000000005,121.4,60231,352353
2025-09-29 00:00:00,121.29999999999995,123.25000000000003,119.69999999999999,121.74999999999997,68631,351237
2025-09-30 00:00:00,121.49999999999991,125.30000000000001,119.15000000000006,122.15000000000003,62260,353669
2025-10-09 00:00:00,122.5500000000001,124.95000000000005,120.34999999999997,123.14999999999998,51620,354156
2025-10-10 00:00:00,123.25000000000003,124.95000000000005,121.55000000000001,123.29999999999998,50839,349152
2025-10-13 00:00:00,124.00000000000006,125.85000000000008,122.15000000000003,123.79999999999995,60280,351310
2025-10-14 00:00:00,123.44999999999999,126.95000000000007,120.59999999999988,123.94999999999996,73462,370235
2025-10-15 00:00:00,123.65000000000009,125.45000000000002,122.60000000000005,123.99999999999991,47109,363743
2025-10-16 00:00:00,124.05000000000001,125.25000000000006,123.64999999999995,124.60000000000008,42876,368986
2025-10-17 00:00:00,124.75000000000009,125.85000000000008,123.6999999999999,125.15,47873,375836
2025-10-20 00:00:00,124.54999999999998,125.60000000000002,123.10000000000002,124.54999999999998,54788,363463
2025-10-21 00:00:00,124.34999999999988,125.15,122.90000000000006,124.29999999999993,45116,367867
2025-10-22 00:00:00,124.54999999999998,125.44999999999987,123.55000000000004,124.09999999999997,40005,370427
2025-10-23 00:00:00,124.05000000000001,125.79999999999998,122.60000000000005,123.9,59535,358123
2025-10-24 00:00:00,123.9,124.65000000000003,123.04999999999993,123.9,46576,356379
2025-10-27 00:00:00,123.55000000000004,126.15000000000009,121.65000000000006,124.29999999999993,58124,363410
2025-10-28 00:00:00,124.69999999999999,126.29999999999995,123.6,125.2000000000001,67869,377441
2025-10-29 00:00:00,125.0,127.90000000000006,122.15000000000003,125.0,91358,395388
2025-10-30 00:00:00,125.10000000000005,126.50000000000006,124.35000000000002,125.64999999999998,54366,394379
2025-10-31 00:00:00,125.0,126.84999999999988,124.69999999999999,126.15000000000009,51145,391979
2025-11-03 00:00:00,126.1,126.99999999999989,125.0,126.3000000000001,52682,395154
2025-11-04 00:00:00,126.4,127.10000000000008,125.10000000000005,126.29999999999995,50509,390630
2025-11-05 00:00:00,126.4500000000001,127.69999999999996,125.19999999999996,126.1,40527,385313
2025-11-06 00:00:00,126.14999999999995,127.30000000000004,124.54999999999998,125.69999999999993,41155,383124
2025-11-07 00:00:00,125.69999999999993,126.89999999999998,124.34999999999988,125.34999999999997,44485,378028
2025-11-10 00:00:00,125.10000000000005,126.80000000000007,124.20000000000002,125.45000000000002,49109,369791
2025-11-11 00:00:00,125.60000000000002,126.65000000000006,124.85,125.39999999999992,48332,357336
2025-11-12 00:00:00,125.60000000000002,126.74999999999997,124.69999999999999,125.49999999999997,40159,352726
2025-11-13 00:00:00,125.65000000000012,126.4,124.40000000000012,125.24999999999991,58282,326670
2025-11-14 00:00:00,125.15,126.50000000000006,124.00000000000006,125.40000000000006,52534,308862
2025-11-17 00:00:00,125.34999999999997,126.80000000000007,124.74999999999994,125.79999999999998,48783,297541
2025-11-18 00:00:00,125.89999999999989,127.04999999999998,124.9499999999999,125.79999999999998,51916,278320
2025-11-19 00:00:00,125.85000000000008,126.35000000000005,124.59999999999994,125.45000000000002,54572,243324
2025-11-20 00:00:00,125.10000000000005,127.00000000000003,124.35000000000002,125.49999999999997,71725,210015
2025-11-21 00:00:00,123.04999999999993,124.50000000000003,121.80000000000007,123.34999999999994,63448,270532
2025-11-24 00:00:00,123.25000000000003,124.80000000000004,122.04999999999998,123.39999999999989,63276,325010
2025-11-25 00:00:00,122.99999999999997,124.14999999999992,121.85000000000002,122.39999999999995,82221,363657
2025-11-26 00:00:00,122.45000000000005,124.85,118.75,121.14999999999995,77238,361542
2025-11-27 00:00:00,121.59999999999997,122.35,120.54999999999993,121.25,58494,357193
2025-11-28 00:00:00,121.4,122.69999999999996,120.60000000000002,121.94999999999993,55733,353550
2025-12-01 00:00:00,121.74999999999997,124.15000000000006,119.9499999999999,122.00000000000003,55894,347792
2025-12-02 00:00:00,122.04999999999998,122.95000000000002,120.99999999999994,122.10000000000008,55541,352963
2025-12-03 00:00:00,122.10000000000008,122.69999999999996,121.00000000000009,121.90000000000012,65002,366924
2025-12-04 00:00:00,121.44999999999996,123.40000000000003,118.29999999999998,120.75000000000003,99144,358191
2025-12-05 00:00:00,121.29999999999995,123.14999999999998,119.09999999999997,121.15000000000009,79563,354313
2025-12-08 00:00:00,121.4500000000001,123.25000000000003,120.0,121.64999999999992,72291,351420
2025-12-09 00:00:00,121.99999999999989,122.95000000000002,121.14999999999995,121.95000000000007,57038,350408
2025-12-10 00:00:00,121.64999999999992,123.29999999999998,120.90000000000003,122.04999999999998,53764,350252
2025-12-11 00:00:00,122.39999999999995,123.35000000000008,121.14999999999995,122.14999999999989,68556,357066
2025-12-12 00:00:00,122.5,124.24999999999997,119.69999999999999,121.65000000000006,74759,347266
2025-12-15 00:00:00,122.00000000000003,123.39999999999989,119.10000000000011,120.85000000000008,78602,351093
2025-12-16 00:00:00,120.49999999999997,122.14999999999989,119.89999999999995,121.1,67776,355318
2025-12-17 00:00:00,121.39999999999986,122.95000000000002,120.49999999999997,121.64999999999992,56518,357720
2025-12-18 00:00:00,121.59999999999997,122.94999999999987,120.49999999999997,121.60000000000011,59632,362074
2025-12-19 00:00:00,121.59999999999997,122.90000000000006,120.40000000000006,121.80000000000007,55498,374285
2025-12-22 00:00:00,121.50000000000006,123.10000000000002,119.05000000000001,121.20000000000005,64185,368175
2025-12-23 00:00:00,121.49999999999991,123.94999999999996,119.05000000000001,121.94999999999993,78932,394267
2025-12-24 00:00:00,121.79999999999993,122.80000000000001,120.94999999999999,122.04999999999998,54708,398023
2025-12-25 00:00:00,121.99999999999989,122.65,121.25,122.04999999999998,49022,404012
2025-12-26 00:00:00,121.85000000000002,123.49999999999994,120.84999999999994,122.5,57873,414762
2025-12-29 00:00:00,122.24999999999994,125.09999999999991,119.05000000000001,121.34999999999991,89420,386620
2025-12-30 00:00:00,121.1,122.30000000000004,120.40000000000006,121.25,67932,377607
2025-12-31 00:00:00,121.70000000000002,123.14999999999998,118.70000000000005,120.99999999999994,66075,371556
2026-01-05 00:00:00,121.25,122.65,120.19999999999996,121.50000000000006,69395,374440
2026-01-06 00:00:00,120.75000000000003,122.24999999999994,119.89999999999995,121.3000000000001,69068,381049
2026-01-07 00:00:00,120.99999999999994,122.80000000000001,119.45000000000007,121.1,69708,378610
2026-01-08 00:00:00,121.35000000000005,122.99999999999997,120.10000000000005,121.90000000000012,69446,376450
2026-01-09 00:00:00,122.39999999999995,123.14999999999998,121.25,121.95000000000007,53965,376774
2026-01-12 00:00:00,122.04999999999998,123.14999999999998,121.15000000000009,122.19999999999999,64381,369490
2026-01-13 00:00:00,122.39999999999995,123.05000000000007,121.59999999999997,122.24999999999994,44516,371099
2026-01-14 00:00:00,121.94999999999993,123.99999999999991,120.75000000000003,122.75000000000006,60586,369920
2026-01-15 00:00:00,122.95000000000002,125.25000000000006,121.20000000000005,122.74999999999991,72208,370937
2026-01-16 00:00:00,122.64999999999986,124.19999999999987,120.75000000000003,122.59999999999991,63287,377682
2026-01-19 00:00:00,123.10000000000002,123.85000000000005,121.65000000000006,122.5500000000001,43774,376430
2026-01-20 00:00:00,122.30000000000004,124.09999999999997,121.35000000000005,123.05000000000007,49231,389029
2026-01-21 00:00:00,123.40000000000003,124.24999999999997,122.09999999999994,123.20000000000007,54402,390533
2026-01-22 00:00:00,123.10000000000002,123.85000000000005,122.5,123.15000000000012,46900,391295
2026-01-23 00:00:00,123.20000000000007,124.05000000000001,122.35,123.14999999999998,63159,394939
2026-01-26 00:00:00,123.24999999999989,124.20000000000002,122.30000000000004,123.30000000000013,47329,392640
2026-01-27 00:00:00,123.29999999999998,124.44999999999993,122.35,123.44999999999999,52579,392242
2026-01-28 00:00:00,123.5499999999999,124.15000000000006,122.30000000000004,123.39999999999989,39214,388428
2026-01-29 00:00:00,123.34999999999994,124.95000000000005,122.75000000000006,123.75,61278,397826
2026-01-30 00:00:00,123.9500000000001,124.89999999999995,123.19999999999993,124.20000000000002,52879,399753
2026-02-02 00:00:00,124.54999999999998,125.40000000000006,122.89999999999992,123.9,57350,387006
2026-02-03 00:00:00,123.64999999999995,124.65000000000003,122.39999999999995,123.55000000000004,60771,388123
2026-02-04 00:00:00,123.79999999999995,124.60000000000008,122.95000000000002,123.9,68372,367882
2026-02-05 00:00:00,123.6999999999999,125.45000000000002,122.64999999999986,124.09999999999997,63288,367388
2026-02-06 00:00:00,124.30000000000007,125.79999999999998,123.8000000000001,124.75000000000009,61755,363522
2026-02-09 00:00:00,124.39999999999998,125.94999999999999,123.44999999999999,124.64999999999989,69532,342781
2026-02-10 00:00:00,124.60000000000008,125.19999999999996,123.99999999999991,124.69999999999999,56131,313265
2026-02-11 00:00:00,124.69999999999999,125.84999999999994,124.09999999999997,124.90000000000009,72124,289625
2026-02-12 00:00:00,124.35000000000002,125.49999999999997,123.49999999999994,124.39999999999998,37247,290836
2026-02-13 00:00:00,124.20000000000002,125.40000000000006,120.79999999999998,123.94999999999996,80609,271578
2026-02-24 00:00:00,124.24999999999997,125.79999999999998,122.60000000000005,124.30000000000007,90761,408529
2026-02-25 00:00:00,124.90000000000009,126.20000000000005,122.74999999999991,124.15000000000006,78619,451092
2026-02-26 00:00:00,123.85000000000005,125.2000000000001,122.19999999999999,123.9,65961,443974
2026-02-27 00:00:00,124.09999999999997,124.65000000000003,123.04999999999993,123.9,62384,438627
2026-03-02 00:00:00,124.14999999999992,125.45000000000002,123.30000000000013,124.50000000000003,46442,451748
2026-03-03 00:00:00,124.54999999999998,125.04999999999995,123.85000000000005,124.35000000000002,39092,456704
2026-03-04 00:00:00,124.20000000000002,125.34999999999997,123.10000000000002,124.10000000000011,60049,469767
2026-03-05 00:00:00,124.09999999999997,124.95000000000005,123.34999999999994,124.30000000000007,53320,477107
2026-03-06 00:00:00,124.29999999999993,124.89999999999995,123.49999999999994,124.24999999999997,51537,486343
2026-03-09 00:00:00,124.15000000000006,125.09999999999991,122.00000000000003,123.34999999999994,80258,469915
2026-03-10 00:00:00,123.9,124.75000000000009,122.00000000000003,123.30000000000013,69477,457847
2026-03-11 00:00:00,123.00000000000011,123.79999999999995,122.54999999999995,123.15000000000012,54976,453765
2026-03-12 00:00:00,122.85000000000011,124.24999999999997,122.24999999999994,123.40000000000003,57220,451970
2026-03-13 00:00:00,123.20000000000007,123.6,122.35,122.54999999999995,52863,449111
2026-03-16 00:00:00,122.25000000000009,123.50000000000009,120.75000000000003,122.35,73191,453277
2026-03-17 00:00:00,122.40000000000009,122.99999999999997,121.65000000000006,122.35,52422,455405
2026-03-18 00:00:00,122.04999999999998,123.6999999999999,121.20000000000005,122.69999999999996,52638,458988
2026-03-19 00:00:00,122.40000000000009,124.50000000000003,120.99999999999994,122.74999999999991,68977,465993
2026-03-20 00:00:00,122.80000000000001,124.09999999999997,121.59999999999997,122.69999999999996,75412,462789
2026-03-23 00:00:00,122.74999999999991,124.10000000000011,120.94999999999999,122.24999999999994,108186,457013
2026-03-24 00:00:00,122.4499999999999,123.19999999999993,121.34999999999991,122.5,66738,454480
2026-03-25 00:00:00,122.5,123.44999999999999,122.15000000000003,122.5,54586,454143
2026-03-26 00:00:00,122.45000000000005,123.9,121.74999999999997,122.75000000000006,54741,452697
2026-03-27 00:00:00,122.60000000000005,123.25000000000003,122.00000000000003,122.35,60121,452818
2026-03-30 00:00:00,122.59999999999991,123.79999999999995,121.65000000000006,122.99999999999997,73645,463813
2026-03-31 00:00:00,123.05000000000007,123.70000000000005,122.25000000000009,122.95000000000002,60022,475882
2026-04-01 00:00:00,122.95000000000002,124.39999999999998,120.85000000000008,122.35,83041,470505
2026-04-02 00:00:00,122.45000000000005,123.24999999999989,121.50000000000006,122.25000000000009,82012,458425
2026-04-03 00:00:00,122.04999999999998,123.40000000000003,121.35000000000005,122.69999999999996,75297,455047
2026-04-07 00:00:00,122.5500000000001,124.35000000000002,121.55000000000001,122.99999999999997,55586,458058
2026-04-08 00:00:00,122.85000000000011,123.85000000000005,122.65,123.55000000000004,56827,470646
2026-04-09 00:00:00,123.44999999999999,124.39999999999998,121.99999999999989,123.05000000000007,77744,471991
2026-04-10 00:00:00,123.10000000000002,124.35000000000002,122.39999999999995,123.35000000000008,79027,481107
2026-04-13 00:00:00,123.29999999999998,124.69999999999999,122.35,123.5499999999999,72736,483826
2026-04-14 00:00:00,123.20000000000007,126.05000000000004,122.25000000000009,124.25000000000011,93971,505841
2026-04-15 00:00:00,124.19999999999987,125.55000000000007,122.84999999999997,124.44999999999993,90988,517048
2026-04-16 00:00:00,124.09999999999997,125.2000000000001,123.25000000000003,123.94999999999996,79610,525717
2026-04-17 00:00:00,123.99999999999991,125.84999999999994,123.44999999999999,125.15,62086,542591
2026-04-20 00:00:00,125.30000000000001,126.25,124.30000000000007,125.15,56564,542707
2026-04-21 00:00:00,125.15,126.1,124.85,125.39999999999992,52549,550404
2026-04-22 00:00:00,126.05000000000004,126.60000000000011,124.95000000000005,125.70000000000007,53058,557555
2026-04-23 00:00:00,125.64999999999998,126.15000000000009,124.39999999999998,125.10000000000005,72314,555426
2026-04-24 00:00:00,125.09999999999991,126.25,123.84999999999991,124.59999999999994,73216,559690
2026-04-27 00:00:00,124.20000000000002,126.49999999999991,122.25000000000009,124.00000000000006,94604,540839
2026-04-28 00:00:00,124.29999999999993,124.7999999999999,123.29999999999998,124.05000000000001,85891,532087
2026-04-29 00:00:00,123.99999999999991,125.0500000000001,123.05000000000007,124.29999999999993,67251,525488
2026-04-30 00:00:00,124.15000000000006,125.04999999999995,122.99999999999997,124.00000000000006,69386,521162
2026-05-06 00:00:00,123.55000000000004,124.95000000000005,122.35,123.85000000000005,81397,512971
2026-05-07 00:00:00,123.8000000000001,124.80000000000004,123.00000000000011,123.9,50774,504717
2026-05-08 00:00:00,124.09999999999997,125.04999999999995,123.40000000000003,123.85000000000005,67113,502925
2026-05-11 00:00:00,123.50000000000009,125.49999999999997,122.24999999999994,124.54999999999998,83493,498815
2026-05-12 00:00:00,124.40000000000012,125.64999999999998,123.6,124.74999999999994,85079,488325
2026-05-13 00:00:00,124.95000000000005,125.79999999999998,123.94999999999996,124.89999999999995,75620,492519
2026-05-14 00:00:00,125.04999999999995,125.49999999999997,123.9,124.65000000000003,72726,482763
2026-05-15 00:00:00,124.85,125.75000000000003,123.8000000000001,124.39999999999998,89060,484039
2026-05-18 00:00:00,124.75000000000009,126.4,122.65,124.9499999999999,103337,456590
2026-05-19 00:00:00,125.45000000000002,126.95000000000007,124.19999999999987,125.84999999999994,86258,425977
2026-05-20 00:00:00,125.54999999999993,127.04999999999998,124.65000000000003,125.45000000000002,76061,405888
2026-05-21 00:00:00,125.79999999999998,127.19999999999999,123.34999999999994,124.89999999999995,93308,368741
2026-05-22 00:00:00,124.74999999999994,125.60000000000002,124.09999999999997,124.75000000000009,109050,289377
2026-05-25 00:00:00,126.4,127.39999999999995,124.9499999999999,126.35000000000005,93043,439381
2026-05-26 00:00:00,126.44999999999996,127.2999999999999,125.79999999999998,126.3000000000001,92248,503760
2026-05-27 00:00:00,126.4,127.90000000000006,125.99999999999994,127.04999999999998,103500,552402
2026-05-28 00:00:00,127.25000000000009,128.14999999999998,126.4,127.19999999999999,87915,572577
2026-05-29 00:00:00,126.95000000000007,129.05,125.79999999999998,127.5,94814,586069
2026-06-01 00:00:00,127.75000000000006,128.94999999999996,127.15000000000003,127.89999999999992,81315,591276
2026-06-02 00:00:00,127.89999999999992,129.05,127.2999999999999,128.30000000000013,62714,605093
2026-06-03 00:00:00,128.25000000000003,128.99999999999991,127.10000000000008,127.99999999999997,71744,610109
2026-06-04 00:00:00,127.94999999999987,129.44999999999993,126.4500000000001,128.20000000000007,71521,624416
2026-06-05 00:00:00,128.10000000000002,129.20000000000002,126.70000000000002,127.99999999999997,106748,623739
2026-06-08 00:00:00,128.14999999999998,128.99999999999991,126.25,127.54999999999995,107563,610427
2026-06-09 00:00:00,127.54999999999995,128.3999999999999,126.50000000000006,127.04999999999998,80843,611376
2026-06-10 00:00:00,127.30000000000004,129.14999999999992,124.64999999999989,126.69999999999987,93714,588385
2026-06-11 00:00:00,126.70000000000002,127.99999999999997,125.35000000000011,126.70000000000002,91066,564874
2026-06-12 00:00:00,126.74999999999997,127.95000000000002,125.79999999999998,127.04999999999998,84541,551271
2026-06-15 00:00:00,126.59999999999997,127.95000000000002,125.99999999999994,127.19999999999999,75733,542719
2026-06-16 00:00:00,127.40000000000009,129.1000000000001,125.49999999999997,127.24999999999994,86247,544765
2026-06-17 00:00:00,127.04999999999998,128.35000000000008,126.49999999999991,127.75000000000006,69607,555445
2026-06-18 00:00:00,127.60000000000005,128.19999999999993,126.79999999999993,127.35000000000014,59950,564408
2026-06-22 00:00:00,126.80000000000007,128.70000000000005,125.75000000000003,127.40000000000009,64924,566160
2026-06-23 00:00:00,127.30000000000004,128.10000000000002,126.10000000000014,127.00000000000003,59728,560462
2026-06-24 00:00:00,127.19999999999999,127.85000000000011,126.25,126.84999999999988,64270,566979
2026-06-25 00:00:00,126.95000000000007,128.50000000000009,126.3000000000001,127.45000000000005,81851,567286
2026-06-26 00:00:00,127.30000000000004,128.75,126.59999999999997,127.69999999999996,68843,577939
2026-06-29 00:00:00,127.95000000000002,129.24999999999997,126.89999999999998,128.19999999999993,76371,591449
2026-06-30 00:00:00,128.19999999999993,129.24999999999997,126.59999999999997,127.75000000000006,76116,593320
2026-07-01 00:00:00,127.59999999999991,129.14999999999992,125.34999999999997,126.94999999999993,101037,570471
2026-07-02 00:00:00,127.24999999999994,128.14999999999998,126.20000000000005,127.35,51216,562600
2026-07-03 00:00:00,127.35,127.89999999999992,126.49999999999991,126.94999999999993,61665,556049
