datetime,open,high,low,close,volume,openinterest
2018-08-17 00:00:00,99.4,99.405,99.075,99.16,8559,0
2018-08-20 00:00:00,99.1,99.26,99.1,99.215,1865,0
2018-08-21 00:00:00,99.185,99.235,99.12,99.185,1339,0
2018-08-22 00:00:00,99.235,99.29,99.19,99.2,1225,0
2018-08-23 00:00:00,99.28,99.28,99.225,99.275,819,0
2018-08-24 00:00:00,99.305,99.38,99.29,99.31,464,0
2018-08-27 00:00:00,99.27,99.3,99.205,99.27,671,0
2018-08-28 00:00:00,99.215,99.315,99.185,99.275,574,0
2018-08-29 00:00:00,99.27,99.32,99.225,99.31,210,0
2018-08-30 00:00:00,99.335,99.435,99.3,99.365,533,0
2018-08-31 00:00:00,99.36,99.4,99.315,99.375,239,0
2018-09-03 00:00:00,99.35,99.365,99.31,99.33,108,0
2018-09-04 00:00:00,99.315,99.315,99.265,99.28,90,0
2018-09-05 00:00:00,99.29,99.315,99.275,99.275,109,0
2018-09-06 00:00:00,99.29,99.305,99.265,99.27,204,0
2018-09-07 00:00:00,99.26,99.28,99.245,99.255,360,0
2018-09-10 00:00:00,99.25,99.275,99.22,99.25,393,0
2018-09-11 00:00:00,99.26,99.265,99.205,99.24,383,0
2018-09-12 00:00:00,99.25,99.255,99.22,99.24,365,0
2018-09-13 00:00:00,99.225,99.31,99.22,99.27,267,0
2018-09-14 00:00:00,99.295,99.305,99.275,99.3,129,0
2018-09-17 00:00:00,99.405,99.405,99.325,99.345,163,0
2018-09-18 00:00:00,99.385,99.385,99.335,99.34,126,0
2018-09-19 00:00:00,99.35,99.375,99.31,99.31,262,0
2018-09-20 00:00:00,99.27,99.3,99.25,99.275,163,0
2018-09-21 00:00:00,99.27,99.32,99.27,99.32,140,0
2018-09-25 00:00:00,99.305,99.33,99.28,99.295,136,0
2018-09-26 00:00:00,99.28,99.345,99.275,99.34,168,0
2018-09-27 00:00:00,99.38,99.4,99.345,99.395,205,0
2018-09-28 00:00:00,99.45,99.45,99.36,99.39,191,0
2018-10-08 00:00:00,99.38,99.405,99.32,99.385,162,0
2018-10-09 00:00:00,99.385,99.505,99.385,99.45,271,0
2018-10-10 00:00:00,99.48,99.48,99.43,99.45,195,0
2018-10-11 00:00:00,99.54,99.55,99.485,99.515,208,0
2018-10-12 00:00:00,99.505,99.53,99.495,99.525,119,0
2018-10-15 00:00:00,99.52,99.525,99.505,99.51,63,0
2018-10-16 00:00:00,99.495,99.535,99.475,99.535,280,0
2018-10-17 00:00:00,99.52,99.545,99.51,99.52,90,0
2018-10-18 00:00:00,99.535,99.56,99.525,99.535,97,0
2018-10-19 00:00:00,99.525,99.56,99.47,99.49,277,0
2018-10-22 00:00:00,99.45,99.46,99.43,99.44,172,0
2018-10-23 00:00:00,99.41,99.49,99.41,99.485,153,0
2018-10-24 00:00:00,99.47,99.51,99.47,99.505,73,0
2018-10-25 00:00:00,99.55,99.6,99.52,99.53,114,0
2018-10-26 00:00:00,99.515,99.54,99.505,99.53,57,0
2018-10-29 00:00:00,99.55,99.625,99.53,99.615,179,0
2018-10-30 00:00:00,99.65,99.65,99.565,99.61,249,0
2018-10-31 00:00:00,99.595,99.635,99.575,99.635,204,0
2018-11-01 00:00:00,99.63,99.655,99.6,99.64,315,0
2018-11-02 00:00:00,99.595,99.645,99.555,99.61,428,0
2018-11-05 00:00:00,99.57,99.665,99.57,99.655,566,0
2018-11-06 00:00:00,99.65,99.78,99.64,99.78,729,0
2018-11-07 00:00:00,99.755,99.9,99.715,99.885,656,0
2018-11-08 00:00:00,99.83,99.96,99.83,99.945,445,0
2018-11-09 00:00:00,99.935,99.97,99.89,99.9,282,0
2018-11-12 00:00:00,99.92,99.92,99.88,99.9,231,0
2018-11-13 00:00:00,99.95,99.95,99.88,99.885,53,0
2018-11-14 00:00:00,99.945,100.095,99.93,100.05,254,0
2018-11-15 00:00:00,100.05,100.1,100.05,100.055,85,0
2018-11-16 00:00:00,100.06,100.1,100.005,100.075,100,0
2018-11-19 00:00:00,100.06,100.08,100.02,100.025,110,0
2018-11-20 00:00:00,100.045,100.09,100.03,100.035,69,0
2018-11-21 00:00:00,100.105,100.14,100.035,100.04,58,0
2018-11-22 00:00:00,100.05,100.065,99.97,99.975,242,0
2018-11-23 00:00:00,100.0,100.025,99.96,99.975,116,0
2018-11-26 00:00:00,99.995,100.015,99.925,99.96,188,0
2018-11-27 00:00:00,99.95,100.0,99.93,99.985,134,0
2018-11-28 00:00:00,99.99,100.0,99.94,99.99,60,0
2018-11-29 00:00:00,100.0,100.035,99.965,100.02,93,0
2018-11-30 00:00:00,100.025,100.05,99.95,99.965,326,0
2018-12-03 00:00:00,99.72,100.0,99.72,99.96,260,0
2018-12-04 00:00:00,99.96,100.065,99.96,100.06,174,0
2018-12-05 00:00:00,100.145,100.15,100.055,100.065,375,0
2018-12-06 00:00:00,100.06,100.11,100.05,100.095,98,0
2018-12-07 00:00:00,100.09,100.12,100.06,100.12,64,0
2018-12-10 00:00:00,100.125,100.165,100.11,100.135,111,0
2018-12-11 00:00:00,100.11,100.14,100.1,100.105,147,0
2018-12-12 00:00:00,100.125,100.15,100.085,100.115,70,0
2018-12-13 00:00:00,100.125,100.13,100.03,100.04,134,0
2018-12-14 00:00:00,100.03,100.065,100.0,100.025,92,0
2018-12-17 00:00:00,100.01,100.03,99.985,100.01,255,0
2018-12-18 00:00:00,99.975,100.02,99.975,100.015,56,0
2018-12-19 00:00:00,100.035,100.05,99.99,100.02,71,0
2018-12-20 00:00:00,100.055,100.12,100.055,100.11,85,0
2018-12-21 00:00:00,100.075,100.125,100.06,100.07,82,0
2018-12-24 00:00:00,100.125,100.125,100.08,100.105,97,0
2018-12-25 00:00:00,100.1,100.15,100.085,100.11,103,0
2018-12-26 00:00:00,100.085,100.165,100.07,100.165,94,0
2018-12-27 00:00:00,100.16,100.17,100.09,100.17,115,0
2018-12-28 00:00:00,100.155,100.41,100.15,100.25,109,0
2019-01-02 00:00:00,100.25,100.335,100.25,100.33,144,0
2019-01-03 00:00:00,100.34,100.34,100.29,100.34,123,0
2019-01-04 00:00:00,100.39,100.4,100.325,100.34,134,0
2019-01-07 00:00:00,100.34,100.35,100.3,100.335,98,0
2019-01-08 00:00:00,100.335,100.44,100.325,100.425,183,0
2019-01-09 00:00:00,100.43,100.435,100.36,100.4,115,0
2019-01-10 00:00:00,100.41,100.445,100.38,100.415,206,0
2019-01-11 00:00:00,100.355,100.435,100.24,100.435,83,0
2019-01-14 00:00:00,100.415,100.46,100.35,100.45,188,0
2019-01-15 00:00:00,100.43,100.47,100.4,100.46,172,0
2019-01-16 00:00:00,100.455,100.605,100.435,100.605,190,0
2019-01-17 00:00:00,100.59,100.69,100.55,100.655,315,0
2019-01-18 00:00:00,100.66,100.68,100.59,100.605,146,0
2019-01-21 00:00:00,100.55,100.565,100.515,100.545,84,0
2019-01-22 00:00:00,100.53,100.635,100.51,100.6,104,0
2019-01-23 00:00:00,100.595,100.625,100.54,100.6,97,0
2019-01-24 00:00:00,100.555,100.59,100.435,100.445,279,0
2019-01-25 00:00:00,100.405,100.445,100.38,100.4,78,0
2019-01-28 00:00:00,100.385,100.405,100.34,100.405,17,0
2019-01-29 00:00:00,100.43,100.45,100.41,100.44,76,0
2019-01-30 00:00:00,100.485,100.485,100.27,100.38,277,0
2019-01-31 00:00:00,100.255,100.41,100.255,100.39,31,0
2019-02-01 00:00:00,100.405,100.41,100.34,100.34,11,0
2019-02-11 00:00:00,100.23,100.53,100.23,100.505,63,0
2019-02-12 00:00:00,100.5,100.52,100.455,100.505,8,0
2019-02-13 00:00:00,100.515,100.53,100.5,100.505,32,0
2019-02-14 00:00:00,100.27,100.51,100.27,100.475,41,0
2019-02-15 00:00:00,100.46,100.53,100.46,100.5,33,0
2019-02-18 00:00:00,100.49,100.525,100.44,100.485,52,0
2019-02-19 00:00:00,100.445,100.525,100.435,100.525,35,0
2019-02-20 00:00:00,100.54,100.555,100.54,100.55,41,0
2019-02-21 00:00:00,100.53,100.535,100.5,100.52,59,0
2019-02-22 00:00:00,100.5,100.54,100.5,100.52,56,0
2019-02-25 00:00:00,100.435,100.45,100.415,100.45,9,0
2019-02-26 00:00:00,100.46,100.615,100.46,100.605,68,0
2019-02-27 00:00:00,100.51,100.85,100.495,100.73,95,0
2019-02-28 00:00:00,101.0,101.0,101.0,101.0,1,0
2019-03-01 00:00:00,100.28,100.325,100.265,100.31,12,0
2019-03-04 00:00:00,100.22,100.325,100.22,100.325,19,0
2019-03-05 00:00:00,100.335,100.335,100.31,100.31,12,0
2019-03-06 00:00:00,100.31,100.31,100.21,100.27,34,0
2019-03-07 00:00:00,100.27,100.3,100.27,100.295,65,0
2019-03-08 00:00:00,100.345,100.37,100.32,100.34,15,0
2019-03-11 00:00:00,100.355,100.355,100.3,100.3,23,0
2019-03-12 00:00:00,100.3,100.3,100.275,100.285,9,0
2019-03-13 00:00:00,100.29,100.29,100.26,100.27,32,0
2019-03-14 00:00:00,100.265,100.265,100.23,100.24,12,0
2019-03-15 00:00:00,100.22,100.22,100.18,100.2,38,0
2019-03-18 00:00:00,100.18,100.18,100.15,100.155,43,0
2019-03-19 00:00:00,100.16,100.175,100.15,100.155,8,0
2019-03-20 00:00:00,100.145,100.145,99.915,100.08,220,0
2019-03-21 00:00:00,100.115,100.155,100.11,100.155,32,0
2019-03-22 00:00:00,100.16,100.19,100.16,100.19,3,0
2019-03-25 00:00:00,100.215,100.285,100.205,100.27,8,0
2019-03-26 00:00:00,100.325,100.325,100.245,100.28,27,0
2019-03-27 00:00:00,100.26,100.295,100.255,100.295,8,0
2019-03-28 00:00:00,100.3,100.32,100.3,100.305,56,0
2019-03-29 00:00:00,100.315,100.315,100.285,100.315,97,0
2019-04-01 00:00:00,100.28,100.33,100.24,100.265,66,0
2019-04-02 00:00:00,100.25,100.29,100.25,100.29,52,0
2019-04-03 00:00:00,100.31,100.31,100.155,100.16,166,0
2019-04-04 00:00:00,100.16,100.165,100.035,100.035,196,0
2019-04-08 00:00:00,100.03,100.09,100.03,100.055,98,0
2019-04-09 00:00:00,100.045,100.045,99.965,99.965,69,0
2019-04-10 00:00:00,99.97,99.98,99.9,99.97,57,0
2019-04-11 00:00:00,99.99,100.035,99.99,99.995,51,0
2019-04-12 00:00:00,99.985,99.99,99.98,99.98,6,0
2019-04-15 00:00:00,99.855,99.885,99.79,99.885,36,0
2019-04-16 00:00:00,99.89,99.9,99.85,99.85,31,0
2019-04-17 00:00:00,99.845,99.88,99.75,99.88,75,0
2019-04-18 00:00:00,99.855,99.87,99.84,99.865,45,0
2019-04-19 00:00:00,99.875,99.9,99.875,99.89,24,0
2019-04-22 00:00:00,99.84,99.855,99.84,99.845,26,0
2019-04-23 00:00:00,99.785,99.845,99.785,99.84,20,0
2019-04-24 00:00:00,100.01,100.01,99.795,99.795,9,0
2019-04-25 00:00:00,99.815,99.89,99.815,99.84,19,787
2019-04-26 00:00:00,99.825,99.85,99.815,99.815,7,787
2019-04-29 00:00:00,99.795,99.845,99.795,99.8,54,804
2019-04-30 00:00:00,99.8,99.89,99.8,99.86,89,770
2019-05-06 00:00:00,99.955,100.05,99.955,100.025,115,726
2019-05-07 00:00:00,99.98,100.045,99.98,100.03,81,702
2019-05-08 00:00:00,100.02,100.04,100.0,100.015,54,729
2019-05-09 00:00:00,100.035,100.05,100.03,100.03,48,706
2019-05-10 00:00:00,100.06,100.07,100.03,100.03,22,695
2019-05-13 00:00:00,100.155,100.16,100.11,100.11,0,694
2019-05-14 00:00:00,100.865,100.865,100.865,100.865,0,0
2019-05-15 00:00:00,100.865,100.865,100.865,100.865,0,0
2019-05-16 00:00:00,99.81,99.815,99.67,99.67,95,75
2019-05-17 00:00:00,100.035,100.075,100.035,100.07,247,841
2019-05-20 00:00:00,100.075,100.1,100.06,100.07,224,757
2019-05-21 00:00:00,100.065,100.07,100.055,100.06,136,823
2019-05-22 00:00:00,99.785,99.785,99.76,99.76,234,603
2019-05-23 00:00:00,99.75,99.775,99.75,99.765,412,949
2019-05-24 00:00:00,99.875,99.9,99.87,99.89,292,1236
2019-05-27 00:00:00,99.9,99.9,99.745,99.75,1260,1670
2019-05-28 00:00:00,99.675,99.85,99.675,99.845,554,1714
2019-05-29 00:00:00,99.885,99.935,99.885,99.93,475,2067
2019-05-30 00:00:00,99.885,99.91,99.885,99.9,322,2079
2019-05-31 00:00:00,100.24,100.24,100.19,100.19,4,298
2019-06-03 00:00:00,99.595,99.72,99.595,99.72,657,2103
2019-06-04 00:00:00,99.76,99.77,99.74,99.77,536,1804
2019-06-05 00:00:00,99.785,99.82,99.785,99.82,51,1801
2019-06-06 00:00:00,100.05,100.075,100.045,100.045,315,2470
2019-06-10 00:00:00,100.04,100.065,100.02,100.06,248,2597
2019-06-11 00:00:00,100.02,100.04,99.99,100.005,683,2355
2019-06-12 00:00:00,100.0,100.04,100.0,100.03,342,2390
2019-06-13 00:00:00,100.01,100.055,100.01,100.035,553,2480
2019-06-14 00:00:00,100.045,100.105,100.025,100.1,531,2656
2019-06-17 00:00:00,100.13,100.145,100.08,100.105,306,2594
2019-06-18 00:00:00,100.13,100.13,100.07,100.075,332,2720
2019-06-19 00:00:00,100.085,100.09,100.065,100.065,126,2719
2019-06-20 00:00:00,100.11,100.155,100.09,100.09,234,2688
2019-06-21 00:00:00,100.2,100.2,100.115,100.12,239,2634
2019-06-24 00:00:00,100.1,100.105,100.085,100.095,312,2594
2019-06-25 00:00:00,100.08,100.145,100.08,100.1,352,2655
2019-06-26 00:00:00,100.09,100.095,100.075,100.075,317,2584
2019-06-27 00:00:00,100.09,100.105,100.065,100.07,554,2709
2019-06-28 00:00:00,100.08,100.145,100.08,100.125,629,2797
2019-07-01 00:00:00,100.1,100.13,100.08,100.12,482,2994
2019-07-02 00:00:00,100.13,100.2,100.125,100.2,621,3063
2019-07-03 00:00:00,100.225,100.24,100.195,100.215,393,3117
2019-07-04 00:00:00,100.19,100.235,100.19,100.225,571,3306
2019-07-05 00:00:00,100.215,100.22,100.19,100.195,405,3329
2019-07-08 00:00:00,100.175,100.195,100.15,100.155,616,3387
2019-07-09 00:00:00,100.17,100.175,100.16,100.17,1643,3584
2019-07-10 00:00:00,100.175,100.175,100.165,100.17,2311,3916
2019-07-11 00:00:00,100.18,100.21,100.18,100.2,4128,4905
2019-07-12 00:00:00,100.195,100.215,100.19,100.21,2142,5502
2019-07-15 00:00:00,100.215,100.235,100.175,100.175,2149,5009
2019-07-16 00:00:00,100.175,100.195,100.165,100.175,2932,4987
2019-07-17 00:00:00,100.185,100.195,100.18,100.19,1826,5074
2019-07-18 00:00:00,100.185,100.23,100.185,100.225,1432,5160
2019-07-19 00:00:00,100.235,100.235,100.2,100.21,2268,4851
2019-07-22 00:00:00,100.2,100.245,100.2,100.24,1864,4965
2019-07-23 00:00:00,100.255,100.295,100.23,100.24,2006,4931
2019-07-24 00:00:00,100.225,100.225,100.195,100.2,2306,4733
2019-07-25 00:00:00,100.205,100.22,100.205,100.205,1605,4465
2019-07-26 00:00:00,100.21,100.225,100.21,100.225,1716,4407
2019-07-29 00:00:00,100.22,100.225,100.195,100.2,3845,4316
2019-07-30 00:00:00,100.205,100.205,100.19,100.195,5451,4831
2019-07-31 00:00:00,100.21,100.25,100.21,100.25,7192,4839
2019-08-01 00:00:00,100.25,100.25,100.235,100.245,3508,4633
2019-08-02 00:00:00,100.29,100.325,100.285,100.325,3779,5549
2019-08-05 00:00:00,100.325,100.43,100.315,100.43,9656,5402
2019-08-06 00:00:00,100.46,100.47,100.425,100.425,3944,5073
2019-08-07 00:00:00,100.435,100.445,100.425,100.44,3808,4671
2019-08-08 00:00:00,100.43,100.455,100.42,100.455,6619,4764
2019-08-09 00:00:00,100.46,100.485,100.46,100.485,4772,4373
2019-08-12 00:00:00,100.46,100.48,100.44,100.445,5425,3817
2019-08-13 00:00:00,100.5,100.5,100.46,100.46,3423,3785
2019-08-14 00:00:00,100.44,100.475,100.43,100.44,5013,3671
2019-08-15 00:00:00,100.46,100.485,100.395,100.41,7403,3442
2019-08-16 00:00:00,100.4,100.41,100.35,100.355,3997,3332
2019-08-19 00:00:00,100.355,100.38,100.35,100.38,751,3215
2019-08-20 00:00:00,100.25,100.275,100.25,100.265,5540,4245
2019-08-21 00:00:00,100.25,100.255,100.22,100.225,7513,4440
2019-08-22 00:00:00,100.22,100.265,100.22,100.26,8340,4758
2019-08-23 00:00:00,100.25,100.285,100.245,100.275,9543,4915
2019-08-26 00:00:00,100.31,100.38,100.3,100.315,6407,5152
2019-08-27 00:00:00,100.31,100.33,100.305,100.32,12145,5283
2019-08-28 00:00:00,100.33,100.345,100.31,100.31,10029,4947
2019-08-29 00:00:00,100.305,100.415,100.28,100.345,17013,4585
2019-08-30 00:00:00,100.325,100.335,100.275,100.285,21798,5145
2019-09-02 00:00:00,100.295,100.305,100.26,100.275,19411,5223
2019-09-03 00:00:00,100.265,100.3,100.26,100.26,12278,5513
2019-09-04 00:00:00,100.28,100.305,100.27,100.295,9989,5648
2019-09-05 00:00:00,100.36,100.39,100.345,100.36,8250,5536
2019-09-06 00:00:00,100.36,100.39,100.345,100.38,9927,5450
2019-09-09 00:00:00,100.36,100.37,100.35,100.365,10444,5578
2019-09-10 00:00:00,100.35,100.355,100.33,100.34,7866,5353
2019-09-11 00:00:00,100.33,100.34,100.32,100.33,8096,5166
2019-09-12 00:00:00,100.295,100.315,100.27,100.275,10478,6256
2019-09-16 00:00:00,100.215,100.305,100.215,100.295,12956,6150
2019-09-17 00:00:00,100.35,100.355,100.255,100.255,12900,6591
2019-09-18 00:00:00,100.265,100.295,100.245,100.245,11532,6079
2019-09-19 00:00:00,100.26,100.29,100.26,100.28,12952,6536
2019-09-20 00:00:00,100.29,100.3,100.27,100.285,9225,6428
2019-09-23 00:00:00,100.275,100.31,100.275,100.29,10199,6774
2019-09-24 00:00:00,100.3,100.33,100.28,100.28,12578,7075
2019-09-25 00:00:00,100.295,100.305,100.28,100.3,10878,7107
2019-09-26 00:00:00,100.295,100.3,100.255,100.255,15371,7579
2019-09-27 00:00:00,100.265,100.28,100.22,100.22,6960,7533
2019-09-30 00:00:00,100.225,100.26,100.215,100.255,7506,7431
2019-10-08 00:00:00,100.28,100.315,100.265,100.315,14355,7185
2019-10-09 00:00:00,100.32,100.345,100.295,100.305,16098,7119
2019-10-10 00:00:00,100.305,100.305,100.275,100.28,11438,7442
2019-10-11 00:00:00,100.255,100.255,100.215,100.24,18087,8415
2019-10-14 00:00:00,100.205,100.25,100.18,100.245,22266,8510
2019-10-15 00:00:00,100.24,100.28,100.23,100.26,33453,8600
2019-10-16 00:00:00,100.27,100.285,100.25,100.25,20613,9149
2019-10-17 00:00:00,100.25,100.29,100.25,100.285,20737,8483
2019-10-18 00:00:00,100.285,100.285,100.235,100.24,23856,8401
2019-10-21 00:00:00,100.24,100.24,100.18,100.19,18000,8919
2019-10-22 00:00:00,100.16,100.19,100.155,100.16,16289,9475
2019-10-23 00:00:00,100.17,100.19,100.155,100.185,18456,8902
2019-10-24 00:00:00,100.18,100.195,100.175,100.195,12132,8077
2019-10-25 00:00:00,100.19,100.205,100.175,100.18,20490,9387
2019-10-28 00:00:00,100.155,100.16,100.09,100.105,25013,11734
2019-10-29 00:00:00,100.1,100.12,100.07,100.075,29981,13366
2019-10-30 00:00:00,100.075,100.09,99.915,99.96,23297,13134
2019-10-31 00:00:00,100.005,100.095,99.975,100.095,17366,10873
2019-11-01 00:00:00,100.115,100.16,100.09,100.15,15844,10465
2019-11-04 00:00:00,100.12,100.155,100.105,100.15,17080,9874
2019-11-05 00:00:00,100.12,100.27,100.12,100.26,19319,8669
2019-11-06 00:00:00,100.255,100.265,100.205,100.22,15044,7385
2019-11-07 00:00:00,100.22,100.23,100.195,100.215,19384,7378
2019-11-08 00:00:00,100.175,100.255,100.175,100.25,27784,7107
2019-11-11 00:00:00,100.24,100.31,100.235,100.31,18832,6720
2019-11-12 00:00:00,100.315,100.32,100.26,100.26,3435,6176
2019-11-13 00:00:00,100.13,100.14,100.11,100.125,23835,9009
2019-11-14 00:00:00,100.125,100.145,100.105,100.115,24568,7302
2019-11-15 00:00:00,100.115,100.16,100.115,100.135,28022,8413
2019-11-18 00:00:00,100.135,100.25,100.135,100.24,23101,9414
2019-11-19 00:00:00,100.255,100.31,100.255,100.285,34715,10256
2019-11-20 00:00:00,100.3,100.315,100.27,100.305,30055,10884
2019-11-21 00:00:00,100.31,100.345,100.3,100.325,24708,10920
2019-11-22 00:00:00,100.35,100.395,100.25,100.315,27848,11469
2019-11-25 00:00:00,100.3,100.305,100.26,100.26,26570,11925
2019-11-26 00:00:00,100.26,100.285,100.245,100.285,28627,11751
2019-11-27 00:00:00,100.285,100.3,100.265,100.28,28832,11698
2019-11-28 00:00:00,100.285,100.285,100.27,100.275,22849,12054
2019-11-29 00:00:00,100.275,100.295,100.26,100.285,24559,12137
2019-12-02 00:00:00,100.215,100.25,99.78,100.195,25937,10945
2019-12-03 00:00:00,100.205,100.23,100.2,100.225,27916,11013
2019-12-04 00:00:00,100.28,100.285,100.24,100.26,35695,11326
2019-12-05 00:00:00,100.245,100.28,100.24,100.275,13237,10867
2019-12-06 00:00:00,100.27,100.275,100.22,100.235,16926,11556
2019-12-09 00:00:00,100.225,100.225,100.2,100.215,38899,11465
2019-12-10 00:00:00,100.225,100.26,100.22,100.25,16943,12212
2019-12-11 00:00:00,100.24,100.265,100.23,100.255,22406,13231
2019-12-12 00:00:00,100.25,100.27,100.245,100.265,18171,12728
2019-12-13 00:00:00,100.21,100.25,100.21,100.23,26259,12594
2019-12-16 00:00:00,100.235,100.25,100.215,100.22,25377,11951
2019-12-17 00:00:00,100.21,100.21,100.17,100.175,19249,12137
2019-12-18 00:00:00,100.165,100.195,100.16,100.165,19467,12780
2019-12-19 00:00:00,100.17,100.19,100.17,100.185,33474,12408
2019-12-20 00:00:00,100.19,100.295,100.19,100.295,20111,13239
2019-12-23 00:00:00,100.285,100.345,100.275,100.345,28283,12672
2019-12-24 00:00:00,100.36,100.385,100.33,100.34,21460,13305
2019-12-25 00:00:00,100.345,100.38,100.335,100.38,25002,13265
2019-12-26 00:00:00,100.38,100.45,100.38,100.43,23725,13322
2019-12-27 00:00:00,100.42,100.43,100.4,100.4,20349,13638
2019-12-30 00:00:00,100.39,100.42,100.38,100.42,18764,13972
2019-12-31 00:00:00,100.41,100.44,100.4,100.42,21395,13858
2020-01-02 00:00:00,100.4,100.42,100.365,100.37,17141,14817
2020-01-03 00:00:00,100.265,100.395,100.265,100.325,20543,15261
2020-01-06 00:00:00,100.3,100.36,100.3,100.345,14755,16316
2020-01-07 00:00:00,100.32,100.36,100.31,100.34,19610,16813
2020-01-08 00:00:00,100.36,100.385,100.33,100.37,13762,16862
2020-01-09 00:00:00,100.355,100.45,100.33,100.415,15213,17343
2020-01-10 00:00:00,100.405,100.525,100.405,100.52,13712,17207
2020-01-13 00:00:00,100.515,100.535,100.49,100.5,9863,17132
2020-01-14 00:00:00,100.49,100.49,100.44,100.45,17294,16212
2020-01-15 00:00:00,100.47,100.49,100.425,100.47,16514,16445
2020-01-16 00:00:00,100.46,100.5,100.44,100.46,19858,15922
2020-01-17 00:00:00,100.46,100.545,100.46,100.545,16173,16574
2020-01-20 00:00:00,100.535,100.655,100.535,100.655,14579,16555
2020-01-21 00:00:00,100.69,100.69,100.64,100.68,23642,15673
2020-01-22 00:00:00,100.72,100.735,100.625,100.645,12161,15574
2020-01-23 00:00:00,100.695,100.73,100.64,100.73,11854,14862
2020-02-03 00:00:00,101.01,101.13,100.89,100.94,6688,13466
2020-02-04 00:00:00,100.93,100.98,100.92,100.95,10821,13399
2020-02-05 00:00:00,100.905,101.03,100.9,100.995,13512,13599
2020-02-06 00:00:00,101.0,101.05,100.995,101.025,13416,13159
2020-02-07 00:00:00,101.03,101.13,101.03,101.12,15928,12804
2020-02-10 00:00:00,101.14,101.16,101.115,101.125,11973,12696
2020-02-11 00:00:00,101.12,101.12,101.02,101.055,12218,11133
2020-02-12 00:00:00,101.05,101.095,101.025,101.065,12024,10533
2020-02-13 00:00:00,101.075,101.155,101.07,101.12,10593,10310
2020-02-14 00:00:00,101.14,101.14,101.01,101.03,14960,9484
2020-02-17 00:00:00,101.035,101.115,101.03,101.045,14318,8433
2020-02-18 00:00:00,101.06,101.155,101.055,101.145,11384,7668
2020-02-19 00:00:00,101.14,101.17,101.1,101.125,3759,6855
2020-02-20 00:00:00,100.835,100.84,100.745,100.765,10444,10806
2020-02-21 00:00:00,100.78,100.845,100.77,100.81,7892,10821
2020-02-24 00:00:00,100.865,100.935,100.84,100.925,9707,10346
2020-02-25 00:00:00,100.945,100.985,100.92,100.925,9579,10190
2020-02-26 00:00:00,100.935,100.98,100.87,100.89,9042,10231
2020-02-27 00:00:00,100.91,100.975,100.89,100.965,9503,10541
2020-02-28 00:00:00,101.015,101.085,101.01,101.055,10826,10287
2020-03-02 00:00:00,101.075,101.075,101.0,101.01,11040,10833
2020-03-03 00:00:00,100.99,101.025,100.93,100.995,9149,11463
2020-03-04 00:00:00,101.01,101.135,101.01,101.1,10660,11508
2020-03-05 00:00:00,101.075,101.105,101.065,101.095,13129,11996
2020-03-06 00:00:00,101.11,101.185,101.11,101.18,11202,12489
2020-03-09 00:00:00,101.305,101.39,101.225,101.245,6894,12550
2020-03-10 00:00:00,101.235,101.235,101.02,101.04,15182,12373
2020-03-11 00:00:00,101.01,101.14,101.005,101.135,12484,12439
2020-03-12 00:00:00,101.14,101.195,101.1,101.105,11279,12558
2020-03-13 00:00:00,101.12,101.16,101.02,101.08,9882,11813
2020-03-16 00:00:00,101.125,101.17,101.025,101.065,8673,11849
2020-03-17 00:00:00,101.06,101.06,100.99,101.005,10809,12856
2020-03-18 00:00:00,100.99,101.135,100.97,101.1,10969,13621
2020-03-19 00:00:00,101.09,101.135,101.04,101.065,9059,14335
2020-03-20 00:00:00,101.07,101.225,101.065,101.18,14861,15545
2020-03-23 00:00:00,101.195,101.33,101.195,101.31,8243,15628
2020-03-24 00:00:00,101.3,101.455,101.28,101.38,10945,15169
2020-03-25 00:00:00,101.37,101.535,101.32,101.5,12926,15163
2020-03-26 00:00:00,101.515,101.59,101.515,101.55,9046,13860
2020-03-27 00:00:00,101.585,101.585,101.435,101.515,9013,14045
2020-03-30 00:00:00,101.505,101.725,101.46,101.63,12377,13025
2020-03-31 00:00:00,101.615,101.745,101.58,101.73,10483,13580
2020-04-01 00:00:00,101.74,101.845,101.645,101.685,10066,12673
2020-04-02 00:00:00,101.69,101.705,101.59,101.62,7204,12720
2020-04-03 00:00:00,101.58,101.695,101.58,101.595,5633,12769
2020-04-07 00:00:00,101.81,102.11,101.8,102.11,6498,12153
2020-04-08 00:00:00,102.225,102.42,102.14,102.42,12585,13552
2020-04-09 00:00:00,102.45,102.465,102.19,102.315,8763,13117
2020-04-10 00:00:00,102.3,102.3,102.045,102.18,10814,12957
2020-04-13 00:00:00,102.16,102.16,102.05,102.12,9905,13681
2020-04-14 00:00:00,102.13,102.295,102.13,102.195,10169,14046
2020-04-15 00:00:00,102.28,102.36,102.245,102.32,5104,14589
2020-04-16 00:00:00,102.36,102.4,102.285,102.3,5651,14587
2020-04-17 00:00:00,102.3,102.34,102.26,102.315,5771,15465
2020-04-20 00:00:00,102.34,102.46,102.34,102.42,5815,16461
2020-04-21 00:00:00,102.43,102.665,102.415,102.66,10739,18397
2020-04-22 00:00:00,102.665,102.77,102.635,102.69,8489,18054
2020-04-23 00:00:00,102.695,102.86,102.59,102.645,10451,15635
2020-04-24 00:00:00,102.66,102.7,102.51,102.65,8199,14707
2020-04-27 00:00:00,102.555,102.67,102.555,102.665,3799,14439
2020-04-28 00:00:00,102.665,102.72,102.605,102.64,5303,14071
2020-04-29 00:00:00,102.615,102.805,102.615,102.78,6298,13478
2020-04-30 00:00:00,102.705,102.805,102.605,102.67,5971,12335
2020-05-06 00:00:00,102.655,102.725,102.535,102.56,3789,11885
2020-05-07 00:00:00,102.545,102.555,102.3,102.325,7864,10832
2020-05-08 00:00:00,102.385,102.485,102.26,102.43,7551,10576
2020-05-11 00:00:00,102.43,102.52,102.265,102.315,6968,9631
2020-05-12 00:00:00,102.4,102.435,102.315,102.32,4786,9100
2020-05-13 00:00:00,102.345,102.44,102.325,102.37,4831,8377
2020-05-14 00:00:00,102.37,102.47,102.3,102.385,4948,7386
2020-05-15 00:00:00,102.37,102.515,102.37,102.445,3382,6800
2020-05-18 00:00:00,102.12,102.135,101.955,101.96,6588,10253
2020-05-19 00:00:00,101.855,102.0,101.745,101.875,8405,10626
2020-05-20 00:00:00,101.875,101.91,101.68,101.725,9909,10182
2020-05-21 00:00:00,101.735,101.82,101.67,101.75,7333,9451
2020-05-22 00:00:00,101.76,102.105,101.76,102.105,7150,9210
2020-05-25 00:00:00,102.015,102.055,101.725,101.745,5116,9332
2020-05-26 00:00:00,101.745,101.895,101.38,101.52,9457,9853
2020-05-27 00:00:00,101.52,101.61,101.3,101.365,8658,10197
2020-05-28 00:00:00,101.36,101.55,101.32,101.485,8492,10905
2020-05-29 00:00:00,101.46,101.555,101.44,101.485,5945,10993
2020-06-01 00:00:00,101.64,101.675,101.495,101.53,10506,11382
2020-06-02 00:00:00,101.46,101.525,101.195,101.22,15687,12853
2020-06-03 00:00:00,101.25,101.3,100.835,101.295,14448,14323
2020-06-04 00:00:00,101.245,101.35,101.065,101.075,11018,14604
2020-06-05 00:00:00,101.105,101.16,100.995,101.015,12714,14599
2020-06-08 00:00:00,101.03,101.23,100.965,101.225,10847,15015
2020-06-09 00:00:00,101.145,101.405,101.145,101.24,11160,15110
2020-06-10 00:00:00,101.26,101.345,101.09,101.15,9286,15261
2020-06-11 00:00:00,101.2,101.28,101.14,101.225,8959,15174
2020-06-12 00:00:00,101.325,101.375,101.23,101.285,10428,14794
2020-06-15 00:00:00,101.305,101.36,101.23,101.28,7137,14697
2020-06-16 00:00:00,101.175,101.26,101.125,101.13,6793,14838
2020-06-17 00:00:00,101.135,101.155,101.02,101.025,6640,15915
2020-06-18 00:00:00,101.175,101.26,100.98,101.08,8348,15968
2020-06-19 00:00:00,101.095,101.11,100.98,101.04,5867,16374
2020-06-22 00:00:00,101.045,101.08,100.935,100.94,5006,16930
2020-06-23 00:00:00,100.93,100.995,100.73,100.99,10808,16285
2020-06-24 00:00:00,101.0,101.2,101.0,101.2,8629,16242
2020-06-29 00:00:00,101.18,101.28,101.125,101.21,7622,15645
2020-06-30 00:00:00,101.1,101.23,101.1,101.22,5852,15857
2020-07-01 00:00:00,101.255,101.27,101.145,101.17,5662,16178
2020-07-02 00:00:00,101.11,101.225,101.11,101.215,5911,15986
2020-07-03 00:00:00,101.2,101.25,101.165,101.185,5706,15745
2020-07-06 00:00:00,101.115,101.17,100.79,100.8,10485,15939
2020-07-07 00:00:00,100.77,100.85,100.6,100.81,9344,15534
2020-07-08 00:00:00,100.81,100.835,100.615,100.67,10817,16320
2020-07-09 00:00:00,100.635,100.665,100.46,100.56,13053,16727
2020-07-10 00:00:00,100.58,100.75,100.565,100.635,9653,16688
2020-07-13 00:00:00,100.65,100.68,100.43,100.51,11687,16674
2020-07-14 00:00:00,100.62,100.695,100.565,100.605,2206,16639
2020-07-15 00:00:00,100.6,100.78,100.55,100.76,7987,15866
2020-07-16 00:00:00,100.755,100.825,100.715,100.805,7896,15885
2020-07-17 00:00:00,100.85,100.88,100.74,100.805,7276,15926
2020-07-20 00:00:00,100.8,100.87,100.74,100.805,5359,15822
2020-07-21 00:00:00,100.85,100.97,100.85,100.9,7751,15690
2020-07-22 00:00:00,100.885,100.98,100.805,100.97,6853,15465
2020-07-23 00:00:00,100.935,100.975,100.885,100.94,5435,15347
2020-07-24 00:00:00,100.925,101.03,100.9,100.965,6859,15629
2020-07-27 00:00:00,100.96,100.96,100.875,100.93,5924,15788
2020-07-28 00:00:00,100.9,100.905,100.84,100.865,5256,15506
2020-07-29 00:00:00,100.865,100.89,100.79,100.815,5954,15425
2020-07-30 00:00:00,100.785,100.83,100.775,100.815,5718,15436
2020-07-31 00:00:00,100.775,100.795,100.66,100.725,7668,15293
2020-08-03 00:00:00,100.59,100.795,100.59,100.755,5463,15549
2020-08-04 00:00:00,100.745,100.785,100.685,100.73,6043,15438
2020-08-05 00:00:00,100.735,100.8,100.6,100.615,6004,15233
2020-08-06 00:00:00,100.58,100.625,100.515,100.52,6947,15121
2020-08-07 00:00:00,100.52,100.6,100.505,100.545,6860,14832
2020-08-10 00:00:00,100.545,100.66,100.52,100.64,7607,14272
2020-08-11 00:00:00,100.635,100.635,100.565,100.625,7283,13567
2020-08-12 00:00:00,100.605,100.635,100.515,100.605,9619,13208
2020-08-13 00:00:00,100.59,100.64,100.57,100.62,4461,12842
2020-08-14 00:00:00,100.65,100.725,100.63,100.67,6871,12059
2020-08-17 00:00:00,100.705,100.72,100.655,100.685,5041,11511
2020-08-18 00:00:00,100.685,100.715,100.645,100.685,4990,11117
2020-08-19 00:00:00,100.665,100.685,100.565,100.57,4101,10637
2020-08-20 00:00:00,100.585,100.61,100.52,100.52,4322,9987
2020-08-21 00:00:00,100.535,100.57,100.52,100.545,2719,9220
2020-08-24 00:00:00,100.36,100.395,100.3,100.325,6175,11832
2020-08-25 00:00:00,100.27,100.325,100.22,100.255,7238,12486
2020-08-26 00:00:00,100.27,100.31,100.185,100.195,7395,12943
2020-08-27 00:00:00,100.19,100.23,100.15,100.155,7524,13101
2020-08-28 00:00:00,100.15,100.16,100.09,100.16,8619,13438
2020-08-31 00:00:00,100.16,100.21,100.135,100.195,6697,13719
2020-09-01 00:00:00,100.19,100.21,100.17,100.185,6653,14264
2020-09-02 00:00:00,100.17,100.17,100.085,100.105,5852,15128
2020-09-03 00:00:00,100.07,100.115,100.02,100.11,8576,17206
2020-09-04 00:00:00,100.15,100.17,100.06,100.07,5579,18002
2020-09-07 00:00:00,100.05,100.07,100.01,100.06,5922,18757
2020-09-08 00:00:00,100.095,100.135,100.075,100.115,6950,19365
2020-09-09 00:00:00,100.15,100.295,100.125,100.29,13128,20883
2020-09-10 00:00:00,100.24,100.39,100.235,100.35,10502,20895
2020-09-11 00:00:00,100.33,100.335,100.27,100.27,9706,20215
2020-09-14 00:00:00,100.235,100.29,100.155,100.26,4458,20797
2020-09-15 00:00:00,100.3,100.405,100.28,100.36,8978,20584
2020-09-16 00:00:00,100.42,100.465,100.385,100.385,7565,20258
2020-09-17 00:00:00,100.385,100.43,100.315,100.34,7189,20035
2020-09-18 00:00:00,100.375,100.45,100.35,100.385,7450,20503
2020-09-21 00:00:00,100.385,100.52,100.385,100.475,7417,21064
2020-09-22 00:00:00,100.5,100.545,100.415,100.475,8831,21514
2020-09-23 00:00:00,100.5,100.5,100.425,100.465,6698,20922
2020-09-24 00:00:00,100.48,100.49,100.36,100.375,7575,21186
2020-09-25 00:00:00,100.34,100.39,100.33,100.335,4708,21880
2020-09-28 00:00:00,100.31,100.365,100.285,100.36,4304,21503
2020-09-29 00:00:00,100.35,100.36,100.29,100.325,3647,21663
2020-09-30 00:00:00,100.33,100.345,100.2,100.22,4340,21556
2020-10-09 00:00:00,100.175,100.18,100.085,100.09,6093,22366
2020-10-12 00:00:00,100.07,100.17,100.04,100.145,5746,22633
2020-10-13 00:00:00,100.135,100.165,100.125,100.165,4768,23315
2020-10-14 00:00:00,100.145,100.155,100.095,100.1,6486,23603
2020-10-15 00:00:00,100.05,100.13,100.05,100.06,6223,23864
2020-10-16 00:00:00,100.075,100.13,100.02,100.125,7122,23610
2020-10-19 00:00:00,100.15,100.195,100.115,100.185,7629,23621
2020-10-20 00:00:00,100.17,100.2,100.145,100.195,7009,24645
2020-10-21 00:00:00,100.165,100.265,100.165,100.24,7771,25675
2020-10-22 00:00:00,100.27,100.355,100.27,100.325,8428,25816
2020-10-23 00:00:00,100.295,100.315,100.265,100.285,7628,25693
2020-10-26 00:00:00,100.25,100.295,100.205,100.235,7894,26243
2020-10-27 00:00:00,100.25,100.29,100.23,100.275,6616,26101
2020-10-28 00:00:00,100.31,100.37,100.225,100.29,8052,25887
2020-10-29 00:00:00,100.31,100.33,100.225,100.245,7208,25618
2020-10-30 00:00:00,100.245,100.3,100.23,100.255,6846,25867
2020-11-02 00:00:00,100.245,100.31,100.205,100.305,6593,26859
2020-11-03 00:00:00,100.33,100.36,100.275,100.29,6627,25526
2020-11-04 00:00:00,100.27,100.305,100.245,100.29,6725,25519
2020-11-05 00:00:00,100.265,100.305,100.2,100.215,6897,25469
2020-11-06 00:00:00,100.205,100.205,100.145,100.155,8412,25592
2020-11-09 00:00:00,100.11,100.145,100.1,100.12,7304,25651
2020-11-10 00:00:00,100.1,100.195,100.09,100.16,6238,25393
2020-11-11 00:00:00,100.165,100.215,100.12,100.145,5795,24737
2020-11-12 00:00:00,100.12,100.125,100.065,100.075,7040,23749
2020-11-13 00:00:00,100.055,100.065,99.97,100.0,9038,23335
2020-11-16 00:00:00,100.015,100.095,100.015,100.02,7502,22846
2020-11-17 00:00:00,100.015,100.04,99.995,99.995,3792,22607
2020-11-18 00:00:00,100.0,100.0,99.835,99.885,4414,22361
2020-11-19 00:00:00,99.88,99.885,99.82,99.84,5393,21402
2020-11-20 00:00:00,99.79,99.83,99.75,99.78,7570,20720
2020-11-23 00:00:00,99.84,99.87,99.84,99.855,3080,20091
2020-11-24 00:00:00,100.005,100.03,99.96,99.965,4318,10119
2020-11-25 00:00:00,99.83,99.925,99.78,99.905,3493,15733
2020-11-26 00:00:00,100.13,100.135,100.01,100.03,6786,12294
2020-11-27 00:00:00,100.08,100.1,99.99,99.99,6867,12990
2020-11-30 00:00:00,100.105,100.265,100.075,100.265,9711,14569
2020-12-01 00:00:00,100.28,100.285,100.2,100.21,5014,15375
2020-12-02 00:00:00,100.2,100.2,100.115,100.145,5718,15371
2020-12-03 00:00:00,100.135,100.16,100.07,100.11,4573,15609
2020-12-04 00:00:00,100.15,100.15,100.095,100.135,3871,16125
2020-12-07 00:00:00,100.13,100.13,100.07,100.105,3894,16769
2020-12-08 00:00:00,100.145,100.185,100.135,100.16,4218,16985
2020-12-09 00:00:00,100.185,100.195,100.115,100.15,8517,18816
2020-12-10 00:00:00,100.165,100.26,100.165,100.225,7255,19508
2020-12-11 00:00:00,100.215,100.215,100.14,100.15,8476,19740
2020-12-14 00:00:00,100.135,100.175,100.11,100.16,3597,20338
2020-12-15 00:00:00,100.25,100.305,100.215,100.255,8813,21025
2020-12-16 00:00:00,100.25,100.33,100.245,100.305,7194,21590
2020-12-17 00:00:00,100.27,100.29,100.2,100.2,7667,21363
2020-12-18 00:00:00,100.19,100.23,100.155,100.155,7780,21091
2020-12-21 00:00:00,100.21,100.285,100.21,100.265,6581,20930
2020-12-22 00:00:00,100.305,100.365,100.285,100.3,7224,20191
2020-12-23 00:00:00,100.36,100.415,100.31,100.39,7917,21436
2020-12-24 00:00:00,100.35,100.38,100.305,100.33,7554,21386
2020-12-25 00:00:00,100.31,100.4,100.31,100.4,4846,21554
2020-12-28 00:00:00,100.405,100.44,100.365,100.38,4767,21785
2020-12-29 00:00:00,100.41,100.42,100.365,100.41,5164,22494
2020-12-30 00:00:00,100.41,100.47,100.39,100.46,4174,22572
2020-12-31 00:00:00,100.49,100.51,100.38,100.385,4866,22040
2021-01-04 00:00:00,100.385,100.405,100.315,100.345,6034,21247
2021-01-05 00:00:00,100.345,100.44,100.345,100.425,6455,22154
2021-01-06 00:00:00,100.435,100.52,100.405,100.43,8585,22659
2021-01-07 00:00:00,100.5,100.52,100.455,100.48,7868,23318
2021-01-08 00:00:00,100.49,100.52,100.435,100.48,10033,24099
2021-01-11 00:00:00,100.48,100.48,100.405,100.455,7234,24733
2021-01-12 00:00:00,100.48,100.56,100.44,100.555,6585,24900
2021-01-13 00:00:00,100.57,100.66,100.53,100.65,9801,25591
2021-01-14 00:00:00,100.7,100.775,100.525,100.55,15444,25830
2021-01-15 00:00:00,100.54,100.595,100.435,100.435,11102,25876
2021-01-18 00:00:00,100.41,100.41,100.335,100.38,9156,25543
2021-01-19 00:00:00,100.385,100.425,100.37,100.395,6285,24939
2021-01-20 00:00:00,100.43,100.46,100.39,100.46,6708,24556
2021-01-21 00:00:00,100.45,100.525,100.445,100.51,7024,24058
2021-01-22 00:00:00,100.47,100.515,100.41,100.495,6569,23877
2021-01-25 00:00:00,100.485,100.51,100.445,100.475,7086,23399
2021-01-26 00:00:00,100.4,100.4,100.31,100.32,10381,22839
2021-01-27 00:00:00,100.28,100.355,100.235,100.335,10524,21566
2021-01-28 00:00:00,100.305,100.315,100.235,100.245,9158,21493
2021-01-29 00:00:00,100.28,100.33,100.1,100.255,12414,21334
2021-02-01 00:00:00,100.275,100.36,100.265,100.32,7678,20329
2021-02-02 00:00:00,100.33,100.365,100.32,100.33,6298,19990
2021-02-03 00:00:00,100.31,100.31,100.21,100.22,8200,18771
2021-02-04 00:00:00,100.215,100.235,100.15,100.155,6900,18034
2021-02-05 00:00:00,100.15,100.24,100.145,100.19,5886,18132
2021-02-08 00:00:00,100.2,100.24,100.155,100.235,6656,17073
2021-02-09 00:00:00,100.225,100.295,100.225,100.255,7179,15911
2021-02-10 00:00:00,100.255,100.255,100.205,100.23,3017,15534
2021-02-18 00:00:00,100.18,100.215,100.09,100.155,4506,14826
2021-02-19 00:00:00,100.2,100.295,100.185,100.29,5407,14251
2021-02-22 00:00:00,100.28,100.355,100.25,100.355,4861,12862
2021-02-23 00:00:00,100.34,100.41,100.335,100.395,5887,9921
2021-02-24 00:00:00,100.05,100.095,100.03,100.035,5656,10211
2021-02-25 00:00:00,100.0,100.05,99.975,100.04,5384,10892
2021-02-26 00:00:00,100.045,100.07,99.995,100.02,5707,11695
2021-03-01 00:00:00,100.025,100.08,100.025,100.055,6915,12348
2021-03-02 00:00:00,100.06,100.11,100.025,100.07,5573,12554
2021-03-03 00:00:00,100.07,100.135,100.025,100.05,6215,13880
2021-03-04 00:00:00,100.03,100.04,99.98,99.995,6638,15010
2021-03-05 00:00:00,99.99,100.09,99.965,100.085,8339,15782
2021-03-08 00:00:00,100.055,100.115,100.02,100.095,8344,16524
2021-03-09 00:00:00,100.08,100.095,100.005,100.055,10044,16996
2021-03-10 00:00:00,100.05,100.075,100.01,100.04,12589,18299
2021-03-11 00:00:00,100.045,100.055,99.99,100.0,9775,17915
2021-03-12 00:00:00,100.0,100.035,99.99,99.995,8002,18267
2021-03-15 00:00:00,100.0,100.005,99.935,99.97,7596,18257
2021-03-16 00:00:00,99.97,100.035,99.965,100.0,7361,18784
2021-03-17 00:00:00,100.035,100.075,100.035,100.04,9569,18895
2021-03-18 00:00:00,100.045,100.045,100.01,100.02,5339,18942
2021-03-19 00:00:00,100.03,100.12,100.03,100.1,7370,18926
2021-03-22 00:00:00,100.105,100.175,100.095,100.125,8561,19027
2021-03-23 00:00:00,100.12,100.145,100.11,100.125,6458,18969
2021-03-24 00:00:00,100.17,100.215,100.155,100.195,10147,20021
2021-03-25 00:00:00,100.195,100.215,100.17,100.215,6174,20410
2021-03-26 00:00:00,100.2,100.21,100.175,100.175,6547,20750
2021-03-29 00:00:00,100.17,100.175,100.125,100.17,6408,20629
2021-03-30 00:00:00,100.175,100.215,100.145,100.15,7590,20777
2021-03-31 00:00:00,100.17,100.21,100.155,100.21,8332,20770
2021-04-01 00:00:00,100.205,100.225,100.165,100.175,6783,21039
2021-04-02 00:00:00,100.17,100.235,100.17,100.205,8306,21286
2021-04-06 00:00:00,100.195,100.2,100.155,100.18,4798,21165
2021-04-07 00:00:00,100.17,100.175,100.095,100.1,15866,22339
2021-04-08 00:00:00,100.1,100.125,100.06,100.095,7530,22550
2021-04-09 00:00:00,100.115,100.15,100.11,100.135,7259,22531
2021-04-12 00:00:00,100.15,100.19,100.15,100.19,6211,22672
2021-04-13 00:00:00,100.22,100.32,100.22,100.32,10926,23361
2021-04-14 00:00:00,100.3,100.315,100.27,100.285,7333,23406
2021-04-15 00:00:00,100.28,100.3,100.255,100.26,5726,23235
2021-04-16 00:00:00,100.26,100.285,100.24,100.28,6933,23338
2021-04-19 00:00:00,100.29,100.32,100.245,100.315,6448,23768
2021-04-20 00:00:00,100.315,100.345,100.31,100.33,7945,24015
2021-04-21 00:00:00,100.335,100.385,100.325,100.365,10362,24624
2021-04-22 00:00:00,100.355,100.37,100.32,100.35,6825,24230
2021-04-23 00:00:00,100.35,100.385,100.345,100.365,8374,24668
2021-04-26 00:00:00,100.32,100.335,100.275,100.315,11835,25034
2021-04-27 00:00:00,100.32,100.365,100.305,100.305,9744,25016
2021-04-28 00:00:00,100.325,100.36,100.315,100.335,8103,24348
2021-04-29 00:00:00,100.37,100.395,100.32,100.365,13930,26516
2021-04-30 00:00:00,100.365,100.445,100.345,100.415,6937,25877
2021-05-06 00:00:00,100.415,100.465,100.395,100.445,5435,25794
2021-05-07 00:00:00,100.455,100.49,100.435,100.46,6435,25899
2021-05-10 00:00:00,100.465,100.535,100.435,100.535,5792,25763
2021-05-11 00:00:00,100.54,100.59,100.525,100.59,12668,22940
2021-05-12 00:00:00,100.59,100.61,100.52,100.53,9286,21406
2021-05-13 00:00:00,100.5,100.525,100.465,100.525,8168,21817
2021-05-14 00:00:00,100.525,100.555,100.495,100.535,11290,20078
2021-05-17 00:00:00,100.495,100.565,100.485,100.495,9883,17639
2021-05-18 00:00:00,100.49,100.505,100.41,100.48,6544,17052
2021-05-19 00:00:00,100.48,100.55,100.48,100.545,5697,16174
2021-05-20 00:00:00,100.3,100.365,100.265,100.36,11359,23073
2021-05-21 00:00:00,100.365,100.41,100.325,100.395,7931,24122
2021-05-24 00:00:00,100.41,100.425,100.305,100.335,9867,25287
2021-05-25 00:00:00,100.32,100.36,100.25,100.36,9255,26110
2021-05-26 00:00:00,100.365,100.405,100.35,100.355,9557,27224
2021-05-27 00:00:00,100.36,100.36,100.305,100.305,9958,26821
2021-05-28 00:00:00,100.3,100.315,100.275,100.285,10996,26655
2021-05-31 00:00:00,100.26,100.32,100.23,100.32,9135,27475
2021-06-01 00:00:00,100.32,100.365,100.31,100.32,8153,27674
2021-06-02 00:00:00,100.315,100.34,100.27,100.28,11819,27783
2021-06-03 00:00:00,100.295,100.315,100.275,100.305,8520,27988
2021-06-04 00:00:00,100.305,100.315,100.22,100.225,8251,28295
2021-06-07 00:00:00,100.18,100.205,100.14,100.17,12764,28891
2021-06-08 00:00:00,100.19,100.215,100.165,100.17,11140,29109
2021-06-09 00:00:00,100.165,100.19,100.155,100.17,11838,29117
2021-06-10 00:00:00,100.205,100.235,100.19,100.215,8475,29069
2021-06-11 00:00:00,100.21,100.22,100.165,100.17,8771,28896
2021-06-15 00:00:00,100.16,100.2,100.135,100.19,5906,29428
2021-06-16 00:00:00,100.19,100.21,100.17,100.185,7204,29277
2021-06-17 00:00:00,100.17,100.195,100.155,100.16,8049,29708
2021-06-18 00:00:00,100.175,100.245,100.165,100.23,8088,30530
2021-06-21 00:00:00,100.265,100.295,100.24,100.29,9115,30212
2021-06-22 00:00:00,100.27,100.31,100.25,100.305,11915,30620
2021-06-23 00:00:00,100.31,100.37,100.31,100.36,11698,31862
2021-06-24 00:00:00,100.385,100.43,100.365,100.38,13091,31100
2021-06-25 00:00:00,100.38,100.395,100.37,100.385,6032,31542
2021-06-28 00:00:00,100.39,100.425,100.35,100.355,10375,31629
2021-06-29 00:00:00,100.33,100.39,100.33,100.38,9690,31798
2021-06-30 00:00:00,100.385,100.43,100.37,100.425,10349,31561
2021-07-01 00:00:00,100.43,100.51,100.375,100.375,7300,31524
2021-07-02 00:00:00,100.375,100.425,100.375,100.4,6938,31346
2021-07-05 00:00:00,100.435,100.45,100.4,100.42,6257,31178
2021-07-06 00:00:00,100.41,100.435,100.39,100.4,8251,31204
2021-07-07 00:00:00,100.41,100.5,100.39,100.475,11679,32120
2021-07-08 00:00:00,100.595,100.65,100.575,100.595,12437,30953
2021-07-09 00:00:00,100.58,100.59,100.51,100.54,8315,30111
2021-07-12 00:00:00,100.6,100.715,100.595,100.685,9955,31105
2021-07-13 00:00:00,100.68,100.74,100.68,100.705,6697,31019
2021-07-14 00:00:00,100.74,100.785,100.715,100.74,10423,31205
2021-07-15 00:00:00,100.705,100.725,100.665,100.665,9855,31345
2021-07-16 00:00:00,100.665,100.725,100.665,100.72,4151,31200
2021-07-19 00:00:00,100.74,100.74,100.695,100.73,5039,30640
2021-07-20 00:00:00,100.755,100.8,100.74,100.78,9027,31543
2021-07-21 00:00:00,100.795,100.83,100.765,100.83,6813,31936
2021-07-22 00:00:00,100.815,100.825,100.775,100.81,5267,32289
2021-07-23 00:00:00,100.84,100.88,100.805,100.87,4838,32349
2021-07-26 00:00:00,100.88,100.945,100.88,100.91,6723,32120
2021-07-27 00:00:00,100.89,100.91,100.61,100.75,16408,31000
2021-07-28 00:00:00,100.76,100.84,100.75,100.775,8656,29572
2021-07-29 00:00:00,100.8,100.845,100.8,100.815,6436,28880
2021-07-30 00:00:00,100.9,101.15,100.85,100.925,9719,27576
2021-08-02 00:00:00,100.975,101.025,100.92,100.965,8928,27988
2021-08-03 00:00:00,100.955,100.97,100.9,100.91,7465,27523
2021-08-04 00:00:00,100.895,100.91,100.87,100.9,8120,26160
2021-08-05 00:00:00,100.92,100.94,100.895,100.94,8763,25579
2021-08-06 00:00:00,100.89,100.92,100.89,100.91,6627,24526
2021-08-09 00:00:00,100.89,100.89,100.775,100.785,9102,23085
2021-08-10 00:00:00,100.75,100.81,100.73,100.795,11698,21676
2021-08-11 00:00:00,100.79,100.805,100.76,100.775,6086,20712
2021-08-12 00:00:00,100.775,100.815,100.705,100.79,8627,19023
2021-08-13 00:00:00,100.79,100.79,100.75,100.775,6529,17970
2021-08-16 00:00:00,100.79,100.79,100.735,100.77,7223,16410
2021-08-17 00:00:00,100.77,100.81,100.76,100.8,6768,15130
2021-08-18 00:00:00,100.765,100.915,100.755,100.9,7217,13592
2021-08-19 00:00:00,100.915,100.945,100.83,100.87,3395,12490
2021-08-20 00:00:00,100.81,100.81,100.695,100.72,8239,17634
2021-08-23 00:00:00,100.715,100.73,100.685,100.69,6331,18185
2021-08-24 00:00:00,100.695,100.735,100.67,100.735,5191,18640
2021-08-25 00:00:00,100.745,100.8,100.745,100.76,7772,19600
2021-08-26 00:00:00,100.755,100.755,100.685,100.695,8080,19698
2021-08-27 00:00:00,100.7,100.76,100.7,100.76,9758,20926
2021-08-30 00:00:00,100.745,100.805,100.73,100.795,9112,22200
2021-08-31 00:00:00,100.81,100.835,100.775,100.79,8886,23188
2021-09-01 00:00:00,100.79,100.9,100.79,100.89,9629,24516
2021-09-02 00:00:00,100.88,100.88,100.83,100.835,6912,24707
2021-09-03 00:00:00,100.835,100.85,100.8,100.805,7440,25046
2021-09-06 00:00:00,100.82,100.84,100.76,100.77,8238,25514
2021-09-07 00:00:00,100.765,100.785,100.725,100.73,6303,24718
2021-09-08 00:00:00,100.73,100.76,100.7,100.725,8635,25102
2021-09-09 00:00:00,100.72,100.755,100.71,100.715,6809,25117
2021-09-10 00:00:00,100.8,100.8,100.68,100.73,8044,25134
2021-09-13 00:00:00,100.725,100.74,100.615,100.625,8301,25571
2021-09-14 00:00:00,100.625,100.65,100.61,100.645,9689,25037
2021-09-15 00:00:00,100.665,100.7,100.615,100.62,9569,26185
2021-09-16 00:00:00,100.62,100.67,100.615,100.665,8497,26370
2021-09-17 00:00:00,100.7,100.725,100.675,100.7,8000,26435
2021-09-22 00:00:00,100.725,100.775,100.725,100.77,5786,26363
2021-09-23 00:00:00,100.77,100.82,100.75,100.81,8622,26515
2021-09-24 00:00:00,100.795,100.81,100.77,100.78,7832,27055
2021-09-27 00:00:00,100.785,100.805,100.745,100.755,9424,27451
2021-09-28 00:00:00,100.755,100.76,100.725,100.74,11180,27286
2021-09-29 00:00:00,100.735,100.795,100.72,100.79,7952,26915
2021-09-30 00:00:00,100.8,100.825,100.75,100.79,9893,27377
2021-10-08 00:00:00,100.78,100.79,100.725,100.75,10561,26852
2021-10-11 00:00:00,100.735,100.735,100.64,100.645,8884,26436
2021-10-12 00:00:00,100.66,100.69,100.625,100.66,9730,26019
2021-10-13 00:00:00,100.65,100.68,100.62,100.655,10921,26067
2021-10-14 00:00:00,100.66,100.695,100.63,100.64,13842,25628
2021-10-15 00:00:00,100.635,100.665,100.555,100.61,10620,26116
2021-10-18 00:00:00,100.5,100.535,100.48,100.515,12780,25371
2021-10-19 00:00:00,100.48,100.55,100.48,100.545,13051,25721
2021-10-20 00:00:00,100.58,100.595,100.535,100.54,12588,25086
2021-10-21 00:00:00,100.57,100.61,100.555,100.61,17840,24911
2021-10-22 00:00:00,100.61,100.625,100.585,100.6,12189,24298
2021-10-25 00:00:00,100.605,100.635,100.595,100.61,8608,24276
2021-10-26 00:00:00,100.615,100.65,100.605,100.63,10270,24411
2021-10-27 00:00:00,100.635,100.66,100.62,100.64,10662,24706
2021-10-28 00:00:00,100.64,100.665,100.62,100.655,12868,24966
2021-10-29 00:00:00,100.655,100.68,100.615,100.63,14592,24891
2021-11-01 00:00:00,100.66,100.705,100.63,100.69,12683,24327
2021-11-02 00:00:00,100.69,100.75,100.66,100.73,11652,23879
2021-11-03 00:00:00,100.73,100.785,100.73,100.745,15646,24431
2021-11-04 00:00:00,100.75,100.77,100.735,100.755,10522,24457
2021-11-05 00:00:00,100.78,100.865,100.78,100.86,20952,24564
2021-11-08 00:00:00,100.865,100.895,100.83,100.845,16780,23590
2021-11-09 00:00:00,100.825,100.85,100.8,100.845,17257,22591
2021-11-10 00:00:00,100.85,100.865,100.815,100.83,16615,22455
2021-11-11 00:00:00,100.82,100.83,100.8,100.815,17606,22477
2021-11-12 00:00:00,100.81,100.84,100.805,100.805,6661,22583
2021-11-15 00:00:00,100.805,100.855,100.785,100.855,12368,21141
2021-11-16 00:00:00,100.86,100.865,100.82,100.84,11934,19881
2021-11-17 00:00:00,100.845,100.845,100.775,100.78,13470,17108
2021-11-18 00:00:00,100.78,100.815,100.765,100.775,11676,14450
2021-11-19 00:00:00,100.77,100.82,100.73,100.735,10415,11965
2021-11-22 00:00:00,100.72,100.775,100.71,100.765,6741,24155
2021-11-23 00:00:00,100.755,100.76,100.72,100.745,5905,24556
2021-11-24 00:00:00,100.76,100.85,100.76,100.835,8982,25525
2021-11-25 00:00:00,100.815,100.835,100.8,100.82,9035,26200
2021-11-26 00:00:00,100.83,100.88,100.83,100.875,12889,28295
2021-11-29 00:00:00,100.88,100.88,100.83,100.86,6290,29920
2021-11-30 00:00:00,100.825,100.83,100.77,100.815,10357,30617
2021-12-01 00:00:00,100.81,100.81,100.775,100.775,14706,31360
2021-12-02 00:00:00,100.78,100.8,100.725,100.75,12113,30698
2021-12-03 00:00:00,100.745,100.765,100.705,100.72,8535,30371
2021-12-06 00:00:00,100.81,100.88,100.81,100.825,10176,31653
2021-12-07 00:00:00,100.835,100.84,100.775,100.78,15089,32500
2021-12-08 00:00:00,100.785,100.795,100.735,100.76,12078,33994
2021-12-09 00:00:00,100.75,100.81,100.735,100.79,8899,34468
2021-12-10 00:00:00,100.795,100.825,100.795,100.81,15053,35384
2021-12-13 00:00:00,100.815,100.845,100.785,100.84,11460,36296
2021-12-14 00:00:00,100.85,100.925,100.85,100.895,17681,39941
2021-12-15 00:00:00,100.875,100.925,100.8,100.92,11510,41013
2021-12-16 00:00:00,100.91,100.92,100.87,100.895,12599,41886
2021-12-17 00:00:00,100.895,100.945,100.885,100.89,16107,42537
2021-12-20 00:00:00,100.89,100.89,100.79,100.845,17504,42157
2021-12-21 00:00:00,100.84,100.85,100.805,100.85,22359,41939
2021-12-22 00:00:00,100.845,100.91,100.835,100.905,22845,43014
2021-12-23 00:00:00,100.91,100.96,100.905,100.95,21697,45688
2021-12-24 00:00:00,100.96,100.975,100.91,100.92,18458,46387
2021-12-27 00:00:00,100.93,100.995,100.925,100.95,22186,47293
2021-12-28 00:00:00,100.965,100.98,100.925,100.96,18887,46549
2021-12-29 00:00:00,100.985,101.01,100.97,101.005,13432,46546
2021-12-30 00:00:00,100.99,101.08,100.985,101.07,15854,46968
2021-12-31 00:00:00,101.025,101.11,100.965,101.08,15615,48863
2022-01-04 00:00:00,101.06,101.09,101.02,101.085,11554,49090
2022-01-05 00:00:00,101.08,101.085,101.045,101.055,12058,48798
2022-01-06 00:00:00,101.05,101.05,100.985,100.985,15275,46922
2022-01-07 00:00:00,100.985,101.0,100.955,100.99,14495,46369
2022-01-10 00:00:00,101.005,101.055,101.005,101.035,8941,45757
2022-01-11 00:00:00,101.025,101.085,101.025,101.075,9602,46185
2022-01-12 00:00:00,101.085,101.11,101.065,101.065,11060,46181
2022-01-13 00:00:00,101.07,101.085,101.03,101.06,12717,46382
2022-01-14 00:00:00,101.095,101.095,101.04,101.05,13998,46299
2022-01-17 00:00:00,101.085,101.155,101.085,101.12,21314,47270
2022-01-18 00:00:00,101.15,101.29,101.15,101.275,16251,49486
2022-01-19 00:00:00,101.31,101.38,101.31,101.325,17528,50814
2022-01-20 00:00:00,101.34,101.355,101.315,101.34,10487,50279
2022-01-21 00:00:00,101.345,101.445,101.34,101.44,11942,51767
2022-01-24 00:00:00,101.5,101.5,101.45,101.465,11332,51467
2022-01-25 00:00:00,101.47,101.47,101.375,101.385,13087,48903
2022-01-26 00:00:00,101.35,101.36,101.295,101.345,15956,47268
2022-01-27 00:00:00,101.335,101.38,101.295,101.345,12694,46350
2022-01-28 00:00:00,101.37,101.465,101.365,101.465,9885,46052
2022-02-07 00:00:00,101.45,101.45,101.28,101.405,10700,45398
2022-02-08 00:00:00,101.43,101.445,101.365,101.37,14328,43430
2022-02-09 00:00:00,101.35,101.36,101.31,101.335,17339,40084
2022-02-10 00:00:00,101.35,101.37,101.34,101.35,11825,38822
2022-02-11 00:00:00,101.28,101.295,101.21,101.23,23763,34931
2022-02-14 00:00:00,101.245,101.26,101.2,101.21,13277,33606
2022-02-15 00:00:00,101.21,101.235,101.175,101.215,11016,31075
2022-02-16 00:00:00,101.18,101.23,101.175,101.22,20694,27168
2022-02-17 00:00:00,101.24,101.265,101.215,101.22,14378,24011
2022-02-18 00:00:00,101.21,101.235,101.185,101.19,12327,21615
2022-02-21 00:00:00,101.165,101.19,101.085,101.115,10273,17678
2022-02-22 00:00:00,101.115,101.15,101.0,101.025,17624,28006
2022-02-23 00:00:00,101.06,101.12,101.06,101.11,11393,28836
2022-02-24 00:00:00,101.13,101.16,101.105,101.115,11407,30173
2022-02-25 00:00:00,101.1,101.185,101.085,101.165,10146,30371
2022-02-28 00:00:00,101.17,101.23,101.17,101.195,11369,30175
2022-03-01 00:00:00,101.205,101.22,101.14,101.145,15379,32193
2022-03-02 00:00:00,101.11,101.155,101.095,101.125,13931,32860
2022-03-03 00:00:00,101.105,101.12,101.02,101.03,25253,35700
2022-03-04 00:00:00,101.06,101.075,101.015,101.05,23793,34512
2022-03-07 00:00:00,101.03,101.155,101.015,101.135,19106,35015
2022-03-08 00:00:00,101.135,101.2,101.135,101.18,17224,35920
2022-03-09 00:00:00,101.155,101.155,101.045,101.11,21398,36581
2022-03-10 00:00:00,101.12,101.165,101.085,101.095,13270,36461
2022-03-11 00:00:00,101.055,101.285,101.03,101.25,28936,38819
2022-03-14 00:00:00,101.32,101.4,101.3,101.355,30309,38647
2022-03-15 00:00:00,101.25,101.31,101.13,101.16,20455,36693
2022-03-16 00:00:00,101.155,101.25,101.045,101.175,21002,38206
2022-03-17 00:00:00,101.195,101.215,101.145,101.175,11342,39652
2022-03-18 00:00:00,101.18,101.28,101.175,101.26,14565,39861
2022-03-21 00:00:00,101.23,101.235,101.17,101.18,11938,39276
2022-03-22 00:00:00,101.145,101.145,101.105,101.11,14827,39246
2022-03-23 00:00:00,101.125,101.17,101.115,101.125,13056,39258
2022-03-24 00:00:00,101.125,101.16,101.09,101.16,10439,39479
2022-03-25 00:00:00,101.16,101.18,101.14,101.175,11917,40275
2022-03-28 00:00:00,101.19,101.235,101.145,101.155,9985,40148
2022-03-29 00:00:00,101.155,101.175,101.135,101.155,8714,40065
2022-03-30 00:00:00,101.165,101.24,101.16,101.22,11981,40707
2022-03-31 00:00:00,101.22,101.225,101.185,101.195,13215,42086
2022-04-01 00:00:00,101.22,101.285,101.205,101.25,12782,42998
2022-04-06 00:00:00,101.29,101.315,101.255,101.285,8641,43086
2022-04-07 00:00:00,101.305,101.365,101.29,101.35,11077,44884
2022-04-08 00:00:00,101.345,101.36,101.275,101.305,10920,44827
2022-04-11 00:00:00,101.32,101.32,101.225,101.235,10388,44553
2022-04-12 00:00:00,101.245,101.385,101.195,101.235,15613,44454
2022-04-13 00:00:00,101.225,101.275,101.22,101.26,12385,45348
2022-04-14 00:00:00,101.32,101.35,101.29,101.3,14887,46267
2022-04-15 00:00:00,101.285,101.4,101.275,101.335,24298,48268
2022-04-18 00:00:00,101.25,101.295,101.23,101.25,17785,48787
2022-04-19 00:00:00,101.255,101.295,101.21,101.225,15446,48907
2022-04-20 00:00:00,101.21,101.225,101.17,101.195,32475,46355
2022-04-21 00:00:00,101.2,101.22,101.185,101.21,17803,45980
2022-04-22 00:00:00,101.205,101.215,101.125,101.145,24348,43694
2022-04-25 00:00:00,101.175,101.21,101.16,101.195,16181,42418
2022-04-26 00:00:00,101.19,101.21,101.16,101.18,15080,40825
2022-04-27 00:00:00,101.16,101.165,101.1,101.11,21787,39498
2022-04-28 00:00:00,101.095,101.1,101.025,101.06,20579,37390
2022-04-29 00:00:00,101.095,101.14,101.065,101.135,19973,38008
2022-05-05 00:00:00,101.13,101.15,101.11,101.145,10546,37358
2022-05-06 00:00:00,101.14,101.14,101.065,101.12,21684,33902
2022-05-09 00:00:00,101.145,101.145,101.11,101.145,19262,30944
2022-05-10 00:00:00,101.165,101.23,101.165,101.22,16046,27641
2022-05-11 00:00:00,101.205,101.205,101.145,101.18,15916,25671
2022-05-12 00:00:00,101.185,101.24,101.185,101.225,13220,24396
2022-05-13 00:00:00,101.255,101.275,101.215,101.215,16435,24159
2022-05-16 00:00:00,101.18,101.255,101.17,101.25,10560,22635
2022-05-17 00:00:00,101.25,101.3,101.25,101.29,9368,21513
2022-05-18 00:00:00,101.29,101.34,101.28,101.335,9075,18795
2022-05-19 00:00:00,101.115,101.145,101.045,101.065,14803,34022
2022-05-20 00:00:00,101.025,101.06,101.015,101.05,14654,34972
2022-05-23 00:00:00,101.08,101.1,101.065,101.095,10924,35302
2022-05-24 00:00:00,101.095,101.11,101.045,101.06,15079,37140
2022-05-25 00:00:00,101.08,101.085,101.03,101.04,14947,38454
2022-05-26 00:00:00,101.1,101.18,101.1,101.17,22581,40488
2022-05-27 00:00:00,101.17,101.185,101.14,101.185,17660,39996
2022-05-30 00:00:00,101.155,101.155,101.09,101.115,12213,38993
2022-05-31 00:00:00,101.06,101.09,101.04,101.065,18550,38879
2022-06-01 00:00:00,101.09,101.09,101.015,101.02,9333,39419
2022-06-02 00:00:00,101.025,101.055,100.99,100.99,16852,40313
2022-06-06 00:00:00,100.94,100.995,100.91,100.935,16668,41226
2022-06-07 00:00:00,100.925,100.995,100.905,100.99,19515,42220
2022-06-08 00:00:00,100.99,101.02,100.97,100.99,15189,44098
2022-06-09 00:00:00,100.98,101.045,100.98,101.035,18377,46116
2022-06-10 00:00:00,101.04,101.06,101.0,101.005,20830,47452
2022-06-13 00:00:00,101.0,101.015,100.955,100.985,18201,47920
2022-06-14 00:00:00,100.945,100.995,100.945,100.995,18287,46771
2022-06-15 00:00:00,100.985,100.985,100.925,100.955,24649,44280
2022-06-16 00:00:00,100.955,100.985,100.95,100.98,18843,43890
2022-06-17 00:00:00,100.98,101.045,100.98,101.01,28257,43812
2022-06-20 00:00:00,100.99,101.0,100.955,100.955,24241,43504
2022-06-21 00:00:00,100.95,100.965,100.93,100.94,23772,43259
2022-06-22 00:00:00,100.955,100.98,100.94,100.97,18842,44876
2022-06-23 00:00:00,100.985,101.005,100.965,100.97,23450,45819
2022-06-24 00:00:00,100.99,101.02,100.96,100.97,22785,46427
2022-06-27 00:00:00,100.94,100.95,100.865,100.885,25871,45029
2022-06-28 00:00:00,100.905,100.925,100.84,100.845,25183,44779
2022-06-29 00:00:00,100.86,100.925,100.86,100.88,32128,46058
2022-06-30 00:00:00,100.87,100.96,100.87,100.955,26804,45854
2022-07-01 00:00:00,100.96,100.99,100.95,100.96,26433,45824
2022-07-04 00:00:00,100.92,100.92,100.77,100.82,37474,47383
2022-07-05 00:00:00,100.785,100.835,100.725,100.835,28409,46884
2022-07-06 00:00:00,100.85,100.905,100.835,100.865,24131,49061
2022-07-07 00:00:00,100.855,100.88,100.835,100.845,21832,48919
2022-07-08 00:00:00,100.86,100.895,100.825,100.875,24631,48188
2022-07-11 00:00:00,100.905,100.96,100.9,100.945,24039,48432
2022-07-12 00:00:00,100.99,101.05,100.945,100.975,23664,49291
2022-07-13 00:00:00,101.02,101.04,100.97,100.995,25510,48036
2022-07-14 00:00:00,101.0,101.035,101.0,101.02,27535,48924
2022-07-15 00:00:00,101.04,101.08,101.01,101.06,28928,50921
2022-07-18 00:00:00,101.09,101.1,101.06,101.07,21810,51325
2022-07-19 00:00:00,101.015,101.065,101.015,101.06,18214,51793
2022-07-20 00:00:00,101.06,101.105,101.03,101.095,25886,52594
2022-07-21 00:00:00,101.14,101.14,101.1,101.11,18936,52559
2022-07-22 00:00:00,101.1,101.105,101.075,101.09,19261,53177
2022-07-25 00:00:00,101.08,101.145,101.065,101.115,22808,52116
2022-07-26 00:00:00,101.135,101.21,101.125,101.205,19420,51732
2022-07-27 00:00:00,101.205,101.225,101.18,101.18,20520,49183
2022-07-28 00:00:00,101.19,101.19,101.105,101.115,29223,52181
2022-07-29 00:00:00,101.2,101.235,101.18,101.225,20774,53962
2022-08-01 00:00:00,101.27,101.315,101.245,101.265,23329,52805
2022-08-02 00:00:00,101.29,101.36,101.285,101.35,24354,51586
2022-08-03 00:00:00,101.335,101.42,101.295,101.415,24203,49613
2022-08-04 00:00:00,101.42,101.5,101.355,101.355,26772,46944
2022-08-05 00:00:00,101.35,101.385,101.315,101.325,22169,44669
2022-08-08 00:00:00,101.305,101.37,101.305,101.32,18033,44385
2022-08-09 00:00:00,101.33,101.34,101.24,101.28,27919,42079
2022-08-10 00:00:00,101.27,101.335,101.24,101.255,30120,40844
2022-08-11 00:00:00,101.24,101.305,101.24,101.29,29715,37996
2022-08-12 00:00:00,101.3,101.325,101.255,101.26,27821,35483
2022-08-15 00:00:00,101.4,101.605,101.4,101.46,25481,31102
2022-08-16 00:00:00,101.54,101.54,101.425,101.435,18543,26630
2022-08-17 00:00:00,101.395,101.44,101.365,101.435,7498,24821
2022-08-18 00:00:00,101.21,101.235,101.18,101.23,29173,43189
2022-08-19 00:00:00,101.23,101.235,101.175,101.21,26239,43409
2022-08-22 00:00:00,101.21,101.25,101.17,101.195,23138,44939
2022-08-23 00:00:00,101.165,101.19,101.14,101.15,29176,45919
2022-08-24 00:00:00,101.125,101.175,101.125,101.16,29507,47330
2022-08-25 00:00:00,101.135,101.14,101.09,101.105,31545,47987
2022-08-26 00:00:00,101.09,101.125,101.08,101.1,33918,48136
2022-08-29 00:00:00,101.1,101.17,101.065,101.17,36531,48148
2022-08-30 00:00:00,101.185,101.22,101.15,101.17,33175,48408
2022-08-31 00:00:00,101.155,101.22,101.155,101.19,34460,48939
2022-09-01 00:00:00,101.19,101.26,101.175,101.24,36181,50937
2022-09-02 00:00:00,101.24,101.28,101.225,101.23,35425,50455
2022-09-05 00:00:00,101.23,101.3,101.23,101.27,40459,53935
2022-09-06 00:00:00,101.29,101.31,101.26,101.29,45130,56021
2022-09-07 00:00:00,101.28,101.295,101.25,101.265,41148,55858
2022-09-08 00:00:00,101.235,101.265,101.225,101.26,34551,57092
2022-09-09 00:00:00,101.255,101.275,101.185,101.185,44470,57057
2022-09-13 00:00:00,101.215,101.225,101.19,101.215,14706,56694
2022-09-14 00:00:00,101.19,101.195,101.16,101.18,25964,56726
2022-09-15 00:00:00,101.205,101.22,101.15,101.16,26857,56853
2022-09-16 00:00:00,101.11,101.15,101.085,101.135,42270,55427
2022-09-19 00:00:00,101.135,101.17,101.12,101.165,49462,54977
2022-09-20 00:00:00,101.18,101.205,101.17,101.2,44070,54934
2022-09-21 00:00:00,101.195,101.23,101.18,101.22,41422,57194
2022-09-22 00:00:00,101.235,101.25,101.21,101.235,51065,56931
2022-09-23 00:00:00,101.22,101.23,101.185,101.205,41001,56691
2022-09-26 00:00:00,101.175,101.175,101.1,101.115,39627,56917
2022-09-27 00:00:00,101.1,101.13,101.07,101.12,41087,56225
2022-09-28 00:00:00,101.09,101.1,101.065,101.08,29226,55406
2022-09-29 00:00:00,101.095,101.12,101.025,101.03,37229,56098
2022-09-30 00:00:00,100.995,101.085,100.975,101.05,28333,56002
2022-10-10 00:00:00,101.09,101.18,101.09,101.18,38711,56808
2022-10-11 00:00:00,101.195,101.21,101.13,101.145,35771,56947
2022-10-12 00:00:00,101.13,101.23,101.11,101.185,53578,58404
2022-10-13 00:00:00,101.19,101.19,101.155,101.18,42630,58182
2022-10-14 00:00:00,101.185,101.25,101.165,101.245,41950,58781
2022-10-17 00:00:00,101.24,101.265,101.205,101.215,27005,59813
2022-10-18 00:00:00,101.22,101.245,101.19,101.24,33973,61328
2022-10-19 00:00:00,101.23,101.265,101.22,101.245,25924,62247
2022-10-20 00:00:00,101.215,101.255,101.2,101.22,34226,63865
2022-10-21 00:00:00,101.21,101.245,101.18,101.185,39914,65653
2022-10-24 00:00:00,101.175,101.23,101.17,101.225,28332,66755
2022-10-25 00:00:00,101.19,101.25,101.17,101.2,30558,67499
2022-10-26 00:00:00,101.215,101.285,101.215,101.285,36224,69630
2022-10-27 00:00:00,101.295,101.335,101.29,101.31,49214,70533
2022-10-28 00:00:00,101.33,101.38,101.315,101.37,37727,71416
2022-10-31 00:00:00,101.42,101.42,101.35,101.37,52312,69113
2022-11-01 00:00:00,101.36,101.385,101.33,101.345,45098,69896
2022-11-02 00:00:00,101.345,101.365,101.31,101.33,37207,69944
2022-11-03 00:00:00,101.34,101.37,101.33,101.335,33045,68241
2022-11-04 00:00:00,101.32,101.34,101.285,101.315,54321,67544
2022-11-07 00:00:00,101.33,101.355,101.305,101.34,44058,66560
2022-11-08 00:00:00,101.305,101.335,101.285,101.335,43457,63131
2022-11-09 00:00:00,101.335,101.34,101.305,101.315,44793,60304
2022-11-10 00:00:00,101.325,101.345,101.29,101.3,40198,59479
2022-11-11 00:00:00,101.32,101.335,101.135,101.225,47217,57606
2022-11-14 00:00:00,101.15,101.15,101.01,101.03,59652,51636
2022-11-15 00:00:00,101.035,101.08,100.935,100.94,52869,46253
2022-11-16 00:00:00,100.975,101.015,100.735,100.76,53116,43301
2022-11-17 00:00:00,100.825,100.95,100.765,100.945,49685,36266
2022-11-18 00:00:00,100.955,101.04,100.885,100.93,30564,34171
2022-11-21 00:00:00,101.02,101.03,100.94,100.97,25260,32164
2022-11-22 00:00:00,100.99,101.045,100.965,101.04,11867,28581
2022-11-23 00:00:00,100.76,100.835,100.73,100.81,61379,35508
2022-11-24 00:00:00,100.9,100.915,100.835,100.855,54710,36547
2022-11-25 00:00:00,100.865,100.885,100.725,100.755,54780,37166
2022-11-28 00:00:00,100.8,100.84,100.69,100.725,57493,36531
2022-11-29 00:00:00,100.69,100.71,100.53,100.615,43565,36157
2022-11-30 00:00:00,100.63,100.71,100.595,100.665,48734,37474
2022-12-01 00:00:00,100.645,100.735,100.635,100.725,47990,37137
2022-12-02 00:00:00,100.74,100.805,100.715,100.765,47651,38587
2022-12-05 00:00:00,100.75,100.775,100.7,100.745,69424,38082
2022-12-06 00:00:00,100.73,100.745,100.66,100.67,52602,37581
2022-12-07 00:00:00,100.6,100.73,100.555,100.72,66470,37932
2022-12-08 00:00:00,100.725,100.75,100.68,100.735,63698,38695
2022-12-09 00:00:00,100.695,100.71,100.615,100.66,39588,37455
2022-12-12 00:00:00,100.68,100.705,100.615,100.635,34634,37749
2022-12-13 00:00:00,100.62,100.635,100.525,100.575,53318,39885
2022-12-14 00:00:00,100.6,100.77,100.6,100.755,46666,40734
2022-12-15 00:00:00,100.735,100.805,100.715,100.755,42661,40436
2022-12-16 00:00:00,100.735,100.795,100.695,100.74,37477,40847
2022-12-19 00:00:00,100.82,100.88,100.8,100.825,42441,41571
2022-12-20 00:00:00,100.83,100.845,100.755,100.76,42489,40513
2022-12-21 00:00:00,100.76,100.845,100.74,100.825,42681,39846
2022-12-22 00:00:00,100.845,100.885,100.82,100.84,38528,41352
2022-12-23 00:00:00,100.85,100.915,100.84,100.89,40098,42241
2022-12-26 00:00:00,100.89,100.89,100.835,100.875,53569,42444
2022-12-27 00:00:00,100.86,100.86,100.775,100.805,43201,41069
2022-12-28 00:00:00,100.8,100.845,100.79,100.845,35940,41079
2022-12-29 00:00:00,100.86,100.9,100.855,100.88,30269,41370
2022-12-30 00:00:00,100.875,100.91,100.855,100.885,37410,40771
2023-01-03 00:00:00,100.91,100.945,100.87,100.92,31900,40922
2023-01-04 00:00:00,100.935,100.985,100.925,100.97,42254,42366
2023-01-05 00:00:00,100.95,100.975,100.935,100.945,36998,42653
2023-01-06 00:00:00,100.925,100.93,100.855,100.89,43431,44116
2023-01-09 00:00:00,100.895,100.91,100.83,100.865,36594,42440
2023-01-10 00:00:00,100.845,100.865,100.785,100.79,38113,42988
2023-01-11 00:00:00,100.78,100.845,100.76,100.835,31662,43392
2023-01-12 00:00:00,100.845,100.9,100.84,100.875,38002,42400
2023-01-13 00:00:00,100.87,100.88,100.835,100.845,32896,42398
2023-01-16 00:00:00,100.83,100.83,100.75,100.775,37598,42841
2023-01-17 00:00:00,100.8,100.81,100.775,100.8,32810,42861
2023-01-18 00:00:00,100.83,100.86,100.77,100.78,41794,42496
2023-01-19 00:00:00,100.8,100.815,100.755,100.785,41881,42220
2023-01-20 00:00:00,100.805,100.815,100.755,100.775,27633,42597
2023-01-30 00:00:00,100.76,100.855,100.73,100.835,38661,41019
2023-01-31 00:00:00,100.84,100.91,100.83,100.905,52025,41397
2023-02-01 00:00:00,100.895,100.915,100.865,100.88,52548,39456
2023-02-02 00:00:00,100.885,100.92,100.88,100.91,55671,39106
2023-02-03 00:00:00,100.93,100.945,100.91,100.94,55869,37820
2023-02-06 00:00:00,100.94,100.96,100.88,100.885,45602,35590
2023-02-07 00:00:00,100.875,100.93,100.87,100.92,38871,34374
2023-02-08 00:00:00,100.92,100.93,100.9,100.91,30780,32511
2023-02-09 00:00:00,100.93,100.985,100.905,100.965,45516,31293
2023-02-10 00:00:00,100.97,100.985,100.945,100.965,44127,30117
2023-02-13 00:00:00,100.975,100.99,100.945,100.95,45466,28185
2023-02-14 00:00:00,100.95,100.975,100.92,100.96,38055,25713
2023-02-15 00:00:00,100.955,100.97,100.93,100.955,41855,24240
2023-02-16 00:00:00,100.94,101.03,100.925,100.995,26518,21552
2023-02-17 00:00:00,100.98,100.98,100.92,100.93,37537,17314
2023-02-20 00:00:00,100.91,100.93,100.84,100.85,27986,15138
2023-02-21 00:00:00,100.57,100.59,100.53,100.58,43126,39522
2023-02-22 00:00:00,100.585,100.61,100.58,100.605,29537,40517
2023-02-23 00:00:00,100.585,100.61,100.575,100.595,27611,43891
2023-02-24 00:00:00,100.585,100.615,100.57,100.605,30679,46018
2023-02-27 00:00:00,100.61,100.615,100.56,100.575,26083,46308
2023-02-28 00:00:00,100.575,100.63,100.545,100.615,43622,47453
2023-03-01 00:00:00,100.605,100.645,100.59,100.635,38155,46826
2023-03-02 00:00:00,100.645,100.655,100.6,100.615,33003,48010
2023-03-03 00:00:00,100.6,100.655,100.6,100.645,42262,51089
2023-03-06 00:00:00,100.665,100.71,100.66,100.71,33262,53013
2023-03-07 00:00:00,100.7,100.76,100.695,100.745,39157,55048
2023-03-08 00:00:00,100.75,100.765,100.71,100.715,48595,55684
2023-03-09 00:00:00,100.715,100.755,100.705,100.745,40245,57218
2023-03-10 00:00:00,100.755,100.775,100.735,100.75,29074,57293
2023-03-13 00:00:00,100.755,100.76,100.705,100.74,33006,57811
2023-03-14 00:00:00,100.75,100.785,100.75,100.77,38101,60602
2023-03-15 00:00:00,100.76,100.775,100.73,100.76,32136,59703
2023-03-16 00:00:00,100.775,100.845,100.775,100.815,30168,61188
2023-03-17 00:00:00,100.8,100.85,100.79,100.825,36313,62165
2023-03-20 00:00:00,100.895,100.915,100.86,100.88,47667,62470
2023-03-21 00:00:00,100.875,100.895,100.845,100.855,43490,62996
2023-03-22 00:00:00,100.85,100.88,100.84,100.875,27110,63306
2023-03-23 00:00:00,100.88,100.885,100.855,100.87,35480,64173
2023-03-24 00:00:00,100.86,100.875,100.805,100.805,35793,64639
2023-03-27 00:00:00,100.825,100.875,100.825,100.865,26984,64252
2023-03-28 00:00:00,100.85,100.875,100.845,100.855,23308,64137
2023-03-29 00:00:00,100.855,100.88,100.84,100.87,17740,64481
2023-03-30 00:00:00,100.89,100.915,100.85,100.86,24517,65758
2023-03-31 00:00:00,100.87,100.905,100.855,100.9,29240,66831
2023-04-03 00:00:00,100.9,100.9,100.85,100.85,31393,63023
2023-04-04 00:00:00,100.86,100.87,100.84,100.855,22249,62706
2023-04-06 00:00:00,100.86,100.86,100.81,100.83,26390,61223
2023-04-07 00:00:00,100.825,100.905,100.805,100.875,25442,61597
2023-04-10 00:00:00,100.87,100.89,100.86,100.88,12438,61868
2023-04-11 00:00:00,100.885,100.92,100.885,100.905,23250,62728
2023-04-12 00:00:00,100.92,100.935,100.905,100.92,18265,64409
2023-04-13 00:00:00,100.92,100.93,100.9,100.91,24300,62666
2023-04-14 00:00:00,100.9,100.93,100.89,100.91,30292,62314
2023-04-17 00:00:00,100.9,100.9,100.87,100.87,22381,60958
2023-04-18 00:00:00,100.865,100.905,100.86,100.895,24329,60796
2023-04-19 00:00:00,100.905,100.93,100.9,100.905,17017,61628
2023-04-20 00:00:00,100.905,100.92,100.89,100.91,24527,61138
2023-04-21 00:00:00,100.91,100.945,100.895,100.94,27529,62083
2023-04-24 00:00:00,100.94,100.955,100.93,100.94,23550,60997
2023-04-25 00:00:00,100.94,100.955,100.92,100.925,26587,59882
2023-04-26 00:00:00,100.935,100.97,100.93,100.955,18988,59148
2023-04-27 00:00:00,100.975,101.02,100.975,101.01,24910,58658
2023-04-28 00:00:00,101.01,101.015,100.99,101.015,22618,55995
2023-05-04 00:00:00,101.04,101.065,101.03,101.045,17166,54308
2023-05-05 00:00:00,101.065,101.145,101.065,101.135,22725,54025
2023-05-08 00:00:00,101.125,101.125,101.095,101.105,22731,50024
2023-05-09 00:00:00,101.11,101.13,101.1,101.11,23697,48329
2023-05-10 00:00:00,101.13,101.18,101.125,101.165,30038,48224
2023-05-11 00:00:00,101.205,101.23,101.175,101.2,19712,46478
2023-05-12 00:00:00,101.185,101.205,101.15,101.175,30129,42973
2023-05-15 00:00:00,101.175,101.185,101.105,101.11,25949,38795
2023-05-16 00:00:00,101.115,101.125,101.075,101.09,25229,35459
2023-05-17 00:00:00,101.095,101.11,101.05,101.06,21101,32274
2023-05-18 00:00:00,101.045,101.05,101.015,101.04,28108,29977
2023-05-19 00:00:00,101.045,101.09,101.035,101.07,20325,28302
2023-05-22 00:00:00,101.07,101.125,101.055,101.105,12797,26862
2023-05-23 00:00:00,101.09,101.17,101.08,101.155,21107,39654
2023-05-24 00:00:00,101.14,101.16,101.115,101.145,26885,40637
2023-05-25 00:00:00,101.14,101.14,101.09,101.1,20466,40544
2023-05-26 00:00:00,101.1,101.12,101.065,101.08,21751,40122
2023-05-29 00:00:00,101.075,101.16,101.055,101.16,26765,42498
2023-05-30 00:00:00,101.19,101.195,101.155,101.165,35733,43661
2023-05-31 00:00:00,101.17,101.23,101.155,101.22,30987,44959
2023-06-01 00:00:00,101.25,101.27,101.225,101.25,31888,46642
2023-06-02 00:00:00,101.24,101.255,101.15,101.175,32000,45594
2023-06-05 00:00:00,101.195,101.23,101.185,101.21,31083,45355
2023-06-06 00:00:00,101.21,101.28,101.21,101.275,32047,48827
2023-06-07 00:00:00,101.29,101.295,101.25,101.26,35894,49644
2023-06-08 00:00:00,101.26,101.26,101.21,101.24,27492,49522
2023-06-09 00:00:00,101.235,101.315,101.22,101.295,39843,51405
2023-06-12 00:00:00,101.3,101.33,101.265,101.28,30721,50626
2023-06-13 00:00:00,101.325,101.4,101.325,101.37,43363,54087
2023-06-14 00:00:00,101.41,101.42,101.345,101.355,43824,54898
2023-06-15 00:00:00,101.335,101.34,101.27,101.3,43800,56726
2023-06-16 00:00:00,101.29,101.31,101.19,101.23,32731,54544
2023-06-19 00:00:00,101.225,101.23,101.115,101.155,51684,51801
2023-06-20 00:00:00,101.17,101.23,101.155,101.21,48636,50526
2023-06-21 00:00:00,101.23,101.26,101.22,101.255,39459,50779
2023-06-26 00:00:00,101.25,101.27,101.245,101.26,36739,51004
2023-06-27 00:00:00,101.245,101.245,101.205,101.245,37616,51796
2023-06-28 00:00:00,101.27,101.29,101.25,101.29,38476,54616
2023-06-29 00:00:00,101.275,101.325,101.265,101.305,46551,55232
2023-06-30 00:00:00,101.33,101.365,101.31,101.36,40259,55694
2023-07-03 00:00:00,101.35,101.355,101.31,101.315,33137,56304
2023-07-04 00:00:00,101.325,101.355,101.23,101.3,34608,55824
2023-07-05 00:00:00,101.305,101.34,101.305,101.33,27283,55802
2023-07-06 00:00:00,101.335,101.355,101.325,101.34,28356,55996
2023-07-07 00:00:00,101.35,101.37,101.34,101.355,36310,56110
2023-07-10 00:00:00,101.335,101.35,101.305,101.34,29138,56366
2023-07-11 00:00:00,101.335,101.37,101.32,101.33,34426,58494
2023-07-12 00:00:00,101.325,101.33,101.295,101.305,33623,58294
2023-07-13 00:00:00,101.3,101.31,101.28,101.285,20019,58161
2023-07-14 00:00:00,101.28,101.36,101.265,101.32,43341,57421
2023-07-17 00:00:00,101.32,101.38,101.315,101.36,46625,57238
2023-07-18 00:00:00,101.385,101.395,101.36,101.38,44319,57197
2023-07-19 00:00:00,101.39,101.4,101.365,101.37,16080,57201
2023-07-20 00:00:00,101.365,101.41,101.35,101.395,23907,57354
2023-07-21 00:00:00,101.42,101.435,101.395,101.4,30051,56708
2023-07-24 00:00:00,101.415,101.435,101.405,101.43,15838,57814
2023-07-25 00:00:00,101.35,101.36,101.285,101.285,34874,56259
2023-07-26 00:00:00,101.285,101.345,101.285,101.34,37077,55821
2023-07-27 00:00:00,101.345,101.4,101.34,101.375,24791,55875
2023-07-28 00:00:00,101.38,101.38,101.325,101.345,34583,53804
2023-07-31 00:00:00,101.32,101.34,101.3,101.33,25338,52037
2023-08-01 00:00:00,101.34,101.4,101.34,101.355,38860,53631
2023-08-02 00:00:00,101.365,101.385,101.355,101.375,25313,52823
2023-08-03 00:00:00,101.38,101.415,101.38,101.405,31370,52257
2023-08-04 00:00:00,101.405,101.445,101.375,101.385,41959,50636
2023-08-07 00:00:00,101.4,101.41,101.37,101.385,16714,49080
2023-08-08 00:00:00,101.385,101.405,101.36,101.375,32617,46108
2023-08-09 00:00:00,101.375,101.39,101.37,101.38,11343,45088
2023-08-10 00:00:00,101.37,101.385,101.355,101.36,18633,44202
2023-08-11 00:00:00,101.37,101.39,101.36,101.38,16985,44084
2023-08-14 00:00:00,101.405,101.43,101.4,101.41,21670,41649
2023-08-15 00:00:00,101.45,101.565,101.45,101.455,32878,39162
2023-08-16 00:00:00,101.475,101.5,101.46,101.475,23519,36434
2023-08-17 00:00:00,101.485,101.485,101.445,101.45,30478,35180
2023-08-18 00:00:00,101.455,101.475,101.44,101.465,22454,33723
2023-08-21 00:00:00,101.475,101.485,101.46,101.475,43903,31489
2023-08-22 00:00:00,101.47,101.495,101.445,101.45,24804,29159
2023-08-23 00:00:00,101.445,101.475,101.425,101.455,14277,27887
2023-08-24 00:00:00,101.4,101.415,101.39,101.405,16802,44635
2023-08-25 00:00:00,101.395,101.415,101.33,101.33,21039,45742
2023-08-28 00:00:00,101.265,101.325,101.225,101.315,25390,47559
2023-08-29 00:00:00,101.315,101.315,101.23,101.25,26854,49729
2023-08-30 00:00:00,101.25,101.36,101.24,101.335,33331,50410
2023-08-31 00:00:00,101.345,101.375,101.325,101.37,31931,50534
2023-09-01 00:00:00,101.355,101.355,101.275,101.28,21026,50905
2023-09-04 00:00:00,101.22,101.275,101.215,101.265,33013,52348
2023-09-05 00:00:00,101.27,101.3,101.25,101.25,30566,54378
2023-09-06 00:00:00,101.245,101.265,101.16,101.16,42366,59755
2023-09-07 00:00:00,101.15,101.185,101.095,101.105,41250,59327
2023-09-08 00:00:00,101.14,101.18,101.085,101.16,32811,59315
2023-09-11 00:00:00,101.15,101.15,101.065,101.135,47961,61455
2023-09-12 00:00:00,101.175,101.2,101.15,101.16,36444,63205
2023-09-13 00:00:00,101.175,101.23,101.175,101.205,44035,62839
2023-09-14 00:00:00,101.21,101.245,101.18,101.23,25551,62998
2023-09-15 00:00:00,101.265,101.265,101.175,101.19,41575,62942
2023-09-18 00:00:00,101.15,101.16,101.115,101.135,44922,63971
2023-09-19 00:00:00,101.135,101.15,101.12,101.145,33129,65272
2023-09-20 00:00:00,101.15,101.175,101.135,101.15,24839,66657
2023-09-21 00:00:00,101.15,101.21,101.14,101.195,43411,67694
2023-09-22 00:00:00,101.205,101.205,101.145,101.15,39464,67223
2023-09-25 00:00:00,101.155,101.18,101.11,101.12,30926,67031
2023-09-26 00:00:00,101.11,101.135,101.095,101.125,26579,66887
2023-09-27 00:00:00,101.135,101.155,101.12,101.135,41378,66089
2023-09-28 00:00:00,101.155,101.21,101.145,101.185,37408,68164
2023-10-09 00:00:00,101.19,101.205,101.16,101.165,28670,67342
2023-10-10 00:00:00,101.155,101.155,101.095,101.11,51202,68394
2023-10-11 00:00:00,101.095,101.1,101.005,101.035,43959,70479
2023-10-12 00:00:00,101.01,101.085,100.995,101.075,47881,72869
2023-10-13 00:00:00,101.085,101.12,101.08,101.105,40940,72516
2023-10-16 00:00:00,101.115,101.13,101.065,101.105,41936,72575
2023-10-17 00:00:00,101.08,101.08,101.025,101.03,40131,72870
2023-10-18 00:00:00,101.02,101.05,100.995,101.0,45819,73024
2023-10-19 00:00:00,100.99,100.99,100.89,100.905,51451,74614
2023-10-20 00:00:00,100.935,100.98,100.83,100.96,66028,72402
2023-10-23 00:00:00,100.99,101.035,100.985,101.03,47550,71576
2023-10-24 00:00:00,101.0,101.0,100.925,100.965,45666,70186
2023-10-25 00:00:00,101.005,101.11,100.95,101.11,67022,70094
2023-10-26 00:00:00,101.105,101.12,101.05,101.055,38047,69265
2023-10-27 00:00:00,101.05,101.07,101.025,101.04,38566,67641
2023-10-30 00:00:00,101.05,101.1,101.05,101.07,31008,65482
2023-10-31 00:00:00,101.085,101.12,101.08,101.1,30263,64891
2023-11-01 00:00:00,101.105,101.105,101.025,101.055,46322,62917
2023-11-02 00:00:00,101.08,101.13,101.075,101.13,25599,60981
2023-11-03 00:00:00,101.12,101.13,101.08,101.105,26618,59720
2023-11-06 00:00:00,101.09,101.11,101.075,101.105,38656,59122
2023-11-07 00:00:00,101.108,101.112,101.046,101.046,43632,59643
2023-11-08 00:00:00,101.04,101.074,101.004,101.052,55229,59765
2023-11-09 00:00:00,101.06,101.066,101.006,101.01,41574,56707
2023-11-10 00:00:00,101.004,101.034,100.974,101.008,35698,55551
2023-11-13 00:00:00,101.01,101.074,101.006,101.056,38079,55312
2023-11-14 00:00:00,101.06,101.064,100.966,100.998,32396,52405
2023-11-15 00:00:00,100.998,101.008,100.944,100.962,46088,49577
2023-11-16 00:00:00,100.972,101.012,100.972,100.99,34510,46954
2023-11-17 00:00:00,100.982,100.996,100.968,100.98,33729,43755
2023-11-20 00:00:00,100.97,100.974,100.902,100.936,29257,41560
2023-11-21 00:00:00,100.92,100.922,100.854,100.864,32557,37320
2023-11-22 00:00:00,100.866,100.868,100.828,100.848,25609,33767
2023-11-23 00:00:00,100.95,100.956,100.904,100.93,39571,41230
2023-11-24 00:00:00,100.936,100.976,100.91,100.912,35040,42059
2023-11-27 00:00:00,100.926,100.926,100.852,100.86,36805,45871
2023-11-28 00:00:00,100.89,100.948,100.88,100.932,41458,47983
2023-11-29 00:00:00,100.93,100.968,100.912,100.958,39994,49732
2023-11-30 00:00:00,100.996,101.01,100.948,100.952,38874,51398
2023-12-01 00:00:00,100.954,100.992,100.954,100.978,32043,53172
2023-12-04 00:00:00,100.972,100.986,100.912,100.926,24457,54251
2023-12-05 00:00:00,100.932,100.948,100.904,100.942,31321,54815
2023-12-06 00:00:00,100.926,100.944,100.864,100.878,44789,56322
2023-12-07 00:00:00,100.89,100.96,100.86,100.942,43941,56893
2023-12-08 00:00:00,100.94,100.992,100.94,100.944,38259,57033
2023-12-11 00:00:00,100.984,101.03,100.966,100.984,37435,57265
2023-12-12 00:00:00,100.976,101.02,100.968,100.984,37660,58595
2023-12-13 00:00:00,101.014,101.124,101.012,101.106,40610,59848
2023-12-14 00:00:00,101.1,101.19,101.086,101.132,52380,59958
2023-12-15 00:00:00,101.14,101.188,101.114,101.158,46956,59407
2023-12-18 00:00:00,101.156,101.202,101.15,101.154,39796,60768
2023-12-19 00:00:00,101.136,101.172,101.12,101.164,36414,61165
2023-12-20 00:00:00,101.156,101.184,101.128,101.144,35019,61965
2023-12-21 00:00:00,101.14,101.19,101.092,101.17,49062,63341
2023-12-22 00:00:00,101.186,101.238,101.174,101.212,38639,64159
2023-12-25 00:00:00,101.212,101.322,101.212,101.32,40067,66672
2023-12-26 00:00:00,101.308,101.352,101.284,101.332,37187,66866
2023-12-27 00:00:00,101.354,101.394,101.316,101.368,43568,68884
2023-12-28 00:00:00,101.386,101.404,101.302,101.314,36647,69049
2023-12-29 00:00:00,101.33,101.356,101.3,101.34,28676,67493
2024-01-02 00:00:00,101.342,101.352,101.23,101.23,42512,67582
2024-01-03 00:00:00,101.21,101.24,101.166,101.224,41938,69826
2024-01-04 00:00:00,101.224,101.27,101.206,101.21,33436,68286
2024-01-05 00:00:00,101.226,101.288,101.212,101.248,37224,68018
2024-01-08 00:00:00,101.25,101.25,101.172,101.198,30790,68264
2024-01-09 00:00:00,101.24,101.276,101.214,101.248,35025,70715
2024-01-10 00:00:00,101.234,101.246,101.184,101.196,28837,70771
2024-01-11 00:00:00,101.188,101.248,101.13,101.234,35030,71157
2024-01-12 00:00:00,101.226,101.248,101.2,101.224,37719,71986
2024-01-15 00:00:00,101.19,101.226,101.168,101.182,37874,70129
2024-01-16 00:00:00,101.18,101.18,101.114,101.132,36612,69981
2024-01-17 00:00:00,101.14,101.168,101.114,101.158,32210,69649
2024-01-18 00:00:00,101.19,101.206,101.146,101.164,24207,69011
2024-01-19 00:00:00,101.17,101.222,101.17,101.216,27435,68657
2024-01-22 00:00:00,101.276,101.276,101.18,101.208,31400,66587
2024-01-23 00:00:00,101.2,101.23,101.18,101.2,31670,67181
2024-01-24 00:00:00,101.192,101.228,101.182,101.22,21919,68927
2024-01-25 00:00:00,101.28,101.32,101.266,101.274,42568,68231
2024-01-26 00:00:00,101.28,101.308,101.274,101.29,18323,68455
2024-01-29 00:00:00,101.286,101.328,101.276,101.326,22501,68961
2024-01-30 00:00:00,101.36,101.414,101.36,101.398,23365,68195
2024-01-31 00:00:00,101.434,101.446,101.344,101.37,25994,66403
2024-02-01 00:00:00,101.368,101.388,101.34,101.348,25436,65105
2024-02-02 00:00:00,101.336,101.34,101.308,101.324,17693,63087
2024-02-05 00:00:00,101.35,101.372,101.294,101.322,21933,59989
2024-02-06 00:00:00,101.294,101.322,101.234,101.268,29533,53941
2024-02-07 00:00:00,101.268,101.28,101.218,101.268,19557,50169
2024-02-08 00:00:00,101.272,101.328,101.254,101.268,18950,47931
2024-02-19 00:00:00,101.25,101.3,101.2,101.29,20026,44099
2024-02-20 00:00:00,101.29,101.332,101.28,101.32,23901,39943
2024-02-21 00:00:00,101.33,101.344,101.306,101.338,23629,35724
2024-02-22 00:00:00,101.338,101.412,101.328,101.398,20346,30702
2024-02-23 00:00:00,101.598,101.67,101.55,101.55,35049,52560
2024-02-26 00:00:00,101.55,101.584,101.51,101.564,26172,54517
2024-02-27 00:00:00,101.58,101.59,101.512,101.53,29474,55042
2024-02-28 00:00:00,101.53,101.568,101.52,101.556,30887,56256
2024-02-29 00:00:00,101.564,101.598,101.554,101.568,27562,58343
2024-03-01 00:00:00,101.56,101.56,101.444,101.466,31748,57061
2024-03-04 00:00:00,101.472,101.51,101.464,101.476,31208,56724
2024-03-05 00:00:00,101.472,101.508,101.452,101.48,29427,57147
2024-03-06 00:00:00,101.504,101.55,101.468,101.51,28747,57843
2024-03-07 00:00:00,101.54,101.57,101.446,101.45,30995,57845
2024-03-08 00:00:00,101.486,101.498,101.43,101.44,27597,56693
2024-03-11 00:00:00,101.432,101.492,101.424,101.452,28736,56146
2024-03-12 00:00:00,101.426,101.47,101.374,101.388,38129,56730
2024-03-13 00:00:00,101.39,101.44,101.374,101.422,38937,57796
2024-03-14 00:00:00,101.418,101.422,101.364,101.394,34025,60163
2024-03-15 00:00:00,101.4,101.436,101.378,101.418,32979,62062
2024-03-18 00:00:00,101.426,101.488,101.4,101.466,29790,61078
2024-03-19 00:00:00,101.468,101.5,101.456,101.484,31083,58625
2024-03-20 00:00:00,101.482,101.49,101.452,101.476,33950,58613
2024-03-21 00:00:00,101.486,101.54,101.468,101.54,40748,61027
2024-03-22 00:00:00,101.536,101.574,101.51,101.512,47950,62296
2024-03-25 00:00:00,101.5,101.594,101.498,101.526,38518,63380
2024-03-26 00:00:00,101.54,101.568,101.522,101.562,32700,65320
2024-03-27 00:00:00,101.572,101.588,101.54,101.576,31474,64934
2024-03-28 00:00:00,101.576,101.63,101.564,101.582,34602,65101
2024-03-29 00:00:00,101.584,101.668,101.564,101.668,30584,67253
2024-04-01 00:00:00,101.646,101.652,101.564,101.582,29555,66583
2024-04-02 00:00:00,101.59,101.618,101.59,101.608,41153,67807
2024-04-03 00:00:00,101.62,101.656,101.592,101.596,32205,68746
2024-04-08 00:00:00,101.61,101.688,101.61,101.65,24916,67671
2024-04-09 00:00:00,101.644,101.69,101.644,101.676,22040,68463
2024-04-10 00:00:00,101.66,101.694,101.644,101.682,21868,69731
2024-04-11 00:00:00,101.684,101.73,101.664,101.67,32949,71861
2024-04-12 00:00:00,101.7,101.736,101.688,101.708,33167,71445
2024-04-15 00:00:00,101.728,101.73,101.646,101.652,37681,69412
2024-04-16 00:00:00,101.648,101.68,101.618,101.666,32804,69606
2024-04-17 00:00:00,101.668,101.69,101.634,101.648,26140,69983
2024-04-18 00:00:00,101.648,101.732,101.646,101.718,31119,70711
2024-04-19 00:00:00,101.73,101.736,101.682,101.704,24181,69088
2024-04-22 00:00:00,101.704,101.744,101.698,101.704,26570,67409
2024-04-23 00:00:00,101.71,101.75,101.706,101.746,35431,67426
2024-04-24 00:00:00,101.716,101.726,101.668,101.674,28013,66720
2024-04-25 00:00:00,101.7,101.756,101.682,101.722,30763,65501
2024-04-26 00:00:00,101.724,101.748,101.576,101.6,38168,62332
2024-04-29 00:00:00,101.484,101.51,101.404,101.468,42868,59799
2024-04-30 00:00:00,101.55,101.58,101.518,101.574,34631,58861
2024-05-06 00:00:00,101.574,101.638,101.514,101.612,35887,53844
2024-05-07 00:00:00,101.632,101.698,101.632,101.674,37708,52569
2024-05-08 00:00:00,101.674,101.674,101.64,101.65,26681,51200
2024-05-09 00:00:00,101.644,101.676,101.63,101.638,23231,50390
2024-05-10 00:00:00,101.644,101.682,101.634,101.64,29115,48332
2024-05-13 00:00:00,101.66,101.746,101.652,101.726,29622,46190
2024-05-14 00:00:00,101.738,101.772,101.706,101.726,31252,42032
2024-05-15 00:00:00,101.762,101.762,101.708,101.726,27480,39054
2024-05-16 00:00:00,101.718,101.734,101.692,101.704,27759,34281
2024-05-17 00:00:00,101.65,101.718,101.65,101.71,29079,30287
2024-05-20 00:00:00,101.726,101.748,101.69,101.738,17506,26120
2024-05-21 00:00:00,101.714,101.734,101.68,101.692,31194,42671
2024-05-22 00:00:00,101.696,101.756,101.69,101.746,37523,46659
2024-05-23 00:00:00,101.754,101.79,101.754,101.778,27619,48997
2024-05-24 00:00:00,101.8,101.808,101.712,101.732,29579,50848
2024-05-27 00:00:00,101.74,101.75,101.68,101.75,29125,50503
2024-05-28 00:00:00,101.738,101.764,101.738,101.76,20514,52238
2024-05-29 00:00:00,101.788,101.8,101.764,101.782,18386,52994
2024-05-30 00:00:00,101.76,101.792,101.756,101.764,22997,52386
2024-05-31 00:00:00,101.75,101.806,101.74,101.758,27358,51326
2024-06-03 00:00:00,101.76,101.824,101.76,101.82,29843,53847
2024-06-04 00:00:00,101.824,101.828,101.772,101.802,23706,52926
2024-06-05 00:00:00,101.804,101.842,101.804,101.832,23152,54453
2024-06-06 00:00:00,101.84,101.846,101.814,101.83,25353,54958
2024-06-07 00:00:00,101.828,101.85,101.81,101.85,23920,54337
2024-06-11 00:00:00,101.846,101.87,101.832,101.862,26734,54203
2024-06-12 00:00:00,101.862,101.874,101.824,101.834,25297,53257
2024-06-13 00:00:00,101.836,101.85,101.802,101.816,27383,51341
2024-06-14 00:00:00,101.81,101.824,101.79,101.82,24594,51722
2024-06-17 00:00:00,101.82,101.838,101.77,101.774,30805,50985
2024-06-18 00:00:00,101.776,101.832,101.776,101.828,26972,50231
2024-06-19 00:00:00,101.83,101.89,101.826,101.89,29545,53504
2024-06-20 00:00:00,101.892,101.894,101.862,101.868,21850,54654
2024-06-21 00:00:00,101.86,101.87,101.81,101.87,26197,55073
2024-06-24 00:00:00,101.86,101.89,101.826,101.89,20547,53989
2024-06-25 00:00:00,101.89,101.92,101.89,101.92,25847,56353
2024-06-26 00:00:00,101.924,101.938,101.912,101.93,21667,57499
2024-06-27 00:00:00,101.926,101.99,101.924,101.954,25743,57777
2024-06-28 00:00:00,101.964,101.986,101.95,101.978,29062,57544
2024-07-01 00:00:00,101.978,102.008,101.876,101.884,29070,55805
2024-07-02 00:00:00,101.896,101.972,101.896,101.956,24444,56444
2024-07-03 00:00:00,101.956,101.986,101.948,101.98,21705,58998
2024-07-04 00:00:00,101.976,101.99,101.95,101.964,22537,60156
2024-07-05 00:00:00,101.95,101.966,101.934,101.942,26168,59632
2024-07-08 00:00:00,101.89,101.89,101.818,101.858,37488,57624
2024-07-09 00:00:00,101.874,101.93,101.858,101.922,30785,55050
2024-07-10 00:00:00,101.918,101.946,101.91,101.938,20514,54860
2024-07-11 00:00:00,101.932,101.948,101.924,101.94,13328,54450
2024-07-12 00:00:00,101.95,101.984,101.95,101.974,10553,54742
2024-07-15 00:00:00,101.978,102.004,101.968,101.984,19156,55052
2024-07-16 00:00:00,101.988,102.014,101.97,102.0,13756,55657
2024-07-17 00:00:00,102.006,102.034,101.994,102.014,17368,56282
2024-07-18 00:00:00,102.012,102.024,101.976,101.996,23213,56650
2024-07-19 00:00:00,102.0,102.034,102.0,102.032,17169,57426
2024-07-22 00:00:00,102.06,102.148,102.058,102.11,25740,58654
2024-07-23 00:00:00,102.14,102.15,102.122,102.148,25693,58267
2024-07-24 00:00:00,102.152,102.156,102.132,102.144,20944,57467
2024-07-25 00:00:00,102.164,102.184,102.128,102.13,23149,57730
2024-07-26 00:00:00,102.144,102.176,102.136,102.162,21280,56435
2024-07-29 00:00:00,102.172,102.182,102.152,102.164,16695,55198
2024-07-30 00:00:00,102.172,102.184,102.14,102.178,26844,55576
2024-07-31 00:00:00,102.19,102.268,102.186,102.204,36568,57802
2024-08-01 00:00:00,102.204,102.276,102.192,102.244,37649,59719
2024-08-02 00:00:00,102.276,102.292,102.228,102.258,31114,59026
2024-08-05 00:00:00,102.284,102.284,102.23,102.282,32276,53724
2024-08-06 00:00:00,102.17,102.25,102.11,102.246,40065,50653
2024-08-07 00:00:00,102.234,102.268,102.232,102.258,36732,49613
2024-08-08 00:00:00,102.23,102.248,102.196,102.232,39830,46552
2024-08-09 00:00:00,102.2,102.214,102.172,102.182,28923,44672
2024-08-12 00:00:00,102.138,102.138,102.044,102.048,30351,41195
2024-08-13 00:00:00,102.06,102.132,102.042,102.106,35284,39179
2024-08-14 00:00:00,102.15,102.18,102.102,102.114,40216,35562
2024-08-15 00:00:00,102.126,102.144,102.042,102.052,38661,32255
2024-08-16 00:00:00,102.07,102.106,102.054,102.08,29085,29093
2024-08-19 00:00:00,102.08,102.122,102.058,102.104,29549,25786
2024-08-20 00:00:00,102.116,102.116,102.052,102.074,18408,21106
2024-08-21 00:00:00,102.07,102.072,101.956,101.972,37215,35453
2024-08-22 00:00:00,102.07,102.094,102.036,102.076,40529,36250
2024-08-23 00:00:00,102.08,102.164,102.06,102.162,45728,42653
2024-08-26 00:00:00,102.162,102.198,102.138,102.174,39925,44105
2024-08-27 00:00:00,102.152,102.186,102.124,102.128,42274,46777
2024-08-28 00:00:00,102.142,102.186,102.126,102.178,27009,47520
2024-08-29 00:00:00,102.174,102.192,102.138,102.148,40450,49724
2024-08-30 00:00:00,102.146,102.17,102.118,102.156,38319,50053
2024-09-02 00:00:00,102.17,102.268,102.17,102.266,40245,51440
2024-09-03 00:00:00,102.264,102.33,102.25,102.298,37443,56216
2024-09-04 00:00:00,102.35,102.35,102.26,102.268,41321,56262
2024-09-05 00:00:00,102.282,102.328,102.252,102.264,31918,57898
2024-09-06 00:00:00,102.288,102.326,102.282,102.31,21278,57433
2024-09-09 00:00:00,102.308,102.338,102.304,102.33,26695,58358
2024-09-10 00:00:00,102.332,102.418,102.332,102.414,33152,58452
2024-09-11 00:00:00,102.436,102.472,102.41,102.46,33080,60171
2024-09-12 00:00:00,102.458,102.508,102.392,102.418,43829,59238
2024-09-13 00:00:00,102.432,102.482,102.412,102.456,26471,59627
2024-09-18 00:00:00,102.5,102.5,102.418,102.444,29232,61252
2024-09-19 00:00:00,102.448,102.46,102.338,102.386,39496,62650
2024-09-20 00:00:00,102.366,102.428,102.366,102.428,27248,63819
2024-09-23 00:00:00,102.43,102.47,102.384,102.388,25556,64558
2024-09-24 00:00:00,102.43,102.464,102.32,102.374,38925,64041
2024-09-25 00:00:00,102.376,102.512,102.376,102.506,39776,65920
2024-09-26 00:00:00,102.518,102.532,102.418,102.434,41791,65073
2024-09-27 00:00:00,102.4,102.47,102.166,102.332,52925,61729
2024-09-30 00:00:00,102.24,102.328,102.13,102.31,41317,58228
2024-10-08 00:00:00,102.188,102.384,102.16,102.208,35945,57359
2024-10-09 00:00:00,102.156,102.26,102.146,102.238,31959,55253
2024-10-10 00:00:00,102.256,102.344,102.246,102.28,32867,52654
2024-10-11 00:00:00,102.35,102.38,102.302,102.326,24799,52463
2024-10-14 00:00:00,102.326,102.366,102.308,102.346,38274,52512
2024-10-15 00:00:00,102.366,102.372,102.318,102.362,34316,51799
2024-10-16 00:00:00,102.332,102.392,102.332,102.346,31739,52150
2024-10-17 00:00:00,102.366,102.46,102.346,102.458,34682,53880
2024-10-18 00:00:00,102.458,102.488,102.378,102.404,35167,53040
2024-10-21 00:00:00,102.38,102.428,102.362,102.398,27509,53411
2024-10-22 00:00:00,102.394,102.404,102.314,102.318,25247,53447
2024-10-23 00:00:00,102.332,102.336,102.258,102.276,28058,51950
2024-10-24 00:00:00,102.32,102.33,102.262,102.282,29881,52881
2024-10-25 00:00:00,102.286,102.316,102.278,102.308,32486,53058
2024-10-28 00:00:00,102.33,102.38,102.312,102.372,31724,53387
2024-10-29 00:00:00,102.386,102.412,102.36,102.41,40526,55585
2024-10-30 00:00:00,102.41,102.446,102.4,102.438,32753,55673
2024-10-31 00:00:00,102.446,102.468,102.412,102.462,30971,56275
2024-11-01 00:00:00,102.452,102.55,102.452,102.516,39701,55663
2024-11-04 00:00:00,102.514,102.526,102.464,102.474,31892,53396
2024-11-05 00:00:00,102.474,102.51,102.466,102.508,25760,53005
2024-11-06 00:00:00,102.5,102.538,102.46,102.476,34075,51233
2024-11-07 00:00:00,102.51,102.588,102.504,102.566,31938,51953
2024-11-08 00:00:00,102.584,102.646,102.534,102.62,35457,53797
2024-11-11 00:00:00,102.61,102.702,102.576,102.674,33479,51546
2024-11-12 00:00:00,102.682,102.738,102.634,102.668,39694,44543
2024-11-13 00:00:00,102.668,102.668,102.588,102.614,27014,41912
2024-11-14 00:00:00,102.62,102.65,102.604,102.642,26587,40311
2024-11-15 00:00:00,102.616,102.696,102.588,102.642,34415,39390
2024-11-18 00:00:00,102.63,102.678,102.61,102.63,33404,37871
2024-11-19 00:00:00,102.652,102.668,102.624,102.658,25965,34953
2024-11-20 00:00:00,102.642,102.66,102.602,102.63,23214,30172
2024-11-21 00:00:00,102.61,102.654,102.602,102.628,21569,24623
2024-11-22 00:00:00,102.614,102.638,102.544,102.572,19700,21147
2024-11-25 00:00:00,102.6,102.718,102.592,102.63,46081,53899
2024-11-26 00:00:00,102.642,102.652,102.584,102.618,31359,51713
2024-11-27 00:00:00,102.604,102.648,102.59,102.628,27018,52373
2024-11-28 00:00:00,102.63,102.648,102.602,102.648,22642,53756
2024-11-29 00:00:00,102.648,102.696,102.616,102.644,26714,54733
2024-12-02 00:00:00,102.684,102.788,102.684,102.76,36507,57357
2024-12-03 00:00:00,102.74,102.76,102.678,102.708,32942,57606
2024-12-04 00:00:00,102.744,102.776,102.72,102.774,29724,59028
2024-12-05 00:00:00,102.746,102.776,102.726,102.752,29947,60123
2024-12-06 00:00:00,102.73,102.776,102.716,102.736,24904,60810
2024-12-09 00:00:00,102.75,102.764,102.694,102.704,30529,60197
2024-12-10 00:00:00,102.77,102.864,102.768,102.832,40175,61649
2024-12-11 00:00:00,102.808,102.818,102.782,102.8,33691,60976
2024-12-12 00:00:00,102.816,102.878,102.794,102.87,39254,61180
2024-12-13 00:00:00,102.91,102.956,102.872,102.876,40895,61868
2024-12-16 00:00:00,102.898,102.966,102.898,102.936,38472,62598
2024-12-17 00:00:00,102.92,102.94,102.88,102.91,35482,61234
2024-12-18 00:00:00,102.934,102.962,102.802,102.908,45205,60506
2024-12-19 00:00:00,102.902,102.972,102.888,102.972,42965,63118
2024-12-20 00:00:00,102.986,103.078,102.984,103.066,38146,65054
2024-12-23 00:00:00,103.096,103.1,103.012,103.016,43042,60208
2024-12-24 00:00:00,103.032,103.096,102.99,103.036,46651,59874
2024-12-25 00:00:00,103.04,103.068,102.972,102.984,39648,60213
2024-12-26 00:00:00,103.004,103.01,102.89,102.916,40460,59805
2024-12-27 00:00:00,102.938,103.012,102.932,103.008,37822,61757
2024-12-30 00:00:00,102.984,103.008,102.878,102.91,41934,60819
2024-12-31 00:00:00,102.946,102.986,102.93,102.974,46132,58600
2025-01-02 00:00:00,102.996,103.03,102.972,102.982,36083,60411
2025-01-03 00:00:00,103.004,103.148,103.002,103.148,51767,59837
2025-01-06 00:00:00,103.132,103.14,103.038,103.092,39689,57141
2025-01-07 00:00:00,103.078,103.092,103.006,103.036,32694,57254
2025-01-08 00:00:00,103.04,103.048,102.982,103.0,28934,57431
2025-01-09 00:00:00,103.0,103.012,102.86,102.86,47028,55619
2025-01-10 00:00:00,102.742,102.822,102.676,102.808,40554,55190
2025-01-13 00:00:00,102.76,102.78,102.648,102.722,44662,56528
2025-01-14 00:00:00,102.74,102.862,102.702,102.842,43109,56562
2025-01-15 00:00:00,102.856,102.89,102.8,102.828,35619,55921
2025-01-16 00:00:00,102.81,102.856,102.768,102.84,34919,57551
2025-01-17 00:00:00,102.878,102.878,102.75,102.768,31979,58076
2025-01-20 00:00:00,102.744,102.842,102.74,102.822,35815,59084
2025-01-21 00:00:00,102.802,102.852,102.792,102.846,32992,59731
2025-01-22 00:00:00,102.832,102.86,102.772,102.804,31827,60660
2025-01-23 00:00:00,102.836,102.84,102.72,102.758,26901,59346
2025-01-24 00:00:00,102.732,102.746,102.662,102.734,27787,58604
2025-01-27 00:00:00,102.78,102.878,102.762,102.832,30177,62079
2025-02-05 00:00:00,102.812,102.83,102.778,102.818,28845,61273
2025-02-06 00:00:00,102.82,102.876,102.782,102.874,32248,62878
2025-02-07 00:00:00,102.874,102.874,102.746,102.746,31539,62733
2025-02-10 00:00:00,102.73,102.752,102.632,102.64,35851,59814
2025-02-11 00:00:00,102.616,102.686,102.578,102.664,40891,54453
2025-02-12 00:00:00,102.64,102.696,102.588,102.598,32519,52767
2025-02-13 00:00:00,102.64,102.64,102.568,102.586,29176,49417
2025-02-14 00:00:00,102.58,102.588,102.46,102.488,28726,47541
2025-02-17 00:00:00,102.45,102.53,102.442,102.452,36588,43080
2025-02-18 00:00:00,102.46,102.464,102.352,102.432,28578,40084
2025-02-19 00:00:00,102.69,102.732,102.656,102.726,43211,57116
2025-02-20 00:00:00,102.696,102.722,102.56,102.584,45333,65174
2025-02-21 00:00:00,102.62,102.658,102.512,102.556,55453,70396
2025-02-24 00:00:00,102.58,102.67,102.472,102.552,56106,73720
2025-02-25 00:00:00,102.598,102.648,102.416,102.584,60037,79020
2025-02-26 00:00:00,102.604,102.658,102.534,102.566,48903,80478
2025-02-27 00:00:00,102.566,102.606,102.524,102.56,29899,82493
2025-02-28 00:00:00,102.56,102.608,102.486,102.6,33671,84492
2025-03-03 00:00:00,102.604,102.692,102.566,102.668,45112,85297
2025-03-04 00:00:00,102.686,102.704,102.58,102.606,34109,85615
2025-03-05 00:00:00,102.64,102.648,102.586,102.634,32607,84878
2025-03-06 00:00:00,102.59,102.606,102.524,102.55,34012,84205
2025-03-07 00:00:00,102.456,102.5,102.378,102.408,43487,85754
2025-03-10 00:00:00,102.314,102.46,102.314,102.428,29094,86969
2025-03-11 00:00:00,102.398,102.398,102.238,102.258,31503,87931
2025-03-12 00:00:00,102.24,102.396,102.218,102.384,46857,90995
2025-03-13 00:00:00,102.37,102.432,102.326,102.326,35384,92452
2025-03-14 00:00:00,102.298,102.398,102.246,102.346,45898,91577
2025-03-17 00:00:00,102.324,102.376,102.29,102.314,35355,90845
2025-03-18 00:00:00,102.34,102.464,102.332,102.384,56676,98534
2025-03-19 00:00:00,102.422,102.442,102.324,102.346,41368,95805
2025-03-20 00:00:00,102.384,102.436,102.362,102.412,34384,93448
2025-03-21 00:00:00,102.412,102.43,102.352,102.356,31023,94513
2025-03-24 00:00:00,102.35,102.396,102.31,102.388,32449,93614
2025-03-25 00:00:00,102.418,102.438,102.358,102.368,37429,94180
2025-03-26 00:00:00,102.354,102.472,102.354,102.462,37430,95653
2025-03-27 00:00:00,102.43,102.458,102.408,102.428,28220,94551
2025-03-28 00:00:00,102.412,102.48,102.404,102.446,33855,95571
2025-03-31 00:00:00,102.436,102.452,102.38,102.39,38526,96334
2025-04-01 00:00:00,102.39,102.4,102.336,102.346,29815,96496
2025-04-02 00:00:00,102.338,102.398,102.334,102.394,33901,98280
2025-04-03 00:00:00,102.466,102.56,102.434,102.532,48662,99013
2025-04-07 00:00:00,102.64,102.694,102.598,102.676,49929,100830
2025-04-08 00:00:00,102.642,102.66,102.568,102.576,34607,101334
2025-04-09 00:00:00,102.6,102.816,102.58,102.682,57082,108388
2025-04-10 00:00:00,102.658,102.74,102.626,102.702,43868,112006
2025-04-11 00:00:00,102.74,102.762,102.62,102.64,36615,113820
2025-04-14 00:00:00,102.638,102.638,102.568,102.59,34486,113252
2025-04-15 00:00:00,102.594,102.6,102.516,102.544,26828,112419
2025-04-16 00:00:00,102.552,102.588,102.504,102.562,28879,111853
2025-04-17 00:00:00,102.57,102.586,102.472,102.49,31161,112255
2025-04-18 00:00:00,102.486,102.502,102.422,102.432,35286,107950
2025-04-21 00:00:00,102.434,102.434,102.364,102.38,35298,102991
2025-04-22 00:00:00,102.39,102.414,102.38,102.402,23837,101641
2025-04-23 00:00:00,102.36,102.396,102.312,102.368,41100,94760
2025-04-24 00:00:00,102.388,102.41,102.312,102.318,30169,94343
2025-04-25 00:00:00,102.33,102.39,102.282,102.284,38942,95758
2025-04-28 00:00:00,102.288,102.356,102.28,102.32,33165,94570
2025-04-29 00:00:00,102.336,102.374,102.316,102.332,34240,93075
2025-04-30 00:00:00,102.312,102.388,102.31,102.366,32297,93248
2025-05-06 00:00:00,102.356,102.392,102.306,102.308,28361,93460
2025-05-07 00:00:00,102.35,102.37,102.302,102.308,40388,89974
2025-05-08 00:00:00,102.338,102.386,102.322,102.362,35940,86898
2025-05-09 00:00:00,102.4,102.418,102.338,102.346,36672,83153
2025-05-12 00:00:00,102.312,102.382,102.232,102.276,48586,74392
2025-05-13 00:00:00,102.29,102.36,102.29,102.346,37858,67208
2025-05-14 00:00:00,102.518,102.518,102.412,102.42,28834,76865
2025-05-15 00:00:00,102.41,102.438,102.372,102.404,33587,78738
2025-05-16 00:00:00,102.384,102.388,102.342,102.382,48166,83855
2025-05-19 00:00:00,102.38,102.414,102.336,102.384,48335,87939
2025-05-20 00:00:00,102.41,102.46,102.348,102.358,41104,94660
2025-05-21 00:00:00,102.364,102.39,102.35,102.38,30261,96325
2025-05-22 00:00:00,102.4,102.418,102.354,102.366,34274,100554
2025-05-23 00:00:00,102.38,102.418,102.342,102.408,29550,101124
2025-05-26 00:00:00,102.416,102.436,102.392,102.43,31127,102629
2025-05-27 00:00:00,102.442,102.442,102.4,102.408,32028,104798
2025-05-28 00:00:00,102.412,102.414,102.388,102.4,27085,106440
2025-05-29 00:00:00,102.39,102.392,102.344,102.346,32722,110993
2025-05-30 00:00:00,102.372,102.424,102.366,102.396,34427,111638
2025-06-03 00:00:00,102.386,102.388,102.35,102.352,37274,115402
2025-06-04 00:00:00,102.372,102.416,102.36,102.396,31202,114335
2025-06-05 00:00:00,102.38,102.468,102.38,102.43,49003,116473
2025-06-06 00:00:00,102.47,102.508,102.442,102.452,34876,117087
2025-06-09 00:00:00,102.45,102.476,102.428,102.448,35286,117994
2025-06-10 00:00:00,102.452,102.46,102.43,102.442,25053,118657
2025-06-11 00:00:00,102.452,102.46,102.438,102.456,23987,119103
2025-06-12 00:00:00,102.456,102.46,102.422,102.444,28857,118548
2025-06-13 00:00:00,102.446,102.47,102.438,102.464,33113,119112
2025-06-16 00:00:00,102.476,102.484,102.454,102.466,24997,117711
2025-06-17 00:00:00,102.472,102.544,102.464,102.54,43258,120903
2025-06-18 00:00:00,102.582,102.582,102.51,102.544,27708,122180
2025-06-19 00:00:00,102.56,102.562,102.516,102.526,29365,121064
2025-06-20 00:00:00,102.508,102.566,102.508,102.544,26760,119648
2025-06-23 00:00:00,102.546,102.554,102.516,102.53,26683,120157
2025-06-24 00:00:00,102.51,102.546,102.494,102.504,27094,118582
2025-06-25 00:00:00,102.51,102.54,102.498,102.512,33255,118248
2025-06-26 00:00:00,102.51,102.534,102.502,102.51,24312,118869
2025-06-27 00:00:00,102.516,102.558,102.51,102.542,37274,119465
2025-06-30 00:00:00,102.542,102.542,102.492,102.498,36240,117582
2025-07-01 00:00:00,102.498,102.516,102.47,102.488,37498,116296
2025-07-02 00:00:00,102.49,102.512,102.488,102.512,24944,115595
2025-07-03 00:00:00,102.52,102.524,102.492,102.514,24843,115715
2025-07-04 00:00:00,102.51,102.522,102.504,102.508,26187,117199
2025-07-07 00:00:00,102.512,102.522,102.486,102.502,35462,115517
2025-07-08 00:00:00,102.492,102.5,102.462,102.466,34046,114852
2025-07-09 00:00:00,102.472,102.48,102.442,102.464,34471,115395
2025-07-10 00:00:00,102.466,102.466,102.41,102.414,42333,115251
2025-07-11 00:00:00,102.404,102.424,102.398,102.416,37286,114833
2025-07-14 00:00:00,102.36,102.41,102.36,102.38,33115,114627
2025-07-15 00:00:00,102.396,102.428,102.386,102.418,32348,114560
2025-07-16 00:00:00,102.428,102.44,102.418,102.424,25493,113842
2025-07-17 00:00:00,102.428,102.446,102.42,102.44,26742,113254
2025-07-18 00:00:00,102.436,102.444,102.42,102.434,22678,113080
2025-07-21 00:00:00,102.408,102.426,102.402,102.42,31667,111833
2025-07-22 00:00:00,102.42,102.442,102.408,102.408,35381,109371
2025-07-23 00:00:00,102.39,102.398,102.342,102.38,46570,107064
2025-07-24 00:00:00,102.366,102.366,102.3,102.304,55229,106090
2025-07-25 00:00:00,102.3,102.35,102.292,102.31,51371,104154
2025-07-28 00:00:00,102.336,102.374,102.33,102.362,43197,101434
2025-07-29 00:00:00,102.362,102.362,102.288,102.302,40325,98505
2025-07-30 00:00:00,102.31,102.358,102.3,102.336,38836,98577
2025-07-31 00:00:00,102.362,102.368,102.344,102.352,32979,96632
2025-08-01 00:00:00,102.346,102.372,102.322,102.348,30691,95014
2025-08-04 00:00:00,102.384,102.414,102.344,102.352,36387,90529
2025-08-05 00:00:00,102.358,102.366,102.342,102.348,30573,88731
2025-08-06 00:00:00,102.348,102.4,102.342,102.37,27216,86480
2025-08-07 00:00:00,102.39,102.402,102.364,102.374,31989,83781
2025-08-08 00:00:00,102.392,102.406,102.36,102.384,26388,82081
2025-08-11 00:00:00,102.374,102.378,102.344,102.364,34103,78794
2025-08-12 00:00:00,102.36,102.36,102.314,102.338,34415,77237
2025-08-13 00:00:00,102.34,102.384,102.336,102.368,39500,71681
2025-08-14 00:00:00,102.368,102.376,102.332,102.348,39613,68736
2025-08-15 00:00:00,102.35,102.366,102.342,102.346,33730,65958
2025-08-18 00:00:00,102.32,102.32,102.254,102.304,46079,61412
2025-08-19 00:00:00,102.314,102.338,102.296,102.332,42838,53013
2025-08-20 00:00:00,102.35,102.52,102.308,102.326,48745,42675
2025-08-21 00:00:00,102.3,102.354,102.3,102.348,28475,55091
2025-08-22 00:00:00,102.34,102.362,102.312,102.322,31183,60027
2025-08-25 00:00:00,102.312,102.42,102.304,102.416,43392,63253
2025-08-26 00:00:00,102.416,102.418,102.364,102.4,32930,64796
2025-08-27 00:00:00,102.4,102.41,102.364,102.406,27789,65408
2025-08-28 00:00:00,102.412,102.412,102.36,102.37,27564,64779
2025-08-29 00:00:00,102.374,102.432,102.37,102.418,33435,66599
2025-09-01 00:00:00,102.408,102.438,102.39,102.436,25178,67204
2025-09-02 00:00:00,102.43,102.442,102.404,102.412,21492,65927
2025-09-03 00:00:00,102.42,102.454,102.418,102.448,25604,67729
2025-09-04 00:00:00,102.454,102.48,102.426,102.432,31545,68716
2025-09-05 00:00:00,102.426,102.428,102.376,102.394,32921,66806
2025-09-08 00:00:00,102.39,102.412,102.346,102.396,38703,66797
2025-09-09 00:00:00,102.386,102.402,102.378,102.378,27581,66366
2025-09-10 00:00:00,102.384,102.384,102.336,102.35,31051,66548
2025-09-11 00:00:00,102.354,102.436,102.346,102.41,35011,66729
2025-09-12 00:00:00,102.41,102.41,102.352,102.38,34239,65144
2025-09-15 00:00:00,102.366,102.39,102.348,102.376,24122,66544
2025-09-16 00:00:00,102.36,102.43,102.342,102.414,43740,71651
2025-09-17 00:00:00,102.406,102.46,102.388,102.456,38558,72319
2025-09-18 00:00:00,102.438,102.448,102.4,102.41,34264,70060
2025-09-19 00:00:00,102.42,102.42,102.34,102.364,35797,68220
2025-09-22 00:00:00,102.37,102.404,102.358,102.398,28858,69343
2025-09-23 00:00:00,102.394,102.394,102.338,102.346,38495,67845
2025-09-24 00:00:00,102.34,102.414,102.312,102.322,32836,68352
2025-09-25 00:00:00,102.306,102.326,102.268,102.314,39540,69740
2025-09-26 00:00:00,102.314,102.358,102.314,102.342,32311,68972
2025-09-29 00:00:00,102.35,102.372,102.322,102.326,26973,68078
2025-09-30 00:00:00,102.32,102.396,102.316,102.372,29604,66797
2025-10-09 00:00:00,102.36,102.426,102.36,102.394,29898,67041
2025-10-10 00:00:00,102.41,102.41,102.344,102.354,30556,66016
2025-10-13 00:00:00,102.39,102.396,102.352,102.37,31658,65877
2025-10-14 00:00:00,102.354,102.4,102.336,102.384,32167,65965
2025-10-15 00:00:00,102.382,102.384,102.354,102.382,24518,65302
2025-10-16 00:00:00,102.382,102.394,102.362,102.362,26753,65806
2025-10-17 00:00:00,102.362,102.388,102.36,102.378,23759,66127
2025-10-20 00:00:00,102.37,102.372,102.332,102.334,30665,66838
2025-10-21 00:00:00,102.334,102.374,102.328,102.372,25832,68457
2025-10-22 00:00:00,102.372,102.376,102.34,102.358,24145,67207
2025-10-23 00:00:00,102.362,102.382,102.332,102.336,32327,67474
2025-10-24 00:00:00,102.336,102.348,102.33,102.332,26194,67172
2025-10-27 00:00:00,102.326,102.392,102.322,102.388,29975,67050
2025-10-28 00:00:00,102.416,102.484,102.416,102.466,39423,68940
2025-10-29 00:00:00,102.466,102.6,102.464,102.576,56118,71222
2025-10-30 00:00:00,102.566,102.586,102.548,102.554,33991,73541
2025-10-31 00:00:00,102.558,102.57,102.534,102.544,30841,72375
2025-11-03 00:00:00,102.54,102.546,102.496,102.516,24640,71166
2025-11-04 00:00:00,102.504,102.512,102.478,102.498,19329,70457
2025-11-05 00:00:00,102.522,102.522,102.474,102.484,18650,68692
2025-11-06 00:00:00,102.49,102.51,102.452,102.496,27505,69586
2025-11-07 00:00:00,102.5,102.51,102.464,102.47,26289,68065
2025-11-10 00:00:00,102.458,102.486,102.456,102.468,24929,67365
2025-11-11 00:00:00,102.476,102.482,102.454,102.462,28422,65702
2025-11-12 00:00:00,102.46,102.484,102.454,102.472,20087,64193
2025-11-13 00:00:00,102.46,102.478,102.458,102.462,19118,61292
2025-11-14 00:00:00,102.468,102.474,102.438,102.454,35578,54538
2025-11-17 00:00:00,102.438,102.49,102.438,102.48,32335,53201
2025-11-18 00:00:00,102.476,102.498,102.466,102.49,34723,50246
2025-11-19 00:00:00,102.486,102.488,102.456,102.462,28995,42295
2025-11-20 00:00:00,102.466,102.486,102.448,102.462,38948,33386
2025-11-21 00:00:00,102.428,102.434,102.39,102.41,29404,49655
2025-11-24 00:00:00,102.43,102.43,102.39,102.418,35982,57546
2025-11-25 00:00:00,102.408,102.434,102.4,102.422,33194,61793
2025-11-26 00:00:00,102.41,102.42,102.366,102.37,36107,61496
2025-11-27 00:00:00,102.388,102.402,102.354,102.39,29291,62593
2025-11-28 00:00:00,102.41,102.41,102.362,102.378,29517,63398
2025-12-01 00:00:00,102.37,102.416,102.362,102.412,29354,62472
2025-12-02 00:00:00,102.42,102.428,102.388,102.388,29140,62248
2025-12-03 00:00:00,102.39,102.428,102.39,102.42,25822,63278
2025-12-04 00:00:00,102.408,102.424,102.362,102.368,41390,65092
2025-12-05 00:00:00,102.372,102.418,102.372,102.418,30893,62402
2025-12-08 00:00:00,102.42,102.432,102.39,102.412,37890,63621
2025-12-09 00:00:00,102.43,102.434,102.41,102.43,30157,64994
2025-12-10 00:00:00,102.424,102.468,102.416,102.456,36879,70758
2025-12-11 00:00:00,102.476,102.496,102.47,102.474,35382,72851
2025-12-12 00:00:00,102.494,102.498,102.446,102.464,33277,72759
2025-12-15 00:00:00,102.46,102.486,102.43,102.454,36811,75038
2025-12-16 00:00:00,102.454,102.46,102.414,102.426,34784,73564
2025-12-17 00:00:00,102.432,102.444,102.414,102.434,24444,72620
2025-12-18 00:00:00,102.436,102.46,102.426,102.442,33544,73476
2025-12-19 00:00:00,102.454,102.496,102.446,102.49,32602,75908
2025-12-22 00:00:00,102.488,102.492,102.452,102.464,35943,76460
2025-12-23 00:00:00,102.462,102.54,102.462,102.526,35332,78913
2025-12-24 00:00:00,102.512,102.532,102.502,102.526,26501,78530
2025-12-25 00:00:00,102.532,102.542,102.51,102.51,30026,78241
2025-12-26 00:00:00,102.516,102.57,102.49,102.548,34738,79076
2025-12-29 00:00:00,102.556,102.556,102.46,102.476,44357,76590
2025-12-30 00:00:00,102.486,102.5,102.466,102.486,41373,76130
2025-12-31 00:00:00,102.482,102.49,102.422,102.454,39159,74199
2026-01-05 00:00:00,102.452,102.462,102.412,102.414,39503,74128
2026-01-06 00:00:00,102.402,102.402,102.36,102.366,43835,72700
2026-01-07 00:00:00,102.358,102.37,102.318,102.332,50979,69861
2026-01-08 00:00:00,102.35,102.368,102.324,102.358,38830,68972
2026-01-09 00:00:00,102.354,102.36,102.332,102.336,28154,69093
2026-01-12 00:00:00,102.35,102.368,102.308,102.34,37294,70788
2026-01-13 00:00:00,102.338,102.344,102.316,102.33,31235,72809
2026-01-14 00:00:00,102.33,102.348,102.316,102.334,29841,72512
2026-01-15 00:00:00,102.358,102.404,102.328,102.376,38533,71517
2026-01-16 00:00:00,102.37,102.416,102.352,102.396,33919,70153
2026-01-19 00:00:00,102.4,102.42,102.39,102.4,23651,69553
2026-01-20 00:00:00,102.396,102.452,102.368,102.444,29819,70296
2026-01-21 00:00:00,102.46,102.46,102.414,102.43,25032,69242
2026-01-22 00:00:00,102.412,102.436,102.402,102.408,25962,68844
2026-01-23 00:00:00,102.4,102.434,102.4,102.418,23439,69096
2026-01-26 00:00:00,102.424,102.428,102.382,102.392,29013,67591
2026-01-27 00:00:00,102.382,102.41,102.368,102.386,27089,66869
2026-01-28 00:00:00,102.37,102.4,102.37,102.394,31932,67436
2026-01-29 00:00:00,102.416,102.418,102.384,102.394,27838,66047
2026-01-30 00:00:00,102.394,102.402,102.386,102.394,27498,66252
2026-02-02 00:00:00,102.4,102.404,102.378,102.39,33674,63614
2026-02-03 00:00:00,102.374,102.42,102.374,102.414,32791,61998
2026-02-04 00:00:00,102.418,102.42,102.386,102.398,35831,61284
2026-02-05 00:00:00,102.392,102.438,102.392,102.434,30101,58625
2026-02-06 00:00:00,102.436,102.45,102.418,102.45,26902,56178
2026-02-09 00:00:00,102.422,102.49,102.422,102.484,37563,53170
2026-02-10 00:00:00,102.498,102.498,102.466,102.482,34311,49256
2026-02-11 00:00:00,102.504,102.504,102.462,102.472,41885,43565
2026-02-12 00:00:00,102.456,102.49,102.456,102.458,43644,34819
2026-02-13 00:00:00,102.502,102.52,102.476,102.496,24347,43243
2026-02-24 00:00:00,102.496,102.528,102.458,102.524,40337,57211
2026-02-25 00:00:00,102.52,102.54,102.458,102.458,59254,64682
2026-02-26 00:00:00,102.446,102.466,102.426,102.432,30257,65477
2026-02-27 00:00:00,102.434,102.462,102.424,102.456,26718,66060
2026-03-02 00:00:00,102.462,102.47,102.444,102.464,23875,64360
2026-03-03 00:00:00,102.464,102.478,102.452,102.47,24625,66908
2026-03-04 00:00:00,102.47,102.526,102.47,102.518,35956,68744
2026-03-05 00:00:00,102.512,102.538,102.494,102.502,34487,70165
2026-03-06 00:00:00,102.502,102.516,102.494,102.496,29119,71117
2026-03-09 00:00:00,102.48,102.498,102.45,102.46,39934,70785
2026-03-10 00:00:00,102.466,102.474,102.448,102.46,28465,70771
2026-03-11 00:00:00,102.46,102.47,102.446,102.45,28051,71442
2026-03-12 00:00:00,102.448,102.478,102.442,102.474,27647,71840
2026-03-13 00:00:00,102.476,102.478,102.454,102.466,24591,72240
2026-03-16 00:00:00,102.466,102.466,102.424,102.432,37358,75792
2026-03-17 00:00:00,102.436,102.466,102.436,102.46,31132,75280
2026-03-18 00:00:00,102.464,102.502,102.46,102.5,39291,74784
2026-03-19 00:00:00,102.496,102.536,102.486,102.53,43788,75768
2026-03-20 00:00:00,102.528,102.534,102.508,102.524,38457,77167
2026-03-23 00:00:00,102.52,102.532,102.482,102.502,52048,74236
2026-03-24 00:00:00,102.51,102.51,102.466,102.478,45045,74893
2026-03-25 00:00:00,102.482,102.498,102.474,102.49,32899,73526
2026-03-26 00:00:00,102.494,102.514,102.482,102.51,29546,71708
2026-03-27 00:00:00,102.514,102.52,102.5,102.514,26621,71219
2026-03-30 00:00:00,102.516,102.548,102.516,102.544,42326,76359
2026-03-31 00:00:00,102.544,102.546,102.516,102.538,36912,76741
2026-04-01 00:00:00,102.526,102.548,102.492,102.496,48784,76314
2026-04-02 00:00:00,102.492,102.51,102.472,102.506,45425,72948
2026-04-03 00:00:00,102.512,102.532,102.482,102.498,39369,73238
2026-04-07 00:00:00,102.496,102.508,102.476,102.488,35134,73824
2026-04-08 00:00:00,102.478,102.49,102.464,102.484,36876,74686
2026-04-09 00:00:00,102.49,102.5,102.454,102.492,49194,74516
2026-04-10 00:00:00,102.496,102.504,102.458,102.482,52685,75519
2026-04-13 00:00:00,102.486,102.516,102.482,102.51,43053,77560
2026-04-14 00:00:00,102.512,102.528,102.476,102.524,46775,79550
2026-04-15 00:00:00,102.516,102.556,102.512,102.556,51418,84070
2026-04-16 00:00:00,102.572,102.572,102.534,102.548,49891,84401
2026-04-17 00:00:00,102.54,102.576,102.54,102.574,44057,85703
2026-04-20 00:00:00,102.578,102.578,102.55,102.562,43296,83517
2026-04-21 00:00:00,102.568,102.574,102.55,102.572,29046,85292
2026-04-22 00:00:00,102.576,102.602,102.564,102.596,31707,89042
2026-04-23 00:00:00,102.594,102.608,102.576,102.596,41441,86564
2026-04-24 00:00:00,102.598,102.636,102.59,102.596,50856,90844
2026-04-27 00:00:00,102.588,102.6,102.544,102.548,50729,90724
2026-04-28 00:00:00,102.562,102.58,102.558,102.566,37829,90306
2026-04-29 00:00:00,102.576,102.588,102.554,102.586,35606,87428
2026-04-30 00:00:00,102.578,102.59,102.552,102.566,36821,86563
2026-05-06 00:00:00,102.552,102.552,102.512,102.534,54598,84368
2026-05-07 00:00:00,102.52,102.544,102.512,102.536,35781,82534
2026-05-08 00:00:00,102.538,102.556,102.534,102.546,42184,80206
2026-05-11 00:00:00,102.544,102.564,102.528,102.556,44431,76548
2026-05-12 00:00:00,102.554,102.564,102.538,102.558,39915,72491
2026-05-13 00:00:00,102.55,102.594,102.55,102.586,48965,70043
2026-05-14 00:00:00,102.582,102.59,102.568,102.582,37513,68380
2026-05-15 00:00:00,102.59,102.626,102.582,102.608,50927,69048
2026-05-18 00:00:00,102.608,102.654,102.584,102.648,49732,65869
2026-05-19 00:00:00,102.654,102.674,102.642,102.666,40303,63957
2026-05-20 00:00:00,102.66,102.69,102.658,102.688,35108,60888
2026-05-21 00:00:00,102.684,102.696,102.654,102.668,56202,53884
2026-05-22 00:00:00,102.66,102.666,102.636,102.652,43947,46664
2026-05-25 00:00:00,102.582,102.608,102.566,102.608,42022,59615
2026-05-26 00:00:00,102.612,102.632,102.598,102.616,52686,71643
2026-05-27 00:00:00,102.622,102.644,102.62,102.632,38104,76018
2026-05-28 00:00:00,102.636,102.654,102.62,102.644,37692,78808
2026-05-29 00:00:00,102.638,102.658,102.616,102.646,41446,81056
2026-06-01 00:00:00,102.65,102.662,102.626,102.648,42414,81392
2026-06-02 00:00:00,102.642,102.664,102.634,102.66,35983,84882
2026-06-03 00:00:00,102.65,102.654,102.618,102.636,42859,84446
2026-06-04 00:00:00,102.63,102.648,102.608,102.648,40146,84629
2026-06-05 00:00:00,102.638,102.638,102.606,102.63,44962,85476
2026-06-08 00:00:00,102.62,102.622,102.582,102.614,45731,83115
2026-06-09 00:00:00,102.612,102.612,102.584,102.6,40901,83719
2026-06-10 00:00:00,102.606,102.622,102.552,102.554,50644,81983
2026-06-11 00:00:00,102.554,102.572,102.53,102.532,51782,80268
2026-06-12 00:00:00,102.54,102.546,102.508,102.532,45728,78557
2026-06-15 00:00:00,102.53,102.55,102.51,102.536,53690,76725
2026-06-16 00:00:00,102.534,102.592,102.524,102.582,48234,75205
2026-06-17 00:00:00,102.576,102.594,102.568,102.584,40381,75147
2026-06-18 00:00:00,102.588,102.62,102.582,102.62,39265,77177
2026-06-22 00:00:00,102.624,102.626,102.598,102.618,47490,76843
2026-06-23 00:00:00,102.618,102.62,102.584,102.59,43808,76311
2026-06-24 00:00:00,102.582,102.616,102.582,102.608,31214,77408
2026-06-25 00:00:00,102.614,102.644,102.61,102.61,43599,79574
2026-06-26 00:00:00,102.628,102.642,102.61,102.638,42006,82194
2026-06-29 00:00:00,102.654,102.68,102.646,102.666,41778,84438
2026-06-30 00:00:00,102.676,102.678,102.644,102.652,44055,85974
2026-07-01 00:00:00,102.644,102.65,102.588,102.594,52474,85136
2026-07-02 00:00:00,102.586,102.626,102.586,102.616,35898,82430
2026-07-03 00:00:00,102.62,102.634,102.612,102.626,48109,81934
